id_registro,titulo,url,fecha_publicacion,resumen,consulta,fuente_descubrimiento,fecha_scraping
news_00001,Sellan huecos en puentes peatonales que eran utilizados para el tráfico de droga - Bogota.gov.co,https://news.google.com/rss/articles/CBMisAFBVV95cUxOUWgzajJ0ZXY1WjJWRjdYUUd6WmNOYVhIY2RtVl8xekpwZU95UHJkMzlYWVpuVWw5UERMR3Y1U3FfbUhlbTNCY0E3ZmU2QWh5U3NMNmVnUnBIUXJ0MHdHb0lMQ01lY0h3ZG1fMzRXQjlKTUN2enJvZWU4X1g0V2cycmg1bUNSNFFCa1ktUHNEbTNJeklIQUZON1p4SnduZHVuN3N4bDdleGNBOXZlOGd5OQ?oc=5,"Fri, 18 Sep 2026 17:10:11 GMT","<a href=""https://news.google.com/rss/articles/CBMisAFBVV95cUxOUWgzajJ0ZXY1WjJWRjdYUUd6WmNOYVhIY2RtVl8xekpwZU95UHJkMzlYWVpuVWw5UERMR3Y1U3FfbUhlbTNCY0E3ZmU2QWh5U3NMNmVnUnBIUXJ0MHdHb0lMQ01lY0h3ZG1fMzRXQjlKTUN2enJvZWU4X1g0V2cycmg1bUNSNFFCa1ktUHNEbTNJeklIQUZON1p4SnduZHVuN3N4bDdleGNBOXZlOGd5OQ?oc=5"" target=""_blank"">Sellan huecos en puentes peatonales que eran utilizados para el tráfico de droga</a>&nbsp;&nbsp;<font color=""#6f6f6f"">Bogota.gov.co</font>","""huecos"" Bogotá",Google News RSS,2026-09-21T11:45:27-05:00
news_00002,Ya se han tapado más de 200 mil huecos en los barrios de Bogotá - Caracol Radio,https://news.google.com/rss/articles/CBMinwFBVV95cUxNSHdhNXUwbHg0Y3FlcTI1Wm11QzVRNGhaeGZmb0ROQkk3RVN4QTdXbWJnZFhqa0hmbnFuNkZuS2FMb1NhcVNxV0QzOHdCODExWFpERE51QTROREZXSEZqSmJFOTc0eTgtRXl1SE5vZ0ZYVXZkQjZWVGhSa2M1ZVI5NFZCTFFjVy1rY3pMU2RJQ1FKRjJuSHlhcHRXT1A0U2fSAbMBQVVfeXFMUEVQVzg0Ujg5TGI3QjIxNW50UWpqZlFPVVU3bV9mdy1JZHRnbXlvQjFicFJlZFVkRkd4MU04VDRNMWJPSjgxdWlXTFFTWkptUE9DQ3p2SmNFRzNQNS1Ydi0zSHQyLUpRaENhVnlfZFhTNnIzbk9Sdjd4N2MwdTFLZjNHVVdZbXFReWNwdUQ3T3FoMHo2UlY5dUxQUFVLRGNzaVZ5TWpEdE1PdW54QnFKSzRDTEE?oc=5,"Wed, 18 Mar 2026 07:00:00 GMT","<a href=""https://news.google.com/rss/articles/CBMinwFBVV95cUxNSHdhNXUwbHg0Y3FlcTI1Wm11QzVRNGhaeGZmb0ROQkk3RVN4QTdXbWJnZFhqa0hmbnFuNkZuS2FMb1NhcVNxV0QzOHdCODExWFpERE51QTROREZXSEZqSmJFOTc0eTgtRXl1SE5vZ0ZYVXZkQjZWVGhSa2M1ZVI5NFZCTFFjVy1rY3pMU2RJQ1FKRjJuSHlhcHRXT1A0U2fSAbMBQVVfeXFMUEVQVzg0Ujg5TGI3QjIxNW50UWpqZlFPVVU3bV9mdy1JZHRnbXlvQjFicFJlZFVkRkd4MU04VDRNMWJPSjgxdWlXTFFTWkptUE9DQ3p2SmNFRzNQNS1Ydi0zSHQyLUpRaENhVnlfZFhTNnIzbk9Sdjd4N2MwdTFLZjNHVVdZbXFReWNwdUQ3T3FoMHo2UlY5dUxQUFVLRGNzaVZ5TWpEdE1PdW54QnFKSzRDTEE?oc=5"" target=""_blank"">Ya se han tapado más de 200 mil huecos en los barrios de Bogotá</a>&nbsp;&nbsp;<font color=""#6f6f6f"">Caracol Radio</font>","""huecos"" Bogotá",Google News RSS,2026-09-21T11:45:27-05:00
news_00003,Más de 1.400 personas han muerto por siniestros asociados a huecos y al mal estado de las vías durante la administración Galán - Concejo de Bogotá,https://news.google.com/rss/articles/CBMizAFBVV95cUxOTmNyV3pBZklNb1JWZnhpd3Nkdldtck5XR1pkZXN0empwSkxLZ2FpZUZxYnhhdUUtY1JPYTlTZE55YkphNkJfVzNGQUhFR0x1TFFNV1JLNWEwU2p6clhkdENpTFMwSURvMDJtSVVLYjNGRS1ER1BwTFhPVktmdEVaN0dyelVJcVlXT2lEOXBHdnlSUVFVNGtUcmgtRGhERW1CSFE3VzBJLUVXME91d3E4bEtlQ0hwaGNMZEZlSXFjMmExRldBM01PRHJxR24?oc=5,"Thu, 23 Jul 2026 07:00:00 GMT","<a href=""https://news.google.com/rss/articles/CBMizAFBVV95cUxOTmNyV3pBZklNb1JWZnhpd3Nkdldtck5XR1pkZXN0empwSkxLZ2FpZUZxYnhhdUUtY1JPYTlTZE55YkphNkJfVzNGQUhFR0x1TFFNV1JLNWEwU2p6clhkdENpTFMwSURvMDJtSVVLYjNGRS1ER1BwTFhPVktmdEVaN0dyelVJcVlXT2lEOXBHdnlSUVFVNGtUcmgtRGhERW1CSFE3VzBJLUVXME91d3E4bEtlQ0hwaGNMZEZlSXFjMmExRldBM01PRHJxR24?oc=5"" target=""_blank"">Más de 1.400 personas han muerto por siniestros asociados a huecos y al mal estado de las vías durante la administración Galán</a>&nbsp;&nbsp;<font color=""#6f6f6f"">Concejo de Bogotá</font>","""huecos"" Bogotá",Google News RSS,2026-09-21T11:45:27-05:00
news_00004,"Huecos en Bogotá dejan 1.409 muertes durante la administración Galán: motociclistas, los más afectados por el mal estado vial - Infobae",https://news.google.com/rss/articles/CBMi-wFBVV95cUxQTjFGQ0hmVzd3VWZXMm1JYlNabU0tVDVETEtKQk55cUYzTFR6UHpqQnhreC1hRkg1eWRQakYxT2lMRHYwYks1VWJxQ3JtUWZpLS1KMlRuUDBXb0p1Tm9ybHJ2cmZJN1F2bE9yQnVILW5kQTRRYWp3MmI1YnA0WkpNV01zYUlkWC1Sa1Bqc05jcmZkaU5reEFPQl9Cb1RjcHFaeVJVTWpTbXV4dHpFMTBLd1l2UUd0WUcxTVRaT3NRQ1pRWXdWN1hlbUJJWXFBNkdCSXZsczdLUGNKUEg0TURINWp6d1NDX1hDSTBhUkpmZGhqYURxNzAxVkFjVdIBlgJBVV95cUxQN1J6Y0JJVWhKQ0FFaVkzWXloSm1nVERld21nc21jNlFMQU91OTBlMm0xX2NzOUhab2NnbDRjSFQyQ09rWXJBM3ViblF3cGszWTZybk5ZSmVLRzJmLWhHc3Zuc2JtdnRrRVZRUE8zZUxyQnZ5U0tEU0xwUlNhdFlTWi1KRVIyTHp4ZWhpWVFKYTUxeUtMQ3puM1F1dExZcEdKT1EteERkZGk4b2Y5d0hkTVZuSEJaLThGeGp0cjczTEJkWmtyY0JzdlVYcnNpUHBGUngza1BYY09CNFMwQmRCcEFXVHFQOER1MFJZOFhXV2QtMGdyUHd2NWlFWHpReGRhaGtIaWd2OWpZVTFuT1ptbGMwOXBaQQ?oc=5,"Thu, 23 Jul 2026 07:00:00 GMT","<a href=""https://news.google.com/rss/articles/CBMi-wFBVV95cUxQTjFGQ0hmVzd3VWZXMm1JYlNabU0tVDVETEtKQk55cUYzTFR6UHpqQnhreC1hRkg1eWRQakYxT2lMRHYwYks1VWJxQ3JtUWZpLS1KMlRuUDBXb0p1Tm9ybHJ2cmZJN1F2bE9yQnVILW5kQTRRYWp3MmI1YnA0WkpNV01zYUlkWC1Sa1Bqc05jcmZkaU5reEFPQl9Cb1RjcHFaeVJVTWpTbXV4dHpFMTBLd1l2UUd0WUcxTVRaT3NRQ1pRWXdWN1hlbUJJWXFBNkdCSXZsczdLUGNKUEg0TURINWp6d1NDX1hDSTBhUkpmZGhqYURxNzAxVkFjVdIBlgJBVV95cUxQN1J6Y0JJVWhKQ0FFaVkzWXloSm1nVERld21nc21jNlFMQU91OTBlMm0xX2NzOUhab2NnbDRjSFQyQ09rWXJBM3ViblF3cGszWTZybk5ZSmVLRzJmLWhHc3Zuc2JtdnRrRVZRUE8zZUxyQnZ5U0tEU0xwUlNhdFlTWi1KRVIyTHp4ZWhpWVFKYTUxeUtMQ3puM1F1dExZcEdKT1EteERkZGk4b2Y5d0hkTVZuSEJaLThGeGp0cjczTEJkWmtyY0JzdlVYcnNpUHBGUngza1BYY09CNFMwQmRCcEFXVHFQOER1MFJZOFhXV2QtMGdyUHd2NWlFWHpReGRhaGtIaWd2OWpZVTFuT1ptbGMwOXBaQQ?oc=5"" target=""_blank"">Huecos en Bogotá dejan 1.409 muertes durante la administración Galán: motociclistas, los más afectados por el mal estado vial</a>&nbsp;&nbsp;<font color=""#6f6f6f"">Infobae</font>","""huecos"" Bogotá",Google News RSS,2026-09-21T11:45:27-05:00
news_00005,RecWays: la app que “escanea” en tiempo real los huecos de Bogotá - El Espectador,https://news.google.com/rss/articles/CBMioAFBVV95cUxPZ2sxcW5adFYwTVFkaV8xWXlCTnFCTHktV2VqX1ZuWl94cnh5RWlLa1hFY2JjUzBqMEdYYnJkTERBd3c3YjRkeWl6M2ltSlU0NExlZkktcnoxZVh5eTFaTUhJX01ScGlMUUZtdDlHSzRhbXRPOEREbkhkY2djVWpTcWFEakxrR240MmwxN0RJLXJ4akc3VGN3V3FSSmJYUmxi0gG0AUFVX3lxTFAtRnhHYTJBQlU4RFpFUDZXaTFTdDVWV1h3UFpvVU9WajhuS0tEWEV2SElWUTdCbWUyYVhNV1FQMmR5OUdGZHV6N0RycGtuSW1CSUR4RXByNldLZ0d0RmZQZVUxWGlaalo3VkVIc3RGdDR5TUNOZkZqSll5cUZBRm1ibFlqbmE0cFJxR09CUnpERkNTQ2lfN3paNnZHTS1LOGVEN1hPdm5vY1pXWGphVW5MNnZ2Zg?oc=5,"Sun, 12 Apr 2026 07:00:00 GMT","<a href=""https://news.google.com/rss/articles/CBMioAFBVV95cUxPZ2sxcW5adFYwTVFkaV8xWXlCTnFCTHktV2VqX1ZuWl94cnh5RWlLa1hFY2JjUzBqMEdYYnJkTERBd3c3YjRkeWl6M2ltSlU0NExlZkktcnoxZVh5eTFaTUhJX01ScGlMUUZtdDlHSzRhbXRPOEREbkhkY2djVWpTcWFEakxrR240MmwxN0RJLXJ4akc3VGN3V3FSSmJYUmxi0gG0AUFVX3lxTFAtRnhHYTJBQlU4RFpFUDZXaTFTdDVWV1h3UFpvVU9WajhuS0tEWEV2SElWUTdCbWUyYVhNV1FQMmR5OUdGZHV6N0RycGtuSW1CSUR4RXByNldLZ0d0RmZQZVUxWGlaalo3VkVIc3RGdDR5TUNOZkZqSll5cUZBRm1ibFlqbmE0cFJxR09CUnpERkNTQ2lfN3paNnZHTS1LOGVEN1hPdm5vY1pXWGphVW5MNnZ2Zg?oc=5"" target=""_blank"">RecWays: la app que “escanea” en tiempo real los huecos de Bogotá</a>&nbsp;&nbsp;<font color=""#6f6f6f"">El Espectador</font>","""huecos"" Bogotá",Google News RSS,2026-09-21T11:45:27-05:00
news_00006,Se les acabó la ‘casa’ en Bogotá: sellan espacios bajo puentes usados para armar cambuches y vender droga - bogota.alerta.com.co,https://news.google.com/rss/articles/CBMirAFBVV95cUxQMWJwelFBMXZrWm16NnUxODJxRTZZTlp0ak1jVDkwbENsNTBXUFhxeUZ4clZETGdCenBldERaUHYxZ2dLenpjTEtZM2U5MXl2VDN0aXZzdmZfS3FPdzJVNE4yblpwQjc4TzhFSVd0cmtoNUItbklsUGpmTWFiNGJkdTNha1pfVC13U0ZxRVgwek5TUGF4OWpzUm1FRjBoc0R3Mk9zemRlOFRKcmJK0gGwAUFVX3lxTE9WdXZYWkVvN2lIeUtCaEhsT2psU3I0TUNnR24yc21VT2F2VVEyRlBSeXRGV05WREk1UHk4MnJfY3Y1RGdpOG44WFV6cmVlT09leDh1YVVYNWk4Tl9kNUlUOEY2NXA3aFJyT1k5cFo4cjFud3hadFUxVjJ0V3lQYzZuVGhpeE5aRE5QWEdYSGwyQ0NJNk9nLVRuemdSVm5FaGM0ZEVQNW5US1V1Q1RGbUF0?oc=5,"Mon, 14 Sep 2026 15:16:07 GMT","<a href=""https://news.google.com/rss/articles/CBMirAFBVV95cUxQMWJwelFBMXZrWm16NnUxODJxRTZZTlp0ak1jVDkwbENsNTBXUFhxeUZ4clZETGdCenBldERaUHYxZ2dLenpjTEtZM2U5MXl2VDN0aXZzdmZfS3FPdzJVNE4yblpwQjc4TzhFSVd0cmtoNUItbklsUGpmTWFiNGJkdTNha1pfVC13U0ZxRVgwek5TUGF4OWpzUm1FRjBoc0R3Mk9zemRlOFRKcmJK0gGwAUFVX3lxTE9WdXZYWkVvN2lIeUtCaEhsT2psU3I0TUNnR24yc21VT2F2VVEyRlBSeXRGV05WREk1UHk4MnJfY3Y1RGdpOG44WFV6cmVlT09leDh1YVVYNWk4Tl9kNUlUOEY2NXA3aFJyT1k5cFo4cjFud3hadFUxVjJ0V3lQYzZuVGhpeE5aRE5QWEdYSGwyQ0NJNk9nLVRuemdSVm5FaGM0ZEVQNW5US1V1Q1RGbUF0?oc=5"" target=""_blank"">Se les acabó la ‘casa’ en Bogotá: sellan espacios bajo puentes usados para armar cambuches y vender droga</a>&nbsp;&nbsp;<font color=""#6f6f6f"">bogota.alerta.com.co</font>","""huecos"" Bogotá",Google News RSS,2026-09-21T11:45:27-05:00
news_00007,Entrevista | La tecnología que podría cambiar la forma de detectar y reparar los huecos en Bogotá - Minuto60,https://news.google.com/rss/articles/CBMinwFBVV95cUxNNmdsU1hZTGlUV2pBdGVCOGc5eFhpaVZFMi1mOEhJWWs0amVYQlJJTlRvSVhQY05JNlYzbDV5XzFCamNtZkY5MXVQUmI5Vk13bHk4NUdrcmtPbGMwVFpSZmo0WkNvNGxUMGJXQnVrNThOeTR6bUpNQUVQQUlBUWt4Z3g2MEFhelZ5SkxnYzA1dUYyRGQtVFhMRU5DVC1VSzA?oc=5,"Wed, 02 Sep 2026 07:00:00 GMT","<a href=""https://news.google.com/rss/articles/CBMinwFBVV95cUxNNmdsU1hZTGlUV2pBdGVCOGc5eFhpaVZFMi1mOEhJWWs0amVYQlJJTlRvSVhQY05JNlYzbDV5XzFCamNtZkY5MXVQUmI5Vk13bHk4NUdrcmtPbGMwVFpSZmo0WkNvNGxUMGJXQnVrNThOeTR6bUpNQUVQQUlBUWt4Z3g2MEFhelZ5SkxnYzA1dUYyRGQtVFhMRU5DVC1VSzA?oc=5"" target=""_blank"">Entrevista | La tecnología que podría cambiar la forma de detectar y reparar los huecos en Bogotá</a>&nbsp;&nbsp;<font color=""#6f6f6f"">Minuto60</font>","""huecos"" Bogotá",Google News RSS,2026-09-21T11:45:27-05:00
news_00008,Fin a los huecos e inundaciones en el norte de Bogotá: habilitan por completo la calle 222 tras la intervención de 12.800 metros cuadrados - El Tiempo,https://news.google.com/rss/articles/CBMiiAJBVV95cUxPTi0zNGZZTmpIdXBVbkFvMEwtVGNtYklmTnF3dGcyYm9xZDFjdUVic1NYNkxPQnU3OFRnWEdrelNYSmVEd3ZhdEhjbG40SFFXQ0N5RVVyUTV5UmdJako2eHIzcUtwRjlqUzZqQlZuVHJ4enRmak5ZczhMbG13U1hjOHlMNmdVbk1NRUhET1dFbEkxbVNWX3BqcVdiZ0Y5V2hjclNEeXowVGhOYVJ3d2NzN0cycVFka2NwVWhFTGhrQzR3d1Z1NlJ1ZDB4MGE5MDY3ZVYzY2k5Smp5dGpIMkczN2M1bGM0ekwxNDFGUFBLdldMV19TMW5xbWxOVjJUcUl2SVpISzdwWnXSAY4CQVVfeXFMTjM2MEtCSGdWcXJCenVVMjVscjByU283MzFZanBfQTNHeUlYTmFySHd1dHh4YXk1d00ySE45aUVNWFBVcnlDZGRfaVY4TmhvcWM5UFVPZDdTb1RNNTFXOGZLdWVXSWx2ZzJtZ0w3cG5fRnNCZTFSMFdwcmE2bXdDNUdIWVpMTm1HQXFSdTVJTXNnSXBtRTlnMTdLNzJXdUhPaWt5U2t1MzNsbHNpWDk4V1pXa2lMWDlaaW1wdE5fMVlrTTZ5SzJucW5zMDhGcVpzb1hjVFlvbVNjT2dMX0Q2cVI5VFJPcnUxaElJcEpFOG5XQ0htZUdwdGQxTTNsTEZjNEp5NTU3WVlJeEtQdXVB?oc=5,"Sun, 17 May 2026 07:00:00 GMT","<a href=""https://news.google.com/rss/articles/CBMiiAJBVV95cUxPTi0zNGZZTmpIdXBVbkFvMEwtVGNtYklmTnF3dGcyYm9xZDFjdUVic1NYNkxPQnU3OFRnWEdrelNYSmVEd3ZhdEhjbG40SFFXQ0N5RVVyUTV5UmdJako2eHIzcUtwRjlqUzZqQlZuVHJ4enRmak5ZczhMbG13U1hjOHlMNmdVbk1NRUhET1dFbEkxbVNWX3BqcVdiZ0Y5V2hjclNEeXowVGhOYVJ3d2NzN0cycVFka2NwVWhFTGhrQzR3d1Z1NlJ1ZDB4MGE5MDY3ZVYzY2k5Smp5dGpIMkczN2M1bGM0ekwxNDFGUFBLdldMV19TMW5xbWxOVjJUcUl2SVpISzdwWnXSAY4CQVVfeXFMTjM2MEtCSGdWcXJCenVVMjVscjByU283MzFZanBfQTNHeUlYTmFySHd1dHh4YXk1d00ySE45aUVNWFBVcnlDZGRfaVY4TmhvcWM5UFVPZDdTb1RNNTFXOGZLdWVXSWx2ZzJtZ0w3cG5fRnNCZTFSMFdwcmE2bXdDNUdIWVpMTm1HQXFSdTVJTXNnSXBtRTlnMTdLNzJXdUhPaWt5U2t1MzNsbHNpWDk4V1pXa2lMWDlaaW1wdE5fMVlrTTZ5SzJucW5zMDhGcVpzb1hjVFlvbVNjT2dMX0Q2cVI5VFJPcnUxaElJcEpFOG5XQ0htZUdwdGQxTTNsTEZjNEp5NTU3WVlJeEtQdXVB?oc=5"" target=""_blank"">Fin a los huecos e inundaciones en el norte de Bogotá: habilitan por completo la calle 222 tras la intervención de 12.800 metros cuadrados</a>&nbsp;&nbsp;<font color=""#6f6f6f"">El Tiempo</font>","""huecos"" Bogotá",Google News RSS,2026-09-21T11:45:27-05:00
news_00009,Bogotá supera los 200.000 huecos tapados en los barrios durante la Alcaldía de Carlos Fernando Galán - Bogota.gov.co,https://news.google.com/rss/articles/CBMirAFBVV95cUxNQU9TUko3cFZid3dpR0FYT2d0MUxyU1dvWFJKTm5pbDJPMS1KRG56LURCVGtNSnBqQXdEdS0zN3FyVWUtN0pacXBaaXRnSmN2ZDdvOUp1bmhsMGFoSHJNOC02cU9ZV3VRVklBY1N3VGtBbGhNd08yNnpxNWVJTkREai1CX3FkdXhHbWhvVktIdjVVQ2tseVVCTEFyaXBvRzNsZFNXT0VHdXU1TGhV?oc=5,"Thu, 12 Mar 2026 16:31:23 GMT","<a href=""https://news.google.com/rss/articles/CBMirAFBVV95cUxNQU9TUko3cFZid3dpR0FYT2d0MUxyU1dvWFJKTm5pbDJPMS1KRG56LURCVGtNSnBqQXdEdS0zN3FyVWUtN0pacXBaaXRnSmN2ZDdvOUp1bmhsMGFoSHJNOC02cU9ZV3VRVklBY1N3VGtBbGhNd08yNnpxNWVJTkREai1CX3FkdXhHbWhvVktIdjVVQ2tseVVCTEFyaXBvRzNsZFNXT0VHdXU1TGhV?oc=5"" target=""_blank"">Bogotá supera los 200.000 huecos tapados en los barrios durante la Alcaldía de Carlos Fernando Galán</a>&nbsp;&nbsp;<font color=""#6f6f6f"">Bogota.gov.co</font>","""huecos"" Bogotá",Google News RSS,2026-09-21T11:45:27-05:00
news_00010,Alcaldía de Bogotá supera el millón de metros cuadrados de huecos reparados - Caracol Radio,https://news.google.com/rss/articles/CBMirwFBVV95cUxNTi1VZWpSZlNMVWxPM21rNlZHVkdLTXlQN3Y2Y0ZoVjdOc0ZsSHljTE1aZmdXS2M5UEFQLS1WcFFLMkxIYU9EaF95R3NtWE8tTGVSWS03ZmtFMVJGNm1ER2NxVWw4YWtkd0k1QWYzMkVDZ3lqZGw0dmpyOTFoWTZ6UUVJM21xSWstZ3hIdW11YzJIbjRDVVNEUE9HR2xycFZWSXFDZVVFYmFfU3FjeHhZ0gHDAUFVX3lxTE1GLWdDelJoWU9jLURxenNacTJHbjlLR2NxbG1XdGozVVRSTUlmZkdDNEJMNHlLWVNSNTcxS0Y0Z3pnWlpDeERpZTNBMHZRMmpUbkJ4QVFvMFVFUGcwQmtEUTZQVU5WdndiWjQyWjJTdl9xVmVHdUNXSDJNY1dyWmp1b01vN3c1Q2xGYThtLTNRZi1ocnQ5QzhRN3lPRGN6dFhqX2RqT1UyU0RrS2lwRmwxZ28zYWdfUzB5VFFlbFJGUlN4bw?oc=5,"Tue, 10 Mar 2026 07:00:00 GMT","<a href=""https://news.google.com/rss/articles/CBMirwFBVV95cUxNTi1VZWpSZlNMVWxPM21rNlZHVkdLTXlQN3Y2Y0ZoVjdOc0ZsSHljTE1aZmdXS2M5UEFQLS1WcFFLMkxIYU9EaF95R3NtWE8tTGVSWS03ZmtFMVJGNm1ER2NxVWw4YWtkd0k1QWYzMkVDZ3lqZGw0dmpyOTFoWTZ6UUVJM21xSWstZ3hIdW11YzJIbjRDVVNEUE9HR2xycFZWSXFDZVVFYmFfU3FjeHhZ0gHDAUFVX3lxTE1GLWdDelJoWU9jLURxenNacTJHbjlLR2NxbG1XdGozVVRSTUlmZkdDNEJMNHlLWVNSNTcxS0Y0Z3pnWlpDeERpZTNBMHZRMmpUbkJ4QVFvMFVFUGcwQmtEUTZQVU5WdndiWjQyWjJTdl9xVmVHdUNXSDJNY1dyWmp1b01vN3c1Q2xGYThtLTNRZi1ocnQ5QzhRN3lPRGN6dFhqX2RqT1UyU0RrS2lwRmwxZ28zYWdfUzB5VFFlbFJGUlN4bw?oc=5"" target=""_blank"">Alcaldía de Bogotá supera el millón de metros cuadrados de huecos reparados</a>&nbsp;&nbsp;<font color=""#6f6f6f"">Caracol Radio</font>","""huecos"" Bogotá",Google News RSS,2026-09-21T11:45:27-05:00
news_00011,Diana Diago denuncia el deterioro vial en Montevideo: huecos y encharcamientos ponen en riesgo uno de los principales corredores industriales de Bogotá - Concejo de Bogotá,https://news.google.com/rss/articles/CBMivwFBVV95cUxPaXRpQjhYMlNCNG56dnExT0FaRUo5d0JUX0pjN25obEtHbGh4YjI1VWFRcUUtSHVwb0VMNzlqNUgydU9pQXlqTFpKcnBJQlFWS01JZHRiOW55bVdqRktSVXNPUW1fbEpwdW1SbXptRnFpZ21lVk1OdlBKUWE1cE84OGFtMDI5eHYtY1BBRXFCV3lrdlFZUzVrc2ZJdU1ibnU0NFRYMUJqRFM0NTE2U05mOVRFVDUyX3kyMGtfNU81UQ?oc=5,"Mon, 03 Aug 2026 07:00:00 GMT","<a href=""https://news.google.com/rss/articles/CBMivwFBVV95cUxPaXRpQjhYMlNCNG56dnExT0FaRUo5d0JUX0pjN25obEtHbGh4YjI1VWFRcUUtSHVwb0VMNzlqNUgydU9pQXlqTFpKcnBJQlFWS01JZHRiOW55bVdqRktSVXNPUW1fbEpwdW1SbXptRnFpZ21lVk1OdlBKUWE1cE84OGFtMDI5eHYtY1BBRXFCV3lrdlFZUzVrc2ZJdU1ibnU0NFRYMUJqRFM0NTE2U05mOVRFVDUyX3kyMGtfNU81UQ?oc=5"" target=""_blank"">Diana Diago denuncia el deterioro vial en Montevideo: huecos y encharcamientos ponen en riesgo uno de los principales corredores industriales de Bogotá</a>&nbsp;&nbsp;<font color=""#6f6f6f"">Concejo de Bogotá</font>","""huecos"" Bogotá",Google News RSS,2026-09-21T11:45:27-05:00
news_00012,Huecos y deterioro vial dejan más de 1.400 muertos en Bogotá en dos años - City Tv,https://news.google.com/rss/articles/CBMi1gFBVV95cUxQdTBHWXZPME94aWJPeWFtamVXSUUwN0U1SUd4eXFIUUtTbWpYd2pHckhqemF1bXM4alJZTnR2UklYcGxNZ19mby1YdGVpNkc2XzNUaDVtWFVoMnNkb1RnZFRJbWxaYVZ1ZWZYZGllRWRJRF9GVEV6NS1hVjRjYndQVUg5dzE3TjVpVllvUXRXTHZ3UklxSldxQUtqaFRLeE9JVTk3WHFJVE9pajZRWG5tS0RxLWdmRXZkRnZIeUdBOGxQcnNIT3piNVpQLTB1enA2RjVIeDd3?oc=5,"Tue, 28 Jul 2026 07:00:00 GMT","<a href=""https://news.google.com/rss/articles/CBMi1gFBVV95cUxQdTBHWXZPME94aWJPeWFtamVXSUUwN0U1SUd4eXFIUUtTbWpYd2pHckhqemF1bXM4alJZTnR2UklYcGxNZ19mby1YdGVpNkc2XzNUaDVtWFVoMnNkb1RnZFRJbWxaYVZ1ZWZYZGllRWRJRF9GVEV6NS1hVjRjYndQVUg5dzE3TjVpVllvUXRXTHZ3UklxSldxQUtqaFRLeE9JVTk3WHFJVE9pajZRWG5tS0RxLWdmRXZkRnZIeUdBOGxQcnNIT3piNVpQLTB1enA2RjVIeDd3?oc=5"" target=""_blank"">Huecos y deterioro vial dejan más de 1.400 muertos en Bogotá en dos años</a>&nbsp;&nbsp;<font color=""#6f6f6f"">City Tv</font>","""huecos"" Bogotá",Google News RSS,2026-09-21T11:45:27-05:00
news_00013,Obras de reparación de huecos y malla vial en vía Bogotá-La Calera - Bogota.gov.co,https://news.google.com/rss/articles/CBMipwFBVV95cUxPUlJBeldMY3dfc2pyZXZKVlpSVjl4eXZmMkZ6STkwQmx4QVprc0dISHR1UDg4Z1dYNUVlNnVjZU9QaXNzVUxmZDVZb3lpVjRSM1ZzMWdDSnlKR3pPS3MzYU5VM2lISDgxUjBBXzR4MFRhak1BOEMxMjYzdjQ3UC1qTDdIZ0tOczBsWjBWVkUxX1oweDdudV9DVWRfSThRREVQdVA5OW5zaw?oc=5,"Mon, 30 Mar 2026 07:00:00 GMT","<a href=""https://news.google.com/rss/articles/CBMipwFBVV95cUxPUlJBeldMY3dfc2pyZXZKVlpSVjl4eXZmMkZ6STkwQmx4QVprc0dISHR1UDg4Z1dYNUVlNnVjZU9QaXNzVUxmZDVZb3lpVjRSM1ZzMWdDSnlKR3pPS3MzYU5VM2lISDgxUjBBXzR4MFRhak1BOEMxMjYzdjQ3UC1qTDdIZ0tOczBsWjBWVkUxX1oweDdudV9DVWRfSThRREVQdVA5OW5zaw?oc=5"" target=""_blank"">Obras de reparación de huecos y malla vial en vía Bogotá-La Calera</a>&nbsp;&nbsp;<font color=""#6f6f6f"">Bogota.gov.co</font>","""huecos"" Bogotá",Google News RSS,2026-09-21T11:45:27-05:00
news_00014,La UMV ha tapado más de 113 mil huecos y ha llegado a 645 barrios en el último año - Bogota.gov.co,https://news.google.com/rss/articles/CBMiqAFBVV95cUxOV2oxbHU5VDZ6YVBSVU5Ldkc5M19zeUwzUzlyWWlIb3BZOV93ZjRZSktVSHB6ZWN1YWZkN0traTF2SHlwRUEtVFg1X0p5dG5FSjZpQVBJSDNyVzRDb0xwS2ZrazRGR1pQMmVHX3RwUHNZVzFoeHR0dGg5WUFsUFRfV1Y3OUN0dkt2RzZ5ZG9KU0dHUDRfeDFiQ19pYWhHMkNrT25ZMm5qaTE?oc=5,"Thu, 28 May 2026 11:21:56 GMT","<a href=""https://news.google.com/rss/articles/CBMiqAFBVV95cUxOV2oxbHU5VDZ6YVBSVU5Ldkc5M19zeUwzUzlyWWlIb3BZOV93ZjRZSktVSHB6ZWN1YWZkN0traTF2SHlwRUEtVFg1X0p5dG5FSjZpQVBJSDNyVzRDb0xwS2ZrazRGR1pQMmVHX3RwUHNZVzFoeHR0dGg5WUFsUFRfV1Y3OUN0dkt2RzZ5ZG9KU0dHUDRfeDFiQ19pYWhHMkNrT25ZMm5qaTE?oc=5"" target=""_blank"">La UMV ha tapado más de 113 mil huecos y ha llegado a 645 barrios en el último año</a>&nbsp;&nbsp;<font color=""#6f6f6f"">Bogota.gov.co</font>","""huecos"" Bogotá",Google News RSS,2026-09-21T11:45:27-05:00
news_00015,¿Sabes cómo se tapa un hueco en Bogotá? Son solo seis pasos: te contamos - Bogota.gov.co,https://news.google.com/rss/articles/CBMisgFBVV95cUxQY05RVmVqQV9IWUt3RjE5R1RCNlBvV01DYkpjMkNRVUMwU1FRS2trWFhWQ2dNdlVrNHc0dTlmTExjTHBjT0ZtSjJjNkk0RGVCVzE0Mk5VdWdCa1NfeFU0b2RhSVZzV1RtTzhEeHJjUFdvWUFBTGVhUUNLX1BCd2RxY3QtVnpPd250YmIxOG0yZDdXVFN1eHcyRDdlV014R3BwTVJlTVBUSzhTaEFvbGE3MVBn?oc=5,"Sat, 07 Feb 2026 15:02:20 GMT","<a href=""https://news.google.com/rss/articles/CBMisgFBVV95cUxQY05RVmVqQV9IWUt3RjE5R1RCNlBvV01DYkpjMkNRVUMwU1FRS2trWFhWQ2dNdlVrNHc0dTlmTExjTHBjT0ZtSjJjNkk0RGVCVzE0Mk5VdWdCa1NfeFU0b2RhSVZzV1RtTzhEeHJjUFdvWUFBTGVhUUNLX1BCd2RxY3QtVnpPd250YmIxOG0yZDdXVFN1eHcyRDdlV014R3BwTVJlTVBUSzhTaEFvbGE3MVBn?oc=5"" target=""_blank"">¿Sabes cómo se tapa un hueco en Bogotá? Son solo seis pasos: te contamos</a>&nbsp;&nbsp;<font color=""#6f6f6f"">Bogota.gov.co</font>","""huecos"" Bogotá",Google News RSS,2026-09-21T11:45:27-05:00
news_00016,Equipo Tapahuecos supera el millón de metros cuadrados de huecos reparados en vías de Bogotá - Bogota.gov.co,https://news.google.com/rss/articles/CBMirwFBVV95cUxPR2wxZXQtOG94NlJ1WEFCUnlIaTV4MS1TUTVvN2o0QVptTWVuME14aDhQSDNvQW03NTU1bW1IT2xCSkVTbHdOQS1abjJWQ05Yc0Z4MkhPYW45dnJNSUpLTWZkTnp2a28tdVl3c2FTajRfMTNwRjJuVXNKU0Y5OEdoSHF5dDRCcGljdXdGSG9oVmNCS3BzVWdyeWw4cU5aSmpQV1FzckI3Z0lMQ3JnSGVJ?oc=5,"Tue, 10 Mar 2026 07:00:00 GMT","<a href=""https://news.google.com/rss/articles/CBMirwFBVV95cUxPR2wxZXQtOG94NlJ1WEFCUnlIaTV4MS1TUTVvN2o0QVptTWVuME14aDhQSDNvQW03NTU1bW1IT2xCSkVTbHdOQS1abjJWQ05Yc0Z4MkhPYW45dnJNSUpLTWZkTnp2a28tdVl3c2FTajRfMTNwRjJuVXNKU0Y5OEdoSHF5dDRCcGljdXdGSG9oVmNCS3BzVWdyeWw4cU5aSmpQV1FzckI3Z0lMQ3JnSGVJ?oc=5"" target=""_blank"">Equipo Tapahuecos supera el millón de metros cuadrados de huecos reparados en vías de Bogotá</a>&nbsp;&nbsp;<font color=""#6f6f6f"">Bogota.gov.co</font>","""huecos"" Bogotá",Google News RSS,2026-09-21T11:45:27-05:00
news_00017,Equipo Tapahuecos: van más de 1 millón de m2 de huecos reparados en vías de Bogotá - Bogota.gov.co,https://news.google.com/rss/articles/CBMiowFBVV95cUxOZlQyZ3I2N1FRSUNTQzNORW8xaXp0c1NVdnJIemZPWUxqZjE0WlBpYmxOdUpyQXp2Rk5HdnFrWloxYjRWRG1fZjdiY0pYSDNUenppai1Kdnk1T0xuTmpkNUV1YU1jbUlzM1hzNHVsejhhTEdJVW1WVmQzZW9VTng4d3h2dVNJbExCTUNKNFIwajNnQnl0dGtvZXZZYm42QkpFMUJB?oc=5,"Fri, 08 May 2026 15:54:06 GMT","<a href=""https://news.google.com/rss/articles/CBMiowFBVV95cUxOZlQyZ3I2N1FRSUNTQzNORW8xaXp0c1NVdnJIemZPWUxqZjE0WlBpYmxOdUpyQXp2Rk5HdnFrWloxYjRWRG1fZjdiY0pYSDNUenppai1Kdnk1T0xuTmpkNUV1YU1jbUlzM1hzNHVsejhhTEdJVW1WVmQzZW9VTng4d3h2dVNJbExCTUNKNFIwajNnQnl0dGtvZXZZYm42QkpFMUJB?oc=5"" target=""_blank"">Equipo Tapahuecos: van más de 1 millón de m2 de huecos reparados en vías de Bogotá</a>&nbsp;&nbsp;<font color=""#6f6f6f"">Bogota.gov.co</font>","""huecos"" Bogotá",Google News RSS,2026-09-21T11:45:27-05:00
news_00018,UMV dejó 3.083 cuadras sin huecos y mejoró la infraestructura vial en 2025 Bogotá - Bogota.gov.co,https://news.google.com/rss/articles/CBMirgFBVV95cUxNVzBfc01PN2ZtSzBXRldmOWUxcy1rWER3MDVOVXp6dGhSVFNXUU5zMkExSXZhYXJYMWFxeUJGMU9iUHB1cXFSdDB6V2JCeWVlZXNmQURuVnhoVldhTFJYMUJZWm1EMmdxcnFfY29vQXUyNy1LWTVpS3hjOFZXbTBBZmN5NkNoczU4S3VLRnA4TDZKWE1nYm9HMGEwUTNFTjRaVld3bEtoY3hNRUM0LUE?oc=5,"Mon, 15 Dec 2025 21:40:25 GMT","<a href=""https://news.google.com/rss/articles/CBMirgFBVV95cUxNVzBfc01PN2ZtSzBXRldmOWUxcy1rWER3MDVOVXp6dGhSVFNXUU5zMkExSXZhYXJYMWFxeUJGMU9iUHB1cXFSdDB6V2JCeWVlZXNmQURuVnhoVldhTFJYMUJZWm1EMmdxcnFfY29vQXUyNy1LWTVpS3hjOFZXbTBBZmN5NkNoczU4S3VLRnA4TDZKWE1nYm9HMGEwUTNFTjRaVld3bEtoY3hNRUM0LUE?oc=5"" target=""_blank"">UMV dejó 3.083 cuadras sin huecos y mejoró la infraestructura vial en 2025 Bogotá</a>&nbsp;&nbsp;<font color=""#6f6f6f"">Bogota.gov.co</font>","""huecos"" Bogotá",Google News RSS,2026-09-21T11:45:27-05:00
news_00019,"Operativo deja una suspensión, un cierre y captura en Cinco Huecos, Los Mártires - Bogota.gov.co",https://news.google.com/rss/articles/CBMiowFBVV95cUxNU0xBU3k3SDNSNTQ0eUhoelMyOXlSUV9VSkRJdnJWZmJ2eDBBTVQ2emwzcFdHdFZ3aE9UbEwwOXBiNV9iSEJUYjc2M0xkWXFZRFZlck8wUFJTQ0R2bWoxcHR5c3N5Y3J5Z0c3ZTNwUmlHNm1ESkNMYjhfb1NNak1KNVUzNDNZQXBYUzVpYzNxNzZjenRoYWNLR1NGLTY2OGJDRVdJ?oc=5,"Mon, 13 Apr 2026 11:06:51 GMT","<a href=""https://news.google.com/rss/articles/CBMiowFBVV95cUxNU0xBU3k3SDNSNTQ0eUhoelMyOXlSUV9VSkRJdnJWZmJ2eDBBTVQ2emwzcFdHdFZ3aE9UbEwwOXBiNV9iSEJUYjc2M0xkWXFZRFZlck8wUFJTQ0R2bWoxcHR5c3N5Y3J5Z0c3ZTNwUmlHNm1ESkNMYjhfb1NNak1KNVUzNDNZQXBYUzVpYzNxNzZjenRoYWNLR1NGLTY2OGJDRVdJ?oc=5"" target=""_blank"">Operativo deja una suspensión, un cierre y captura en Cinco Huecos, Los Mártires</a>&nbsp;&nbsp;<font color=""#6f6f6f"">Bogota.gov.co</font>","""huecos"" Bogotá",Google News RSS,2026-09-21T11:45:27-05:00
news_00020,Sellados huecos en puente de Bosque Izquierdo que eran usados para actividades ilegales - Bogota.gov.co,https://news.google.com/rss/articles/CBMingFBVV95cUxON2hsM3BXZVQ5U0RER3FmRWtZNWFxYmg5SzY5MU5FdUlOVWx1dnh1SGNaSXF1azVzV2dPaDNBR3VOQlI2LVRHMnhHTkFHUzRJeUFTemsxYk1UZWp1NFFTYUl3cjZWSzNPeFZjUTBEQTgwNV80QnJyblhsbjVPZTk0cmk1RkxRbzBRLXBUTWhrb3ZDX0U2dHgzWGpsZzNJQQ?oc=5,"Sun, 12 Apr 2026 13:54:12 GMT","<a href=""https://news.google.com/rss/articles/CBMingFBVV95cUxON2hsM3BXZVQ5U0RER3FmRWtZNWFxYmg5SzY5MU5FdUlOVWx1dnh1SGNaSXF1azVzV2dPaDNBR3VOQlI2LVRHMnhHTkFHUzRJeUFTemsxYk1UZWp1NFFTYUl3cjZWSzNPeFZjUTBEQTgwNV80QnJyblhsbjVPZTk0cmk1RkxRbzBRLXBUTWhrb3ZDX0U2dHgzWGpsZzNJQQ?oc=5"" target=""_blank"">Sellados huecos en puente de Bosque Izquierdo que eran usados para actividades ilegales</a>&nbsp;&nbsp;<font color=""#6f6f6f"">Bogota.gov.co</font>","""huecos"" Bogotá",Google News RSS,2026-09-21T11:45:27-05:00
news_00021,Unidad de Mantenimiento Vial ha tapado más de 113.000 huecos en más de 600 barrios en Bogotá durante el último año - El Tiempo,https://news.google.com/rss/articles/CBMi6gFBVV95cUxQa2Y3aUlKMDJMUVBDLU8yMTAxM0tzeWQ0ZjRQRmJQblJFeTZId0gtQ1VFalphdEdxczlWb3NHRlJLaE5pamtQd2ItNXh1OVFFTUZ6UDRWWFNsWWJIY0RJbndlNVQ4TDFqSmltZ2hkdEw5c01DZVBLZjF6dnZYVEVQbk81bnNmbFJRa2g0WkppRTFTWk8yWloxb2V5aWZpVDVLMUtaV0VoTm13d3NXTEZlRDBmSllpWnNaX3lGTFluQ1o5T045djhaUTBtNXphdEZGaEpZcElKclltRGRkQ0hSOEh5UVA5THdvdmfSAe8BQVVfeXFMT2o5QU9IVWd6VEpmQUlxQms3NmNWSmZMcVdHbXBJTlYxdVVDVV83bGMwN3R1UzVyVk9ENjVwUFAzMURacFBYdDFkTGM0dGtIM0lWR0lhbzN6dXRDVTVVQzk0N05tVHA1UXdnRmFLNVRTVFRZYUZwRy1TMjlyZURSZ1VHLWN0cnVCb2V1N1Z6TzJfSXFZd2Z3QllpQS1BanZWMmpsTWZTSzlqcFZoUmw1Z3lXcVVrTm5aNEVhS1ROSk5CWnRSX2VnV2YyVnRlQndUTUVfcXR0cTVJS09VUURlbWcwYjVCZVV0X2tSQ0NvZmM?oc=5,"Wed, 10 Jun 2026 07:00:00 GMT","<a href=""https://news.google.com/rss/articles/CBMi6gFBVV95cUxQa2Y3aUlKMDJMUVBDLU8yMTAxM0tzeWQ0ZjRQRmJQblJFeTZId0gtQ1VFalphdEdxczlWb3NHRlJLaE5pamtQd2ItNXh1OVFFTUZ6UDRWWFNsWWJIY0RJbndlNVQ4TDFqSmltZ2hkdEw5c01DZVBLZjF6dnZYVEVQbk81bnNmbFJRa2g0WkppRTFTWk8yWloxb2V5aWZpVDVLMUtaV0VoTm13d3NXTEZlRDBmSllpWnNaX3lGTFluQ1o5T045djhaUTBtNXphdEZGaEpZcElKclltRGRkQ0hSOEh5UVA5THdvdmfSAe8BQVVfeXFMT2o5QU9IVWd6VEpmQUlxQms3NmNWSmZMcVdHbXBJTlYxdVVDVV83bGMwN3R1UzVyVk9ENjVwUFAzMURacFBYdDFkTGM0dGtIM0lWR0lhbzN6dXRDVTVVQzk0N05tVHA1UXdnRmFLNVRTVFRZYUZwRy1TMjlyZURSZ1VHLWN0cnVCb2V1N1Z6TzJfSXFZd2Z3QllpQS1BanZWMmpsTWZTSzlqcFZoUmw1Z3lXcVVrTm5aNEVhS1ROSk5CWnRSX2VnV2YyVnRlQndUTUVfcXR0cTVJS09VUURlbWcwYjVCZVV0X2tSQ0NvZmM?oc=5"" target=""_blank"">Unidad de Mantenimiento Vial ha tapado más de 113.000 huecos en más de 600 barrios en Bogotá durante el último año</a>&nbsp;&nbsp;<font color=""#6f6f6f"">El Tiempo</font>","""huecos"" Bogotá",Google News RSS,2026-09-21T11:45:27-05:00
news_00022,"Hartos de esperar al Estado, transportadores hacen “vaca” para tapar más de 900 huecos en la Medellín-Bogotá | El Colombiano - El Colombiano",https://news.google.com/rss/articles/CBMirwFBVV95cUxONzBSUU5ZX19tRDNwVkd4aVFYNklHYUZfa0lsd01lX2dRUUtUNjlTNkRRTFhIX2hOZWFkMHZhUk40MURGM2QtV2t5TlFhU1hFVGdfSGdWdEgwMERRdzZsQmo3OUNoLVJRY1pWZXRReUVNS2o5UWtVTnBEbXk5VHlvSnU3X01vOEdCa1ZFTFZrMWIxbnRKVktVaVEwbFdrQ0Y4MHA0LVJEMkN6YzhzSlFr0gG0AUFVX3lxTE1PbFpuZ1ViRTRHYkd4Tkg0ZHpYdFVJbVVYaFFxd0xOenB0ZUh0cGsyMnRCQU56QmZxUHN0WlJIem9rMGtITXZzVldxN3R6ZDJrQzRBcmt2Z3dIRGVKazN6TVhNcFloTFpPeFFhM2ZXcHo2NjhtN3BIejhPSlZkS2htZmdDNTZCc2U3c3BHOHFjTGVLeDhrck15Sk5WNFhuc2pRaDZpb1FsT2ZGcVI5TmtzaU8ydw?oc=5,"Fri, 29 May 2026 07:00:00 GMT","<a href=""https://news.google.com/rss/articles/CBMirwFBVV95cUxONzBSUU5ZX19tRDNwVkd4aVFYNklHYUZfa0lsd01lX2dRUUtUNjlTNkRRTFhIX2hOZWFkMHZhUk40MURGM2QtV2t5TlFhU1hFVGdfSGdWdEgwMERRdzZsQmo3OUNoLVJRY1pWZXRReUVNS2o5UWtVTnBEbXk5VHlvSnU3X01vOEdCa1ZFTFZrMWIxbnRKVktVaVEwbFdrQ0Y4MHA0LVJEMkN6YzhzSlFr0gG0AUFVX3lxTE1PbFpuZ1ViRTRHYkd4Tkg0ZHpYdFVJbVVYaFFxd0xOenB0ZUh0cGsyMnRCQU56QmZxUHN0WlJIem9rMGtITXZzVldxN3R6ZDJrQzRBcmt2Z3dIRGVKazN6TVhNcFloTFpPeFFhM2ZXcHo2NjhtN3BIejhPSlZkS2htZmdDNTZCc2U3c3BHOHFjTGVLeDhrck15Sk5WNFhuc2pRaDZpb1FsT2ZGcVI5TmtzaU8ydw?oc=5"" target=""_blank"">Hartos de esperar al Estado, transportadores hacen “vaca” para tapar más de 900 huecos en la Medellín-Bogotá | El Colombiano</a>&nbsp;&nbsp;<font color=""#6f6f6f"">El Colombiano</font>","""huecos"" Bogotá",Google News RSS,2026-09-21T11:45:27-05:00
news_00023,Alcalde Galán habló de polémica intervención a los huecos en Bogotá: arreglos equivalen a “560 canchas de fútbol del Campín” - Infobae,https://news.google.com/rss/articles/CBMi-gFBVV95cUxQVlVzeUxyUUZMekp4YmZNcHA4WTdiby1VenVzS2tEU0FzTUZQaEx4V0tpbHZGSzdlbUo5d0pVR0IzdGt2NThKM2lzOHFDM0lGUTNwVEtOX3lFUzZQenlBakg5UjhvWlB3QUp4UVQzLUVGWE9SQkY4eVBMOGdlTnA5ekpXVy1fSWhES1ZmUU5ycDdiSW9ZeXdNc0M3Y2xVa2Z6QlE5VzRFZzJaXzFJLThtdDJLaVJGbFlYa1RkYUYzNE82VXpFOWZCTXh6eHNIcXU2UTdXdXVDeEJQTS1GZ2RGTC03V0NpRWxjSkMwa19rMVkwVVVxVU5BVXhR0gGUAkFVX3lxTE9ocWRNdE9TTk55bWRFQWRwWlFyZ1VHMFNmcmk5ZVJPbGhyOHg0UjlHRmlsVFY1dlExTVctR2JjQVg3VVVqVUJFQ29ETFprVG1oajlUSXA4bkdESHJ3WEdYQmNpZ0J4WlExU1RyMUlSa3FEVnRMcXlhaldETlZ4d2ExNENITnMyV1duamtIdzk1a0tSSkpKMlo5bzhHU2dYVVJoTFdkZU5XdUdOVFdLb182eVpTMmxramY4U2xfMGd6MEZxTFhYRFk2TEo1cnAtYmpheEFJTElNQ3gtemJvUE05S1dIM2YtOFpSb1R2OWNRN1RtWDVJZk5hZkhZVUozM2NYUE8xaVRxMkV5a2NraVczRHVlWQ?oc=5,"Fri, 26 Dec 2025 08:00:00 GMT","<a href=""https://news.google.com/rss/articles/CBMi-gFBVV95cUxQVlVzeUxyUUZMekp4YmZNcHA4WTdiby1VenVzS2tEU0FzTUZQaEx4V0tpbHZGSzdlbUo5d0pVR0IzdGt2NThKM2lzOHFDM0lGUTNwVEtOX3lFUzZQenlBakg5UjhvWlB3QUp4UVQzLUVGWE9SQkY4eVBMOGdlTnA5ekpXVy1fSWhES1ZmUU5ycDdiSW9ZeXdNc0M3Y2xVa2Z6QlE5VzRFZzJaXzFJLThtdDJLaVJGbFlYa1RkYUYzNE82VXpFOWZCTXh6eHNIcXU2UTdXdXVDeEJQTS1GZ2RGTC03V0NpRWxjSkMwa19rMVkwVVVxVU5BVXhR0gGUAkFVX3lxTE9ocWRNdE9TTk55bWRFQWRwWlFyZ1VHMFNmcmk5ZVJPbGhyOHg0UjlHRmlsVFY1dlExTVctR2JjQVg3VVVqVUJFQ29ETFprVG1oajlUSXA4bkdESHJ3WEdYQmNpZ0J4WlExU1RyMUlSa3FEVnRMcXlhaldETlZ4d2ExNENITnMyV1duamtIdzk1a0tSSkpKMlo5bzhHU2dYVVJoTFdkZU5XdUdOVFdLb182eVpTMmxramY4U2xfMGd6MEZxTFhYRFk2TEo1cnAtYmpheEFJTElNQ3gtemJvUE05S1dIM2YtOFpSb1R2OWNRN1RtWDVJZk5hZkhZVUozM2NYUE8xaVRxMkV5a2NraVczRHVlWQ?oc=5"" target=""_blank"">Alcalde Galán habló de polémica intervención a los huecos en Bogotá: arreglos equivalen a “560 canchas de fútbol del Campín”</a>&nbsp;&nbsp;<font color=""#6f6f6f"">Infobae</font>","""huecos"" Bogotá",Google News RSS,2026-09-21T11:45:27-05:00
news_00024,La avenida Boyacá en Bogotá está minada de huecos: ¿qué responden el IDU y el Acueducto? - Canal 1 En vivo,https://news.google.com/rss/articles/CBMiygFBVV95cUxPYUxEWUs2aXVEZTZqcUt2bjBWa3YxWnZyN0RSdkFtRW1iaW01VXA0eTJscml4ODZ5cmxpY2l4S3VSTmo1UUVEdGhXcF9WeGtEeEptOXdIZ0tBVXg5dzZ6TXZOZlZHN0xGRGthaGZwNnBQWkh3RTFLWEstRnczd0tsY1ZZOXAydWt2UzNmdFNpQU1wUUlheEpfR0F5a0pOWXZuelBZZlJGeWRobWN5SVdnOUZLeTk2QjgzNnd1WlZuX1pLd0tiX09aOGFn0gHPAUFVX3lxTFBKWFgyQ2hJRzJrX0xjMlI5dFdjZzRxdjQ2RmNqeDFjZmVxeWFwMjlXa3FZS0lUaTBTTXZ0MjJRSzFRa1NRZUxKX1pBTTZwMGUwYVpxc0NrclJEeEwtWnFSeWhpVXU1eE5Jd3ZIRnNLWE5uLV9Sck90LS1yeHNNRXdCRW9iMEVwSVJQSWNLUVE4ZjFXclNOVmxoaFJ6WHFwNXdteHV1U1pjdVl0eGdwYk9GQkdRbFNOOVh4TWpSbVVEanhpNE9CbktnVnFiSGY5aw?oc=5,"Fri, 21 Aug 2026 07:00:00 GMT","<a href=""https://news.google.com/rss/articles/CBMiygFBVV95cUxPYUxEWUs2aXVEZTZqcUt2bjBWa3YxWnZyN0RSdkFtRW1iaW01VXA0eTJscml4ODZ5cmxpY2l4S3VSTmo1UUVEdGhXcF9WeGtEeEptOXdIZ0tBVXg5dzZ6TXZOZlZHN0xGRGthaGZwNnBQWkh3RTFLWEstRnczd0tsY1ZZOXAydWt2UzNmdFNpQU1wUUlheEpfR0F5a0pOWXZuelBZZlJGeWRobWN5SVdnOUZLeTk2QjgzNnd1WlZuX1pLd0tiX09aOGFn0gHPAUFVX3lxTFBKWFgyQ2hJRzJrX0xjMlI5dFdjZzRxdjQ2RmNqeDFjZmVxeWFwMjlXa3FZS0lUaTBTTXZ0MjJRSzFRa1NRZUxKX1pBTTZwMGUwYVpxc0NrclJEeEwtWnFSeWhpVXU1eE5Jd3ZIRnNLWE5uLV9Sck90LS1yeHNNRXdCRW9iMEVwSVJQSWNLUVE4ZjFXclNOVmxoaFJ6WHFwNXdteHV1U1pjdVl0eGdwYk9GQkdRbFNOOVh4TWpSbVVEanhpNE9CbktnVnFiSGY5aw?oc=5"" target=""_blank"">La avenida Boyacá en Bogotá está minada de huecos: ¿qué responden el IDU y el Acueducto?</a>&nbsp;&nbsp;<font color=""#6f6f6f"">Canal 1 En vivo</font>","""huecos"" Bogotá",Google News RSS,2026-09-21T11:45:27-05:00
news_00025,Delincuentes se quedaron sin escondite: huecos bajo puente de la avenida NQS con calle 19 fueron sellados - Bogota.gov.co,https://news.google.com/rss/articles/CBMisgFBVV95cUxOZWhTN2NIaUhWSWZXUlE1RUdpRnV1dkdkS3AwWl9jcUFxaXF3bnQxT3pQaG1TdFlxS216em1KenJEV3NmU1ZQdlBzWkNiY2g2ZlJPNWRDYXE5cHVGUlQwbUphNV9uMjE2aW5TdEtVZDNOdFNuR0tFUFQ4WGozTXBxMXUxVFotaGUxSHNBNTlYN21NVTNhOWQyS2VPN0w5MkpDUy01N3hkWi11Q0ZPUkt6eVZn?oc=5,"Tue, 24 Feb 2026 17:52:33 GMT","<a href=""https://news.google.com/rss/articles/CBMisgFBVV95cUxOZWhTN2NIaUhWSWZXUlE1RUdpRnV1dkdkS3AwWl9jcUFxaXF3bnQxT3pQaG1TdFlxS216em1KenJEV3NmU1ZQdlBzWkNiY2g2ZlJPNWRDYXE5cHVGUlQwbUphNV9uMjE2aW5TdEtVZDNOdFNuR0tFUFQ4WGozTXBxMXUxVFotaGUxSHNBNTlYN21NVTNhOWQyS2VPN0w5MkpDUy01N3hkWi11Q0ZPUkt6eVZn?oc=5"" target=""_blank"">Delincuentes se quedaron sin escondite: huecos bajo puente de la avenida NQS con calle 19 fueron sellados</a>&nbsp;&nbsp;<font color=""#6f6f6f"">Bogota.gov.co</font>","""huecos"" Bogotá",Google News RSS,2026-09-21T11:45:27-05:00
news_00026,Bogotá supera los 200 mil huecos tapados en los barrios: así puede reportar daños en la vía - Noticias RCN,https://news.google.com/rss/articles/CBMijgFBVV95cUxPbDBGWjdnS21xb1A3SUV3dTd1bjdLX19NX1pBdkp4WjRIa3JYeURLRU8tVjVyaGtRc2U0eDN5RHV0ZVlDZ3FuQThtWmJMeHcxOHJiLWZRazZvQWRNUk1FQktvekk1bTRIYWJWc05qb1hUbWF6TF9GTXRhenc5c1VTZVdIYS01OXBHc2hwZkRn0gGOAUFVX3lxTFA3dnFjUDBmbnFwcmJlakFKdkhSamNLYWtwZWs5RjVrT1FueE5JbGt6cGdLVDlSdE45NUs3WldBX0N6MnlodklIamVZc1ExT3FBcElwRERMemFZdHRTb0Fac09KMmdQOWFvV1RmRVRMbGhaMV94UnVBaXJCamtFMUZVTldoeVQ2VDltVUZVa2c?oc=5,"Sat, 14 Mar 2026 02:50:36 GMT","<a href=""https://news.google.com/rss/articles/CBMijgFBVV95cUxPbDBGWjdnS21xb1A3SUV3dTd1bjdLX19NX1pBdkp4WjRIa3JYeURLRU8tVjVyaGtRc2U0eDN5RHV0ZVlDZ3FuQThtWmJMeHcxOHJiLWZRazZvQWRNUk1FQktvekk1bTRIYWJWc05qb1hUbWF6TF9GTXRhenc5c1VTZVdIYS01OXBHc2hwZkRn0gGOAUFVX3lxTFA3dnFjUDBmbnFwcmJlakFKdkhSamNLYWtwZWs5RjVrT1FueE5JbGt6cGdLVDlSdE45NUs3WldBX0N6MnlodklIamVZc1ExT3FBcElwRERMemFZdHRTb0Fac09KMmdQOWFvV1RmRVRMbGhaMV94UnVBaXJCamtFMUZVTldoeVQ2VDltVUZVa2c?oc=5"" target=""_blank"">Bogotá supera los 200 mil huecos tapados en los barrios: así puede reportar daños en la vía</a>&nbsp;&nbsp;<font color=""#6f6f6f"">Noticias RCN</font>","""huecos"" Bogotá",Google News RSS,2026-09-21T11:45:27-05:00
news_00027,¿Sin huecos en las calles de Bogotá? Equipo Tapahuecos supera el millón de metros cuadrados reparados - Portafolio.co,https://news.google.com/rss/articles/CBMi7gFBVV95cUxPWUFsNkZNcjZjdVhYaExNaXFpbHhub3JuVnVRNElhZkpZMmFmVEtpQmNMaTVkZ095ZndmMm1TNUxpX0FxUENlVXpHZEhSanZobzAyQ2dJSmFQMzdFMUgxRC1aUXUtVVN2R3czaHNkTm5SSHBHVFAxRjE2SnNtemdaMlV6QmNTTUFQR3R2WE9pN1NPRVVjdm5rdEl0UFZ5Yk52OU1RWUkyT1pjUjFJMkYtYWZscjdpb0dNN01vV29yWTg0dWw2cnNpM1d5VWtfTDVJa2ZmQU5UM0JOX2EyOWFCTUpyd09UZTVQVEJsZ1hB0gHzAUFVX3lxTE1jTFl1SUFsUE82OHoxcG54SkU0a0REMUpGelVDNTRkZkc1NE5EQWZUN29KQmJWYU1zTkhGY3RDUTlPLXB3VjdNTjlVRkY3TnZqZHFTY1hhXzBtOEZxa1VscnQtRjQ2UFFLUDh5ZlBDYUdkV1M1dHlBaFBteGhrYmJ2Zkh2V180M3FaLW1mQlVDWnVmdHFYakwtMDFzVXh4NDVlZHVzS05sZ3Nhc0lsWU9iNlI2aC1kTW5nY0JtUHRxeUNqSV9ZdjZqbktXM2RZNVdqRndNNVQ2dnA4aE53WExVb0RzYThpLW9CeGt5SjI0azlZSQ?oc=5,"Tue, 10 Mar 2026 07:00:00 GMT","<a href=""https://news.google.com/rss/articles/CBMi7gFBVV95cUxPWUFsNkZNcjZjdVhYaExNaXFpbHhub3JuVnVRNElhZkpZMmFmVEtpQmNMaTVkZ095ZndmMm1TNUxpX0FxUENlVXpHZEhSanZobzAyQ2dJSmFQMzdFMUgxRC1aUXUtVVN2R3czaHNkTm5SSHBHVFAxRjE2SnNtemdaMlV6QmNTTUFQR3R2WE9pN1NPRVVjdm5rdEl0UFZ5Yk52OU1RWUkyT1pjUjFJMkYtYWZscjdpb0dNN01vV29yWTg0dWw2cnNpM1d5VWtfTDVJa2ZmQU5UM0JOX2EyOWFCTUpyd09UZTVQVEJsZ1hB0gHzAUFVX3lxTE1jTFl1SUFsUE82OHoxcG54SkU0a0REMUpGelVDNTRkZkc1NE5EQWZUN29KQmJWYU1zTkhGY3RDUTlPLXB3VjdNTjlVRkY3TnZqZHFTY1hhXzBtOEZxa1VscnQtRjQ2UFFLUDh5ZlBDYUdkV1M1dHlBaFBteGhrYmJ2Zkh2V180M3FaLW1mQlVDWnVmdHFYakwtMDFzVXh4NDVlZHVzS05sZ3Nhc0lsWU9iNlI2aC1kTW5nY0JtUHRxeUNqSV9ZdjZqbktXM2RZNVdqRndNNVQ2dnA4aE53WExVb0RzYThpLW9CeGt5SjI0azlZSQ?oc=5"" target=""_blank"">¿Sin huecos en las calles de Bogotá? Equipo Tapahuecos supera el millón de metros cuadrados reparados</a>&nbsp;&nbsp;<font color=""#6f6f6f"">Portafolio.co</font>","""huecos"" Bogotá",Google News RSS,2026-09-21T11:45:27-05:00
news_00028,En Bogotá se han reparado más de un millón de metros cuadrados de vía para tapar huecos - Noticias RCN,https://news.google.com/rss/articles/CBMizAFBVV95cUxPaDhpSXpzdkR4S2ZPOWlnS2tfR00yMXpFRXdJNjdNaXZFTTFZVS16MXNoemdvclZYV09LdnZpdm5hcE5sTVdaU1hUMVlZVUJfX0FlaE5VNVk0TXhXQ1R1OG5JcVpNcHNVWjdTR19zLS1yU0xERllCT1dndU54S2FIU0tScVVYcjFjUm1qQVZRREZjZDM4MG5CS0gwQ1JkeXB2YWdfc3QzdVVlWnNKYVdQZm9mZEpvU081a2M5dlBjSjkxb3NITU5lLVBXWmzSAcwBQVVfeXFMUEgyZDd4c2MtOWwwSG1hWDA3VGctQ0hBZDB5eENCYXYyUldZdkRNVnhOWF9fUWszWlhOMHRoblRJMEttQm5DSjVpalA0c2JrRWIyNEZqdWNPV2Q2LS1LdDNITzBTNURNdDlvTDlhbGJEa3JhdEZrODNDVkFwQmJJQVJHY2NwNUg0SHoxUElPY203UW5kZmt5cGtVUDQwNEN2cWVvN3lJblo2bTdBVnZmTTEtNnRjdUlyd1RmUURfXzU1NjA2aHhia0FQZzRZ?oc=5,"Tue, 12 May 2026 23:04:16 GMT","<a href=""https://news.google.com/rss/articles/CBMizAFBVV95cUxPaDhpSXpzdkR4S2ZPOWlnS2tfR00yMXpFRXdJNjdNaXZFTTFZVS16MXNoemdvclZYV09LdnZpdm5hcE5sTVdaU1hUMVlZVUJfX0FlaE5VNVk0TXhXQ1R1OG5JcVpNcHNVWjdTR19zLS1yU0xERllCT1dndU54S2FIU0tScVVYcjFjUm1qQVZRREZjZDM4MG5CS0gwQ1JkeXB2YWdfc3QzdVVlWnNKYVdQZm9mZEpvU081a2M5dlBjSjkxb3NITU5lLVBXWmzSAcwBQVVfeXFMUEgyZDd4c2MtOWwwSG1hWDA3VGctQ0hBZDB5eENCYXYyUldZdkRNVnhOWF9fUWszWlhOMHRoblRJMEttQm5DSjVpalA0c2JrRWIyNEZqdWNPV2Q2LS1LdDNITzBTNURNdDlvTDlhbGJEa3JhdEZrODNDVkFwQmJJQVJHY2NwNUg0SHoxUElPY203UW5kZmt5cGtVUDQwNEN2cWVvN3lJblo2bTdBVnZmTTEtNnRjdUlyd1RmUURfXzU1NjA2aHhia0FQZzRZ?oc=5"" target=""_blank"">En Bogotá se han reparado más de un millón de metros cuadrados de vía para tapar huecos</a>&nbsp;&nbsp;<font color=""#6f6f6f"">Noticias RCN</font>","""huecos"" Bogotá",Google News RSS,2026-09-21T11:45:27-05:00
news_00029,"Con llantas y piedras, ciudadanos intentan tapar huecos en Cúcuta - laopinion.co",https://news.google.com/rss/articles/CBMilwFBVV95cUxOXzRXWVk3LU1TTm9EdVJLOTRxYkZwT1ByMEVXU0ZkTkU1QVJVRkQ2WWdJTzVDeGk5a1dCWTZnTlBkNzRvZVhIRHE4ZTFLTU1NLV9jMi05U1BxdC1QTWN1QkY0OElwQi11MHpKRG1PX3htcTJIcGJXVnk0YTd5Z1ZlclRCRkVaU1NJS2s1WFRJc0hMS0VTaEo0?oc=5,"Mon, 04 May 2026 07:00:00 GMT","<a href=""https://news.google.com/rss/articles/CBMilwFBVV95cUxOXzRXWVk3LU1TTm9EdVJLOTRxYkZwT1ByMEVXU0ZkTkU1QVJVRkQ2WWdJTzVDeGk5a1dCWTZnTlBkNzRvZVhIRHE4ZTFLTU1NLV9jMi05U1BxdC1QTWN1QkY0OElwQi11MHpKRG1PX3htcTJIcGJXVnk0YTd5Z1ZlclRCRkVaU1NJS2s1WFRJc0hMS0VTaEo0?oc=5"" target=""_blank"">Con llantas y piedras, ciudadanos intentan tapar huecos en Cúcuta</a>&nbsp;&nbsp;<font color=""#6f6f6f"">laopinion.co</font>","""huecos"" Bogotá",Google News RSS,2026-09-21T11:45:27-05:00
news_00030,En Semana Santa se taparán huecos en la vía a La Calera: los trabajos se realizarán en la madrugada - Caracol Radio,https://news.google.com/rss/articles/CBMizgFBVV95cUxPekt6WVlWTFM0dVhUQ3Z5R05nM01VSGo1VDRaWTZTNHZGZ2hmZW8xOU94ZHhfRENGNG5SM19QM0RobmJCcWhkOGFWTVhFNmdsLURnelV6TjJsZ003TEZYNXRzbHRQY2NxWDhxd05Nby0wUEQ5eEJWaXNFdmgzWEs0NXR0TklwX0ZmdU1fUnRBcy1YVjlGR2dEY3ZPa1BjWW9pWThEVEJTR1ZVUHhwZnppUWllanByYlZleUJhVGZkaU03Nmg5ekhDcHVPWW9nUdIB4gFBVV95cUxPUkFHQ1pBNERGSThlaHU4RWlER0oydjI0clk5cjQyeXZYQmM1ODRCd3FSMVVfNm1TRWx6U1p0V0JjeDNuMjZGWEtaWWlFQmhMM1hKdHRVTGxkSkpjVHIzVkYycU5laWxXUlZNN1d6TElKT2hHMW1VdzVld0RRSjhKSEtVZjRuejd3Tk15V1ZRRFI0VFZvVVlYSWxqZ2dkNS1sbllpQmJBV3FEbXR5NjFCdmMtbkRWbXVxQ2VvbS1OZVZ2WGVhNDNBMmhpRHVyVUNFcHg3M2VQa2FtNlpSRzVNOWxn?oc=5,"Tue, 31 Mar 2026 07:00:00 GMT","<a href=""https://news.google.com/rss/articles/CBMizgFBVV95cUxPekt6WVlWTFM0dVhUQ3Z5R05nM01VSGo1VDRaWTZTNHZGZ2hmZW8xOU94ZHhfRENGNG5SM19QM0RobmJCcWhkOGFWTVhFNmdsLURnelV6TjJsZ003TEZYNXRzbHRQY2NxWDhxd05Nby0wUEQ5eEJWaXNFdmgzWEs0NXR0TklwX0ZmdU1fUnRBcy1YVjlGR2dEY3ZPa1BjWW9pWThEVEJTR1ZVUHhwZnppUWllanByYlZleUJhVGZkaU03Nmg5ekhDcHVPWW9nUdIB4gFBVV95cUxPUkFHQ1pBNERGSThlaHU4RWlER0oydjI0clk5cjQyeXZYQmM1ODRCd3FSMVVfNm1TRWx6U1p0V0JjeDNuMjZGWEtaWWlFQmhMM1hKdHRVTGxkSkpjVHIzVkYycU5laWxXUlZNN1d6TElKT2hHMW1VdzVld0RRSjhKSEtVZjRuejd3Tk15V1ZRRFI0VFZvVVlYSWxqZ2dkNS1sbllpQmJBV3FEbXR5NjFCdmMtbkRWbXVxQ2VvbS1OZVZ2WGVhNDNBMmhpRHVyVUNFcHg3M2VQa2FtNlpSRzVNOWxn?oc=5"" target=""_blank"">En Semana Santa se taparán huecos en la vía a La Calera: los trabajos se realizarán en la madrugada</a>&nbsp;&nbsp;<font color=""#6f6f6f"">Caracol Radio</font>","""huecos"" Bogotá",Google News RSS,2026-09-21T11:45:27-05:00
news_00031,Bogotá tapa más de 211 mil huecos: así avanza la transformación vial que busca una ciudad sin baches - Pulzo,https://news.google.com/rss/articles/CBMi2AFBVV95cUxQOG9fWVV3aEoyR2thekJ3eFFFS1p0b2R4ZjZHQWI2a3NVa1JRT01EWGdxZ0RZSmtsQkU3U1VMcGx2SWVYSnZZcWJDSE1PdktmcmExQmpMQzE2R1ZzZ2dNanZIaUJSTS1SWUIxR2hlQVlSeFBJWWI1Q2JfTXhaUE9FT1dBUVljeUg3bUpjU0oxR0tHVm1kVTR4bGZoNU9tQlNOTHZadi1wc2p5eDkycnh4QVN5cUFuMnZCUzQyUEtWWS0wcTdNU1JORDFkOERkOFBxRkc1czk1ZUI?oc=5,"Fri, 13 Mar 2026 07:00:00 GMT","<a href=""https://news.google.com/rss/articles/CBMi2AFBVV95cUxQOG9fWVV3aEoyR2thekJ3eFFFS1p0b2R4ZjZHQWI2a3NVa1JRT01EWGdxZ0RZSmtsQkU3U1VMcGx2SWVYSnZZcWJDSE1PdktmcmExQmpMQzE2R1ZzZ2dNanZIaUJSTS1SWUIxR2hlQVlSeFBJWWI1Q2JfTXhaUE9FT1dBUVljeUg3bUpjU0oxR0tHVm1kVTR4bGZoNU9tQlNOTHZadi1wc2p5eDkycnh4QVN5cUFuMnZCUzQyUEtWWS0wcTdNU1JORDFkOERkOFBxRkc1czk1ZUI?oc=5"" target=""_blank"">Bogotá tapa más de 211 mil huecos: así avanza la transformación vial que busca una ciudad sin baches</a>&nbsp;&nbsp;<font color=""#6f6f6f"">Pulzo</font>","""huecos"" Bogotá",Google News RSS,2026-09-21T11:45:27-05:00
news_00032,Sellan huecos en puente de Bosque Izquierdo usados para actividades ilegales - El Tiempo,https://news.google.com/rss/articles/CBMitwFBVV95cUxOUk9lRWRxUHB1cjdGUmNQbEhra1NIOE9xM2ktbXVmbEdtYTNwa016U2NtMFk1LVFubEVLeDlydzM0TFdFT1N6Q0xGSEk0YVBXYmdDRkJEY1lmOE92Z0pIN0hnaXVhRDdncUp6cThfNUVDVzNpMGJneDNPMVNxQzdoUTRiUm1maFloLV9UNVRSMlYzSGx0WDhLcDhqZGxOQ2puY2p5OVg5YXFRblBYa2RnVUF6a3U1LWfSAbwBQVVfeXFMT2ZZRlhQUkZsSzljVVdVM2xiVGZUR200WlpERWtZdUJ2VVBTT0ZSNktic1NEQ2hqTklVSXFqeFNIOHkwN1FMcHBxZmxuVE4zS1lxYkZmN29vLXFlR2U0ZHVFb1YxcUEyU3puT25kblkzM2FVd2l5bWRKTlJ1NFNXNFI4eTJaMDVyc2pyLURKRHdlSlVZZnYzVDRJendoWFpqN2VmX01oWDFVdEhWR3JHeE1kcndjbXZ2S3hjTWg?oc=5,"Sun, 12 Apr 2026 07:00:00 GMT","<a href=""https://news.google.com/rss/articles/CBMitwFBVV95cUxOUk9lRWRxUHB1cjdGUmNQbEhra1NIOE9xM2ktbXVmbEdtYTNwa016U2NtMFk1LVFubEVLeDlydzM0TFdFT1N6Q0xGSEk0YVBXYmdDRkJEY1lmOE92Z0pIN0hnaXVhRDdncUp6cThfNUVDVzNpMGJneDNPMVNxQzdoUTRiUm1maFloLV9UNVRSMlYzSGx0WDhLcDhqZGxOQ2puY2p5OVg5YXFRblBYa2RnVUF6a3U1LWfSAbwBQVVfeXFMT2ZZRlhQUkZsSzljVVdVM2xiVGZUR200WlpERWtZdUJ2VVBTT0ZSNktic1NEQ2hqTklVSXFqeFNIOHkwN1FMcHBxZmxuVE4zS1lxYkZmN29vLXFlR2U0ZHVFb1YxcUEyU3puT25kblkzM2FVd2l5bWRKTlJ1NFNXNFI4eTJaMDVyc2pyLURKRHdlSlVZZnYzVDRJendoWFpqN2VmX01oWDFVdEhWR3JHeE1kcndjbXZ2S3hjTWg?oc=5"" target=""_blank"">Sellan huecos en puente de Bosque Izquierdo usados para actividades ilegales</a>&nbsp;&nbsp;<font color=""#6f6f6f"">El Tiempo</font>","""huecos"" Bogotá",Google News RSS,2026-09-21T11:45:27-05:00
news_00033,Tapando huecos - El Tiempo,https://news.google.com/rss/articles/CBMic0FVX3lxTE1JaEs0N2QzMVhaUUFJT3Z1Tnd2Q0cyblZ4alRyMUtYSEt3bWl1WHVfcS1FNnRQU2JpWEhIWU5RaWNISGNIVTA4bzZUWmp6WXpOTGgxVU1nUXFSc3RadExaRm9HV1h4Q19wbXIzZE9UcUpzQzTSAXhBVV95cUxPa0M2a0t6eUdvNHhhN1hqc0JNUGFKQXNrZ0JuTjlfaFpNcGduWklvRzlkREV3ZnVYTHV6SmpCQTlCMk92V1AtOV83NzgwMUN5UnVHZ0NjakEwaWg1RHhKTk9Hc0ZXM0xxdUFuMU9zTWhiQnJwSDJEc2k?oc=5,"Thu, 12 Mar 2026 07:00:00 GMT","<a href=""https://news.google.com/rss/articles/CBMic0FVX3lxTE1JaEs0N2QzMVhaUUFJT3Z1Tnd2Q0cyblZ4alRyMUtYSEt3bWl1WHVfcS1FNnRQU2JpWEhIWU5RaWNISGNIVTA4bzZUWmp6WXpOTGgxVU1nUXFSc3RadExaRm9HV1h4Q19wbXIzZE9UcUpzQzTSAXhBVV95cUxPa0M2a0t6eUdvNHhhN1hqc0JNUGFKQXNrZ0JuTjlfaFpNcGduWklvRzlkREV3ZnVYTHV6SmpCQTlCMk92V1AtOV83NzgwMUN5UnVHZ0NjakEwaWg1RHhKTk9Hc0ZXM0xxdUFuMU9zTWhiQnJwSDJEc2k?oc=5"" target=""_blank"">Tapando huecos</a>&nbsp;&nbsp;<font color=""#6f6f6f"">El Tiempo</font>","""huecos"" Bogotá",Google News RSS,2026-09-21T11:45:27-05:00
news_00034,Autopista Medellín-Bogotá tiene más de 900 huecos; solución sería un proyecto de ley - Blu Radio,https://news.google.com/rss/articles/CBMi0AFBVV95cUxNSlZSSnN4TXNGOEJ2V20yX25hRU9HMmdYeThkQ2dlWVdOUXBBWkk5djBkMlhya3VlaXpnWm81em1vM2hKVV9nZEY0dXcxUTdja2tlcXYxUERzeU12TFJvZTlfcTExWkg5V2g0RHFGVDBJcHdMNHlNVU1Bazd5VE9OMnNCakVQV2lVWEk5ZEM1dlFFQkZlWHRNQUNfbmQxb1g5UDJPZWtXVGV6c25yaVN2YXhZUi1GQzM4NF9OYlBmV2I0d2JlT2ttRVdpSGNKLUQ20gHeAUFVX3lxTE5ZOEZPM3p5V3BmMHBjd0ZlWUJuajBibmJQc0pPXzVHQzRoX0g3N1R0cElrbl90VWtLZTNpbGhnTm5VN0NRM19EektONDZuX0doOEU4UzRMUHdfNEwxOEFYQklZcThCY0NZSVdQbHk4UUkySEtYWG1YLUx1QWlpbHM2MFR4WEwwbnVyN1JXVlN0NGN6WUZwSURMWURJYVhQbnByQnNxbWR4dlREUmkycmUweFUtcTM2N1RjeVFLd3BtcXFfdDJnTVJsdThxSl8tUUZYVWY0R2ZqRTc4a2JSdw?oc=5,"Fri, 17 Apr 2026 07:00:00 GMT","<a href=""https://news.google.com/rss/articles/CBMi0AFBVV95cUxNSlZSSnN4TXNGOEJ2V20yX25hRU9HMmdYeThkQ2dlWVdOUXBBWkk5djBkMlhya3VlaXpnWm81em1vM2hKVV9nZEY0dXcxUTdja2tlcXYxUERzeU12TFJvZTlfcTExWkg5V2g0RHFGVDBJcHdMNHlNVU1Bazd5VE9OMnNCakVQV2lVWEk5ZEM1dlFFQkZlWHRNQUNfbmQxb1g5UDJPZWtXVGV6c25yaVN2YXhZUi1GQzM4NF9OYlBmV2I0d2JlT2ttRVdpSGNKLUQ20gHeAUFVX3lxTE5ZOEZPM3p5V3BmMHBjd0ZlWUJuajBibmJQc0pPXzVHQzRoX0g3N1R0cElrbl90VWtLZTNpbGhnTm5VN0NRM19EektONDZuX0doOEU4UzRMUHdfNEwxOEFYQklZcThCY0NZSVdQbHk4UUkySEtYWG1YLUx1QWlpbHM2MFR4WEwwbnVyN1JXVlN0NGN6WUZwSURMWURJYVhQbnByQnNxbWR4dlREUmkycmUweFUtcTM2N1RjeVFLd3BtcXFfdDJnTVJsdThxSl8tUUZYVWY0R2ZqRTc4a2JSdw?oc=5"" target=""_blank"">Autopista Medellín-Bogotá tiene más de 900 huecos; solución sería un proyecto de ley</a>&nbsp;&nbsp;<font color=""#6f6f6f"">Blu Radio</font>","""huecos"" Bogotá",Google News RSS,2026-09-21T11:45:27-05:00
news_00035,Huecos en el puente de la NQS con calle 19 eran utilizados por delincuentes para esconderse y la Alcaldía de Bogotá los selló - El Tiempo,https://news.google.com/rss/articles/CBMi-AFBVV95cUxQam5vcVNUbjYzTlFhbmFNVUUzdFoyV3VBQ0dYN0o2VGFMRjhkT1MyRElIa0hoYUUzQV9iR2xkRlYxTVd1TDJSN0lVdGFXNjlxUTdiLTFQNTlwNWxDdUhFZkljRnc1MlVzdnVQYUIwdk1hWldaVXBXeC1WcUphMjBZRVhWZ0hvMU9ydUlBdXJIM2tJaWZwSVp6WXlVN0dwdWUxRUpMWVd0V2pZaDZSNFd0WUlKdVNYZ1RsajdTY3hhczJkNG1DNlRNOGZFYnlGOEFRdC1hcFBaaTFpNWxrQzNGaEFMNklJaHE5RTJzYjlhVTF2eVpoVHZUNtIB_gFBVV95cUxQYzcwRmp5OGJLaFduVUI0eUJNXy1iR212Wml5R3IzeWwtRHFDZ0xLTy1WWHJBQlpMMHZzc0hXLUVNSVpWSVFEVUNnOGU3UUNQd3pDMXBXZkFoalJ4aG1NVHg2X3UyTm82RUVVT2VmNDR2UWUwb3NlX2xxY01va2pFMnlhalVSZGp2STNTLVl5Y3VXTDFiaGVqc0RXQ05pTDJoZUJJdGkxVHh2eWpZLVNyN2Rsei1tSU9rMkdDVEp3ekZuamw0X0F5Ni11NV9qdy1vQlRvTExsRnJpTkF5bkdHekN6eFY3MmxGRHY3Zzlva0RWbWFBXzlpa1JMRWxqQQ?oc=5,"Wed, 25 Feb 2026 08:00:00 GMT","<a href=""https://news.google.com/rss/articles/CBMi-AFBVV95cUxQam5vcVNUbjYzTlFhbmFNVUUzdFoyV3VBQ0dYN0o2VGFMRjhkT1MyRElIa0hoYUUzQV9iR2xkRlYxTVd1TDJSN0lVdGFXNjlxUTdiLTFQNTlwNWxDdUhFZkljRnc1MlVzdnVQYUIwdk1hWldaVXBXeC1WcUphMjBZRVhWZ0hvMU9ydUlBdXJIM2tJaWZwSVp6WXlVN0dwdWUxRUpMWVd0V2pZaDZSNFd0WUlKdVNYZ1RsajdTY3hhczJkNG1DNlRNOGZFYnlGOEFRdC1hcFBaaTFpNWxrQzNGaEFMNklJaHE5RTJzYjlhVTF2eVpoVHZUNtIB_gFBVV95cUxQYzcwRmp5OGJLaFduVUI0eUJNXy1iR212Wml5R3IzeWwtRHFDZ0xLTy1WWHJBQlpMMHZzc0hXLUVNSVpWSVFEVUNnOGU3UUNQd3pDMXBXZkFoalJ4aG1NVHg2X3UyTm82RUVVT2VmNDR2UWUwb3NlX2xxY01va2pFMnlhalVSZGp2STNTLVl5Y3VXTDFiaGVqc0RXQ05pTDJoZUJJdGkxVHh2eWpZLVNyN2Rsei1tSU9rMkdDVEp3ekZuamw0X0F5Ni11NV9qdy1vQlRvTExsRnJpTkF5bkdHekN6eFY3MmxGRHY3Zzlva0RWbWFBXzlpa1JMRWxqQQ?oc=5"" target=""_blank"">Huecos en el puente de la NQS con calle 19 eran utilizados por delincuentes para esconderse y la Alcaldía de Bogotá los selló</a>&nbsp;&nbsp;<font color=""#6f6f6f"">El Tiempo</font>","""huecos"" Bogotá",Google News RSS,2026-09-21T11:45:27-05:00
news_00036,¿Cómo reportar huecos y vías dañadas en Bogotá? - KienyKe,https://news.google.com/rss/articles/CBMiggFBVV95cUxQejJOTV80MTVBSy1kZEJBVy1oU2drSHpRcC1LNUw4SUFpN1FJRXUtQzZXVTBpZ2RkVTRjRUd2ZDd5ejVCemZxd0J6XzZTbEdtYVBfMXBIeU1VS3V3NUpGc19KS2VaQVd2RzdMbUdWa242UzhiYjA4YUdJVDZNN241aThR?oc=5,"Fri, 01 May 2026 07:00:00 GMT","<a href=""https://news.google.com/rss/articles/CBMiggFBVV95cUxQejJOTV80MTVBSy1kZEJBVy1oU2drSHpRcC1LNUw4SUFpN1FJRXUtQzZXVTBpZ2RkVTRjRUd2ZDd5ejVCemZxd0J6XzZTbEdtYVBfMXBIeU1VS3V3NUpGc19KS2VaQVd2RzdMbUdWa242UzhiYjA4YUdJVDZNN241aThR?oc=5"" target=""_blank"">¿Cómo reportar huecos y vías dañadas en Bogotá?</a>&nbsp;&nbsp;<font color=""#6f6f6f"">KienyKe</font>","""huecos"" Bogotá",Google News RSS,2026-09-21T11:45:27-05:00
news_00037,Así trabajan 1.200 personas en las noches y madrugadas para tapar los huecos de Bogotá - Las2orillas,https://news.google.com/rss/articles/CBMitAFBVV95cUxOeDFmTmhKQzZlNEh5TFNmUnRlaEpDUkF4TU14MDNpcE9UX3M0dU1UNXlhNnV5YW1FZlJKZFJxMlEtWUNxQW9VVTFfYVJBWG5XLTFqdHVXek5qbTFzQ1cteGEtUllBbkplckhmUTVTSEdkdEdidGVsUGF6QU45NjZBUjZ3T29yY0RaZlQzNEFsd00zMW5SUV8yMG5xX1pQMlF5Vi1yaHJXLU1Wc2xWazhRTTFwMlI?oc=5,"Thu, 12 Mar 2026 07:00:00 GMT","<a href=""https://news.google.com/rss/articles/CBMitAFBVV95cUxOeDFmTmhKQzZlNEh5TFNmUnRlaEpDUkF4TU14MDNpcE9UX3M0dU1UNXlhNnV5YW1FZlJKZFJxMlEtWUNxQW9VVTFfYVJBWG5XLTFqdHVXek5qbTFzQ1cteGEtUllBbkplckhmUTVTSEdkdEdidGVsUGF6QU45NjZBUjZ3T29yY0RaZlQzNEFsd00zMW5SUV8yMG5xX1pQMlF5Vi1yaHJXLU1Wc2xWazhRTTFwMlI?oc=5"" target=""_blank"">Así trabajan 1.200 personas en las noches y madrugadas para tapar los huecos de Bogotá</a>&nbsp;&nbsp;<font color=""#6f6f6f"">Las2orillas</font>","""huecos"" Bogotá",Google News RSS,2026-09-21T11:45:27-05:00
news_00038,"El 90% de los andenes en Bogotá presenta deficiencias para el tránsito peatonal, según análisis - Infobae",https://news.google.com/rss/articles/CBMi1AFBVV95cUxQa0Uyb09mSktBUi11d01wZHkxRnBiNnNCenBCS3pXNVhnNnVPWXphdU4yTDVYckR0OVdXbDdFYlFBVzlYOEtMaTAwRTFzN3JIMTVMSWlhanlGek5zTkVrSTFxY0F4ZjBBY09JdWkyMDZ2TU4wWXpLVHFVdV90UUFkMUdtbmVQQ1dQNGhjWEhQY3JnLUJpelZaQktGWVRka3lMdURiOVI3MkY2TnhfYi1RWER6bUtBakJ6Nm51ZkthTHBzMjJfdDY2U3FfdmJQYWdIcEZtU9IB7wFBVV95cUxNRm1ES21RTURQamlBZS04bl9hRVNGYlJibVBzcFNnTnJlREpsX3JlX2cyemZfNVlqbjFNVklCQTh2Y0ZmNTV3bWw0TzdGM0RJTVpsNmlzczREQWFrc1lrb0puOVh6REN2cHhEVVZqMzdZb1hMMWxCaWFDdWZla2tKTXlVc3NkWHQ4dlVFd0xNWW0zYUtYclh0YTYyN0QtWWVMMXAwOWFlV1h6YXpiMnlhQll0TEo1SnRQQlFtc2tBOEkzUk9yck5YXzhZYW04MFpBSmh6LVlBcGNRLW1VN0pSRDk3N2w4VHhZaGFGcjlPUQ?oc=5,"Sun, 18 Jan 2026 08:00:00 GMT","<a href=""https://news.google.com/rss/articles/CBMi1AFBVV95cUxQa0Uyb09mSktBUi11d01wZHkxRnBiNnNCenBCS3pXNVhnNnVPWXphdU4yTDVYckR0OVdXbDdFYlFBVzlYOEtMaTAwRTFzN3JIMTVMSWlhanlGek5zTkVrSTFxY0F4ZjBBY09JdWkyMDZ2TU4wWXpLVHFVdV90UUFkMUdtbmVQQ1dQNGhjWEhQY3JnLUJpelZaQktGWVRka3lMdURiOVI3MkY2TnhfYi1RWER6bUtBakJ6Nm51ZkthTHBzMjJfdDY2U3FfdmJQYWdIcEZtU9IB7wFBVV95cUxNRm1ES21RTURQamlBZS04bl9hRVNGYlJibVBzcFNnTnJlREpsX3JlX2cyemZfNVlqbjFNVklCQTh2Y0ZmNTV3bWw0TzdGM0RJTVpsNmlzczREQWFrc1lrb0puOVh6REN2cHhEVVZqMzdZb1hMMWxCaWFDdWZla2tKTXlVc3NkWHQ4dlVFd0xNWW0zYUtYclh0YTYyN0QtWWVMMXAwOWFlV1h6YXpiMnlhQll0TEo1SnRQQlFtc2tBOEkzUk9yck5YXzhZYW04MFpBSmh6LVlBcGNRLW1VN0pSRDk3N2w4VHhZaGFGcjlPUQ?oc=5"" target=""_blank"">El 90% de los andenes en Bogotá presenta deficiencias para el tránsito peatonal, según análisis</a>&nbsp;&nbsp;<font color=""#6f6f6f"">Infobae</font>","""huecos"" Bogotá",Google News RSS,2026-09-21T11:45:27-05:00
news_00039,Adiós a los huecos en el sur de Bogotá: 5.000 metros cuadrados de popular zona serán intervenidos durante día y noche - redmas.com.co,https://news.google.com/rss/articles/CBMi-gFBVV95cUxQYi02YzduVnRWV2haejg1N0NVU1NyTkNMU0NudnQybWp1eVlkaVBGdzVOMGtJOGxDZF9La3F2T1VYWEVvcGRGejhTYVVuMTdla1hWRGpFSDNsMTh0RTh5bWptbzFJQUtNcGVKWExTN0x4QkN0MEhITzI0N0F1cm10WXN4RFpJcldCenpDMkpqNEZrMmNmVWdINDFORXBnTDB3VWxjZDVFWENwV2FSdmE5b2R4MHU5LWRCNndJT2xqSFc3aUdxa2xUNjVZaWZTcFBIUXByQXFWN21xdS1OWHptenFvM3BRMmE2VjNISThMR19CZldkVjZJVUp3?oc=5,"Tue, 13 Jan 2026 08:00:00 GMT","<a href=""https://news.google.com/rss/articles/CBMi-gFBVV95cUxQYi02YzduVnRWV2haejg1N0NVU1NyTkNMU0NudnQybWp1eVlkaVBGdzVOMGtJOGxDZF9La3F2T1VYWEVvcGRGejhTYVVuMTdla1hWRGpFSDNsMTh0RTh5bWptbzFJQUtNcGVKWExTN0x4QkN0MEhITzI0N0F1cm10WXN4RFpJcldCenpDMkpqNEZrMmNmVWdINDFORXBnTDB3VWxjZDVFWENwV2FSdmE5b2R4MHU5LWRCNndJT2xqSFc3aUdxa2xUNjVZaWZTcFBIUXByQXFWN21xdS1OWHptenFvM3BRMmE2VjNISThMR19CZldkVjZJVUp3?oc=5"" target=""_blank"">Adiós a los huecos en el sur de Bogotá: 5.000 metros cuadrados de popular zona serán intervenidos durante día y noche</a>&nbsp;&nbsp;<font color=""#6f6f6f"">redmas.com.co</font>","""huecos"" Bogotá",Google News RSS,2026-09-21T11:45:27-05:00
news_00040,Aterrizó la tecnología alemana para tapar huecos en Bogotá: una máquina importada por la alcaldía de Galán - Las2orillas,https://news.google.com/rss/articles/CBMizgFBVV95cUxQSTd2c3k4M0ZvcUFiLW40d3FEODlWT3pwQzBvbEMzVEw3QzFVQUpfYmpNOFBZOC1OM2UwU3ZwRXBTcU5qWEVpZEFlRF9NVXJYQjRNVlU0M2huWnc3dk50QXpGWk5fbU5kLVgtTDdObk01bW8xeHVMd3d2bVdXWW9XSGUzNDRJR2FnUnlPUElPUU9Nb0lNT0I4elNrTmdOQl9iZ1JMU1pnbm1PdFF5c2VrdFA3ZzZiVjRUazJNWW9EZkFFMWNvV0VRT0VIc2V2UQ?oc=5,"Tue, 20 Jan 2026 08:00:00 GMT","<a href=""https://news.google.com/rss/articles/CBMizgFBVV95cUxQSTd2c3k4M0ZvcUFiLW40d3FEODlWT3pwQzBvbEMzVEw3QzFVQUpfYmpNOFBZOC1OM2UwU3ZwRXBTcU5qWEVpZEFlRF9NVXJYQjRNVlU0M2huWnc3dk50QXpGWk5fbU5kLVgtTDdObk01bW8xeHVMd3d2bVdXWW9XSGUzNDRJR2FnUnlPUElPUU9Nb0lNT0I4elNrTmdOQl9iZ1JMU1pnbm1PdFF5c2VrdFA3ZzZiVjRUazJNWW9EZkFFMWNvV0VRT0VIc2V2UQ?oc=5"" target=""_blank"">Aterrizó la tecnología alemana para tapar huecos en Bogotá: una máquina importada por la alcaldía de Galán</a>&nbsp;&nbsp;<font color=""#6f6f6f"">Las2orillas</font>","""huecos"" Bogotá",Google News RSS,2026-09-21T11:45:27-05:00
news_00041,Vías olvidadas en Fontibón tienen sufriendo a camioneros: hay verdaderos cráteres - bogota.alerta.com.co,https://news.google.com/rss/articles/CBMiugFBVV95cUxNa0ZpSXg0enN4UUtWeFhMbDhIOUZEdExsaExIeWtFRUlEN21aSEFSbndRWnctVlNiaEtCQm9HUEtjRkJYQ0lfN1RVeC10a1dmVlFUVC1FeXBRTVRxV2FJNElkUkxrZ2xuZmdrRjhyZFNLTjBJcU94UV83RmVhN213TmRhNWpVTTdJU09TcnBic3dWLUlOajZpdGFGRk03R2lxbnFoLXFaX3R1SjlqWld5SFFMVmJsbGgtMlHSAb4BQVVfeXFMTU84eHZTVGxpaWpLOXU3X294OTJMLWk4TFgwY2lnUUs0V294b1dpS3h6al9ZcERpWnVLUDAzWVpHeUxxdDlIQy04dTlxYWxwUXBxYXA2NlpHYWVqa2d2cHlJaXNEYXNONHVteWZFZnVadFFheFVMZE5tS3lEZGg5WDBsZFY3T055N3ZqZ3hRYzBmOWNpdkEwbjktU1lDd1JZaUNmNld5YVhOUEpTVTc3T2hSY25MQzhYTlBJRjNFUQ?oc=5,"Mon, 03 Aug 2026 07:00:00 GMT","<a href=""https://news.google.com/rss/articles/CBMiugFBVV95cUxNa0ZpSXg0enN4UUtWeFhMbDhIOUZEdExsaExIeWtFRUlEN21aSEFSbndRWnctVlNiaEtCQm9HUEtjRkJYQ0lfN1RVeC10a1dmVlFUVC1FeXBRTVRxV2FJNElkUkxrZ2xuZmdrRjhyZFNLTjBJcU94UV83RmVhN213TmRhNWpVTTdJU09TcnBic3dWLUlOajZpdGFGRk03R2lxbnFoLXFaX3R1SjlqWld5SFFMVmJsbGgtMlHSAb4BQVVfeXFMTU84eHZTVGxpaWpLOXU3X294OTJMLWk4TFgwY2lnUUs0V294b1dpS3h6al9ZcERpWnVLUDAzWVpHeUxxdDlIQy04dTlxYWxwUXBxYXA2NlpHYWVqa2d2cHlJaXNEYXNONHVteWZFZnVadFFheFVMZE5tS3lEZGg5WDBsZFY3T055N3ZqZ3hRYzBmOWNpdkEwbjktU1lDd1JZaUNmNld5YVhOUEpTVTc3T2hSY25MQzhYTlBJRjNFUQ?oc=5"" target=""_blank"">Vías olvidadas en Fontibón tienen sufriendo a camioneros: hay verdaderos cráteres</a>&nbsp;&nbsp;<font color=""#6f6f6f"">bogota.alerta.com.co</font>","""huecos"" Bogotá",Google News RSS,2026-09-21T11:45:27-05:00
news_00042,¿Cómo reportar huecos en Bogotá? Este es el paso a paso oficial - Newsroom RCN Radio,https://news.google.com/rss/articles/CBMiogFBVV95cUxQY0tkRXp5Vnk2dV84a3FieU5DdjFmQThuRzZJWDFaYUVoSThuN3FvbU1uZUloa0U0SjVrZE5rM3dESGdOQU5GUDNJMFJwaXRRZmdmbGd0Z3ZBNFRzOTNGbVp4TVZxazlDcHBraGlaTDhtd2EwOGdFV21sbmhyUVJSTEs1SWdVNV84UHJFZnVUajVFRjVYVHRjNVVDQVhENHR5bGc?oc=5,"Mon, 04 May 2026 01:28:24 GMT","<a href=""https://news.google.com/rss/articles/CBMiogFBVV95cUxQY0tkRXp5Vnk2dV84a3FieU5DdjFmQThuRzZJWDFaYUVoSThuN3FvbU1uZUloa0U0SjVrZE5rM3dESGdOQU5GUDNJMFJwaXRRZmdmbGd0Z3ZBNFRzOTNGbVp4TVZxazlDcHBraGlaTDhtd2EwOGdFV21sbmhyUVJSTEs1SWdVNV84UHJFZnVUajVFRjVYVHRjNVVDQVhENHR5bGc?oc=5"" target=""_blank"">¿Cómo reportar huecos en Bogotá? Este es el paso a paso oficial</a>&nbsp;&nbsp;<font color=""#6f6f6f"">Newsroom RCN Radio</font>","""huecos"" Bogotá",Google News RSS,2026-09-21T11:45:27-05:00
news_00043,La autopista Medellín-Bogotá lleva un mes sin peajes por el pésimo estado de la vía | El Colombiano - El Colombiano,https://news.google.com/rss/articles/CBMitAFBVV95cUxNUnhqX1RlU01iMFk1YXZINGZYWU44WHoyUWRneE9MUS1BbHIxTkFrXzcxVERVLVRZZzFWM19iSTNuV0YtRFlGRzJRc3ZheklaT09yTTBQOXZCTXdDVG5EdGdJcUhCeWJDcW9mMTRILU42bmlKY1dvTm9GNjlmMXZPU1k0QWtDWTJTUkdObzBLY0c2aDJ2enEtU3ZxbnpZSzdMbzRkNjY3TmtMckQwX0oxT09RZEfSAboBQVVfeXFMT0E5TWhsY3gxeDRkZ0gxa2RBRmZkb3FCdDk1ajVjZG5YUlBHbUxBR1NXVS0zb2ktS1RJbjV3XzBxeWRPcXp3dzNwVDhzNEZvVUFTdW5hckNOYlhrR010NGh0SXYtcURmX2dENW9EUlZfQk1fcmZYZUtYOV9WWVVkYThnMi1SdHJxSnFnV3N4TzFBV2lLRkh0MEtiTC11aU9WenZpUUxiTHlaRXpYUjljdDZsaUd2TXFic293?oc=5,"Thu, 26 Mar 2026 07:00:00 GMT","<a href=""https://news.google.com/rss/articles/CBMitAFBVV95cUxNUnhqX1RlU01iMFk1YXZINGZYWU44WHoyUWRneE9MUS1BbHIxTkFrXzcxVERVLVRZZzFWM19iSTNuV0YtRFlGRzJRc3ZheklaT09yTTBQOXZCTXdDVG5EdGdJcUhCeWJDcW9mMTRILU42bmlKY1dvTm9GNjlmMXZPU1k0QWtDWTJTUkdObzBLY0c2aDJ2enEtU3ZxbnpZSzdMbzRkNjY3TmtMckQwX0oxT09RZEfSAboBQVVfeXFMT0E5TWhsY3gxeDRkZ0gxa2RBRmZkb3FCdDk1ajVjZG5YUlBHbUxBR1NXVS0zb2ktS1RJbjV3XzBxeWRPcXp3dzNwVDhzNEZvVUFTdW5hckNOYlhrR010NGh0SXYtcURmX2dENW9EUlZfQk1fcmZYZUtYOV9WWVVkYThnMi1SdHJxSnFnV3N4TzFBV2lLRkh0MEtiTC11aU9WenZpUUxiTHlaRXpYUjljdDZsaUd2TXFic293?oc=5"" target=""_blank"">La autopista Medellín-Bogotá lleva un mes sin peajes por el pésimo estado de la vía | El Colombiano</a>&nbsp;&nbsp;<font color=""#6f6f6f"">El Colombiano</font>","""huecos"" Bogotá",Google News RSS,2026-09-21T11:45:27-05:00
news_00044,Gigantesco operativo contra el microtráfico y venta de armas en Bogotá deja más de 40 capturados - La FM,https://news.google.com/rss/articles/CBMimwFBVV95cUxNbkM5QXQtc0dPVXphMjRlVUwxcnItUjBDZ2xSNFE5TzBsQ0FSRkYyZjRCQ2tVTWJzSE9TczVQLUJ2cy1pbENPbUNjZWV2VHBmakJ5Zm8zcE9rdUI5RjEyMVk2S3RmaV93QlhkRWgyd1VjQkUtRHV4QWIwaEU2dHRoV1hnd1ZxRTROWHpQYmtEMEJaUE4tS3hxYVotd9IBmwFBVV95cUxNRmpSdHhjRzhnMzFoN3ZELTI1YmFnUWJfakptRDN4bXRwZFVrRWdmWXAydUd0UzJEcFF4aG1LdHFBVldxMjBiQy1HTk9OazN2d3RsMjFKU1h1X1M0dk5yVmlubnNKd3FlT3djelNSU0lwZkJ4YklzRWVVRE1LR0FaWGtKczVaMktIUHJSZEFrZzE4ejV6TXFPa2xYcw?oc=5,"Wed, 25 Mar 2026 07:00:00 GMT","<a href=""https://news.google.com/rss/articles/CBMimwFBVV95cUxNbkM5QXQtc0dPVXphMjRlVUwxcnItUjBDZ2xSNFE5TzBsQ0FSRkYyZjRCQ2tVTWJzSE9TczVQLUJ2cy1pbENPbUNjZWV2VHBmakJ5Zm8zcE9rdUI5RjEyMVk2S3RmaV93QlhkRWgyd1VjQkUtRHV4QWIwaEU2dHRoV1hnd1ZxRTROWHpQYmtEMEJaUE4tS3hxYVotd9IBmwFBVV95cUxNRmpSdHhjRzhnMzFoN3ZELTI1YmFnUWJfakptRDN4bXRwZFVrRWdmWXAydUd0UzJEcFF4aG1LdHFBVldxMjBiQy1HTk9OazN2d3RsMjFKU1h1X1M0dk5yVmlubnNKd3FlT3djelNSU0lwZkJ4YklzRWVVRE1LR0FaWGtKczVaMktIUHJSZEFrZzE4ejV6TXFPa2xYcw?oc=5"" target=""_blank"">Gigantesco operativo contra el microtráfico y venta de armas en Bogotá deja más de 40 capturados</a>&nbsp;&nbsp;<font color=""#6f6f6f"">La FM</font>","""huecos"" Bogotá",Google News RSS,2026-09-21T11:45:27-05:00
news_00045,"""Muchas personas evitan visitar la zona por los huecos"" alerta el alcalde de Cocorná sobre la Medellín-Bogotá - Hora 13 Noticias",https://news.google.com/rss/articles/CBMiwwFBVV95cUxOcFNtYXV3TlVnMW16QWl1aC12SDVfUjV2T3VhVnpUNmdoSXViZG1zaWlER2NBWW5qM2FnSjZVcUpPTUNiUkJMVlJHelp0RnE0R3l4Vkp5RXc0RmtLYVN3YndQSmVMcGZXSzJwb2tEX1cwVTdwZE43X09hMTVTV2t1dFBPRFRxc21janZGUXdFcGk2SUEzTnc0V1NXbzl3LXVRdzVLVFI1M1o3MmJQY3owbTFMMnRueS02UHRXZmhIejR1QUk?oc=5,"Fri, 05 Jun 2026 07:00:00 GMT","<a href=""https://news.google.com/rss/articles/CBMiwwFBVV95cUxOcFNtYXV3TlVnMW16QWl1aC12SDVfUjV2T3VhVnpUNmdoSXViZG1zaWlER2NBWW5qM2FnSjZVcUpPTUNiUkJMVlJHelp0RnE0R3l4Vkp5RXc0RmtLYVN3YndQSmVMcGZXSzJwb2tEX1cwVTdwZE43X09hMTVTV2t1dFBPRFRxc21janZGUXdFcGk2SUEzTnc0V1NXbzl3LXVRdzVLVFI1M1o3MmJQY3owbTFMMnRueS02UHRXZmhIejR1QUk?oc=5"" target=""_blank"">""Muchas personas evitan visitar la zona por los huecos"" alerta el alcalde de Cocorná sobre la Medellín-Bogotá</a>&nbsp;&nbsp;<font color=""#6f6f6f"">Hora 13 Noticias</font>","""huecos"" Bogotá",Google News RSS,2026-09-21T11:45:27-05:00
news_00046,Residentes denuncian mal estado de su vía principal en barrio al sur de Bogotá: transitar es complejo y deben desviar por grietas y huecos - El Tiempo,https://news.google.com/rss/articles/CBMiiAJBVV95cUxOU0dRTFM5SlBBWThxZlFZSFRLZlQ3SE16RExzZkw3MmVWdHBNdnY1TXFpdG45bnd2N1VMYjdFbm81VEJrcWFPc2UtMUwxLXJvNjdDUUZhMkd1VFNlVEtsVzNsNEY5V3ZfM0lad0JuZHYtcVpYSi1TZWZscGFITWY2RC1xQ3VBZS1FSGxPSzA2WUJPZ280N2JtLUpVZ2t0MjlyUU9TNkJGcFpZUlJLblM3ZlN0M0otUjRlU3dZZWgwMTl1RkdoVXJHTGZGb0dyMHF5VV9lTFIyMkNHM01JSV82aVVxa1I5VF9DakJfd05VWXFya05uYlVTMy14VEVuYS1sTU84TEw5dmvSAY4CQVVfeXFMTXZBeDNxQjRFOHBWZjBIejhJc2VscW02VzlESUlCSGxJYVA5V0ZSMWRQVE92eFV6VXd1SlVwa21vR2hnRTFMaTloTjMwM0lDVXdlR0NuTXJKZWdUbXNSRmM1UDdUZGRERkpyYUVIa3piaHVJNDdlQnRnbmw2dEVpWWFwSlJfbDl3bVBKcC1uOFczcW9IT1pfdjN3bXdJU0t0eHZ6M2F1TFczVllUcERVMmZIajFYaVBDMFY2ay0wT1RSRHdsR2JwQUI3TUprYmhSTldPajJJN2ltU25YS0EwdVNMUFl3RFY0dGZ6aFZieUhEaVN3ekdXMUVpWGQ0UWdPaVk2TzR6MEljTjN0WFNB?oc=5,"Tue, 21 Oct 2025 07:00:00 GMT","<a href=""https://news.google.com/rss/articles/CBMiiAJBVV95cUxOU0dRTFM5SlBBWThxZlFZSFRLZlQ3SE16RExzZkw3MmVWdHBNdnY1TXFpdG45bnd2N1VMYjdFbm81VEJrcWFPc2UtMUwxLXJvNjdDUUZhMkd1VFNlVEtsVzNsNEY5V3ZfM0lad0JuZHYtcVpYSi1TZWZscGFITWY2RC1xQ3VBZS1FSGxPSzA2WUJPZ280N2JtLUpVZ2t0MjlyUU9TNkJGcFpZUlJLblM3ZlN0M0otUjRlU3dZZWgwMTl1RkdoVXJHTGZGb0dyMHF5VV9lTFIyMkNHM01JSV82aVVxa1I5VF9DakJfd05VWXFya05uYlVTMy14VEVuYS1sTU84TEw5dmvSAY4CQVVfeXFMTXZBeDNxQjRFOHBWZjBIejhJc2VscW02VzlESUlCSGxJYVA5V0ZSMWRQVE92eFV6VXd1SlVwa21vR2hnRTFMaTloTjMwM0lDVXdlR0NuTXJKZWdUbXNSRmM1UDdUZGRERkpyYUVIa3piaHVJNDdlQnRnbmw2dEVpWWFwSlJfbDl3bVBKcC1uOFczcW9IT1pfdjN3bXdJU0t0eHZ6M2F1TFczVllUcERVMmZIajFYaVBDMFY2ay0wT1RSRHdsR2JwQUI3TUprYmhSTldPajJJN2ltU25YS0EwdVNMUFl3RFY0dGZ6aFZieUhEaVN3ekdXMUVpWGQ0UWdPaVk2TzR6MEljTjN0WFNB?oc=5"" target=""_blank"">Residentes denuncian mal estado de su vía principal en barrio al sur de Bogotá: transitar es complejo y deben desviar por grietas y huecos</a>&nbsp;&nbsp;<font color=""#6f6f6f"">El Tiempo</font>","""huecos"" Bogotá",Google News RSS,2026-09-21T11:45:27-05:00
news_00047,Operativo en San Bernardo: Distrito recuperó el sector 'cinco huecos’ - Bogota.gov.co,https://news.google.com/rss/articles/CBMiqwFBVV95cUxQVlpSd2s2YU5ZV1RIWVU2bDNLa25HMUtuZmxSQ09DbnhfS3FKT0UxZ3dQLVF1bjBwM2xDQ0VRX29Ib0NUNWlkWkJvMkdEd3JlRWRsUzhMUEtNMXhuX1ZrdjdZZV82VkUtdXNvalJYTWVIX0w2cTlySTRSZlV0aW44ZDlXV1VIaTNjcElCa1BHQWZzUW5rQUpSVVp5QXdySFVqUk1qRDlXZFpOMmc?oc=5,"Tue, 04 Apr 2023 07:00:00 GMT","<a href=""https://news.google.com/rss/articles/CBMiqwFBVV95cUxQVlpSd2s2YU5ZV1RIWVU2bDNLa25HMUtuZmxSQ09DbnhfS3FKT0UxZ3dQLVF1bjBwM2xDQ0VRX29Ib0NUNWlkWkJvMkdEd3JlRWRsUzhMUEtNMXhuX1ZrdjdZZV82VkUtdXNvalJYTWVIX0w2cTlySTRSZlV0aW44ZDlXV1VIaTNjcElCa1BHQWZzUW5rQUpSVVp5QXdySFVqUk1qRDlXZFpOMmc?oc=5"" target=""_blank"">Operativo en San Bernardo: Distrito recuperó el sector 'cinco huecos’</a>&nbsp;&nbsp;<font color=""#6f6f6f"">Bogota.gov.co</font>","""huecos"" Bogotá",Google News RSS,2026-09-21T11:45:27-05:00
news_00048,Iniciaron las obras del Plan de Choque para tapar 56 mil huecos en Bogotá - Bogota.gov.co,https://news.google.com/rss/articles/CBMiqAFBVV95cUxNb21IM0k3bGxwcjA1dDllaXNtWFMxaEdVS0JzSWlfMXhYZ2cwa3hlLVI4Z0ZEX2dBTm9nLU5EdG9UOUR0SWUydHE1QldVV3dSTC14UktDMzZ3UFRFZ3pRS0o0aWxMaWpSTW5WSUZ0VmVsNzh1RTdURGw4RmpQVWJBOVNHQm5yYTdVbUc0OV9jRUJocXBZLTVCZjNGR2ZnN2paVERiYmRKdDM?oc=5,"Sat, 25 Dec 2021 08:00:00 GMT","<a href=""https://news.google.com/rss/articles/CBMiqAFBVV95cUxNb21IM0k3bGxwcjA1dDllaXNtWFMxaEdVS0JzSWlfMXhYZ2cwa3hlLVI4Z0ZEX2dBTm9nLU5EdG9UOUR0SWUydHE1QldVV3dSTC14UktDMzZ3UFRFZ3pRS0o0aWxMaWpSTW5WSUZ0VmVsNzh1RTdURGw4RmpQVWJBOVNHQm5yYTdVbUc0OV9jRUJocXBZLTVCZjNGR2ZnN2paVERiYmRKdDM?oc=5"" target=""_blank"">Iniciaron las obras del Plan de Choque para tapar 56 mil huecos en Bogotá</a>&nbsp;&nbsp;<font color=""#6f6f6f"">Bogota.gov.co</font>","""huecos"" Bogotá",Google News RSS,2026-09-21T11:45:27-05:00
news_00049,Vehículos en Bogotá afectados por huecos: se necesitan un presupuesto de 11 billones de pesos para recuperar por completo la malla vial - El Tiempo,https://news.google.com/rss/articles/CBMi8wFBVV95cUxPR1htTldhRGctWVVWbWlINWk4MWZjNWVzblI1UGhpS0Z2MXZYWkU2VTVneEdDWF9TZGUtSTZGakJtTEZFY21hNm8wek5COE9JaXdxZ3BkNFJoX2l5ZklQT1p2YURvTGMwazhHS1ZHUzVITnZVMEtrdFJZZWlwM09kbTFxMjA4bXVYWWpMX2hQUUIzeV9ZTENBUzB5Q3N6OHJRMFFYdC1jUXhuVkFzY21oNmx4X2FmOTRDUUlpWXZVSjlMMXdKTVdIazhUX2J4MDFMT1JRVkFnSlM4R3ZKNWVSRnAyX3Bvel92VXAyWldkeFh5Vk3SAfgBQVVfeXFMTkpiWGRtT0tsSjIyTmg5NU1MNHVqcEF4TVJwbnpsTWVjSm5TUHRSMTdMalRpVEFQblRrRm44d1AwQnMwRHFjTjN5VzZ1Y0FESUVWVDJRWVJ0X3BGbTNrb0oyaWNwdzRnc0hhMGJIUElQdjlCUFcya1h0bmx4VGY1U3VvZUlGUHFDVExFMUVvV3F3bmRhQW45WE10dXFFakxDeUVBSXRNWi0yc0xHblU3SGdORDVaV0Z1Rm45b1BhV1FURjJ5VlZFOXlub0pkTFAyUlBkT09Da1dxWHhsaEk0T3U5TDhfZUJ6V1FHa19SWktoOXVrYVc1c3A?oc=5,"Tue, 22 Jul 2025 07:00:00 GMT","<a href=""https://news.google.com/rss/articles/CBMi8wFBVV95cUxPR1htTldhRGctWVVWbWlINWk4MWZjNWVzblI1UGhpS0Z2MXZYWkU2VTVneEdDWF9TZGUtSTZGakJtTEZFY21hNm8wek5COE9JaXdxZ3BkNFJoX2l5ZklQT1p2YURvTGMwazhHS1ZHUzVITnZVMEtrdFJZZWlwM09kbTFxMjA4bXVYWWpMX2hQUUIzeV9ZTENBUzB5Q3N6OHJRMFFYdC1jUXhuVkFzY21oNmx4X2FmOTRDUUlpWXZVSjlMMXdKTVdIazhUX2J4MDFMT1JRVkFnSlM4R3ZKNWVSRnAyX3Bvel92VXAyWldkeFh5Vk3SAfgBQVVfeXFMTkpiWGRtT0tsSjIyTmg5NU1MNHVqcEF4TVJwbnpsTWVjSm5TUHRSMTdMalRpVEFQblRrRm44d1AwQnMwRHFjTjN5VzZ1Y0FESUVWVDJRWVJ0X3BGbTNrb0oyaWNwdzRnc0hhMGJIUElQdjlCUFcya1h0bmx4VGY1U3VvZUlGUHFDVExFMUVvV3F3bmRhQW45WE10dXFFakxDeUVBSXRNWi0yc0xHblU3SGdORDVaV0Z1Rm45b1BhV1FURjJ5VlZFOXlub0pkTFAyUlBkT09Da1dxWHhsaEk0T3U5TDhfZUJ6V1FHa19SWktoOXVrYVc1c3A?oc=5"" target=""_blank"">Vehículos en Bogotá afectados por huecos: se necesitan un presupuesto de 11 billones de pesos para recuperar por completo la malla vial</a>&nbsp;&nbsp;<font color=""#6f6f6f"">El Tiempo</font>","""huecos"" Bogotá",Google News RSS,2026-09-21T11:45:27-05:00
news_00050,IDU avanza en reparación de huecos en Bogotá: van más de 440.000 m² intervenidos - Bogota.gov.co,https://news.google.com/rss/articles/CBMirgFBVV95cUxNX21MOTJrZzZaVE9tOWxHRXNvWV92ZThUTWdrcWNjeEwyX1JXZVQ0X2s1V3ZmaXBfeVVobjRBQnptTmdlQjl0d2JsU0syUVBkUXdDMlkxVEU4VmZ4alEyRmoyUlpnakpVWXBLZTZhLUZBT21YMmVoWl93elpHaG1QbjRwb2hDR3VHQ3ZPb2xLLXJPc1ZYLWM5RnVGTDhweFZLWXN3cmVXRmN0T05yb3c?oc=5,"Thu, 23 May 2024 16:50:52 GMT","<a href=""https://news.google.com/rss/articles/CBMirgFBVV95cUxNX21MOTJrZzZaVE9tOWxHRXNvWV92ZThUTWdrcWNjeEwyX1JXZVQ0X2s1V3ZmaXBfeVVobjRBQnptTmdlQjl0d2JsU0syUVBkUXdDMlkxVEU4VmZ4alEyRmoyUlpnakpVWXBLZTZhLUZBT21YMmVoWl93elpHaG1QbjRwb2hDR3VHQ3ZPb2xLLXJPc1ZYLWM5RnVGTDhweFZLWXN3cmVXRmN0T05yb3c?oc=5"" target=""_blank"">IDU avanza en reparación de huecos en Bogotá: van más de 440.000 m² intervenidos</a>&nbsp;&nbsp;<font color=""#6f6f6f"">Bogota.gov.co</font>","""huecos"" Bogotá",Google News RSS,2026-09-21T11:45:27-05:00
news_00051,Reporte su hueco para que lo tapen en el plan de choque de Bogotá - El Tiempo,https://news.google.com/rss/articles/CBMiogFBVV95cUxQaFdrQmJxeVR2TEp6SEVnNGVLWmh2eHNZN2hvTW1Jd2lBNGVBODhGdWlqX2VrdGJOejQyNTdxaURxYkt3cFpYZ0w5RkRGMVUzWWxvQ3ZQd0lxbTNTcWVPVkxSdWlpblo3YnV5RFBLQnh6cjY2X1VuVXNEX0FxVnh1N3ljT3gzRU9lQ1Rzdkd4UlYyWFpGVE5oQ2RCZ1cyQmVGQ1HSAacBQVVfeXFMTzNDREozMTVIcjVIekIzanBvbWk2U2RpTGFqVTdYVHBHRi1mdWZMV0pZd0FoVXVtVUZrYnRmdnJkZ3pvZGJLTlZmTC1LUVU4Skx1UVQwMFBBMDVNN0NBd01ZdGNRR2w3bEdBcGJBTTJ4OG1keU9hTDZ2ZUNjRFRhSGxOYWtJNnk1TXNhR0lOQjlrUjZSUHJhN29yTzZyc0xwd3dHdTVJSzg?oc=5,"Fri, 10 Dec 2021 08:00:00 GMT","<a href=""https://news.google.com/rss/articles/CBMiogFBVV95cUxQaFdrQmJxeVR2TEp6SEVnNGVLWmh2eHNZN2hvTW1Jd2lBNGVBODhGdWlqX2VrdGJOejQyNTdxaURxYkt3cFpYZ0w5RkRGMVUzWWxvQ3ZQd0lxbTNTcWVPVkxSdWlpblo3YnV5RFBLQnh6cjY2X1VuVXNEX0FxVnh1N3ljT3gzRU9lQ1Rzdkd4UlYyWFpGVE5oQ2RCZ1cyQmVGQ1HSAacBQVVfeXFMTzNDREozMTVIcjVIekIzanBvbWk2U2RpTGFqVTdYVHBHRi1mdWZMV0pZd0FoVXVtVUZrYnRmdnJkZ3pvZGJLTlZmTC1LUVU4Skx1UVQwMFBBMDVNN0NBd01ZdGNRR2w3bEdBcGJBTTJ4OG1keU9hTDZ2ZUNjRFRhSGxOYWtJNnk1TXNhR0lOQjlrUjZSUHJhN29yTzZyc0xwd3dHdTVJSzg?oc=5"" target=""_blank"">Reporte su hueco para que lo tapen en el plan de choque de Bogotá</a>&nbsp;&nbsp;<font color=""#6f6f6f"">El Tiempo</font>","""huecos"" Bogotá",Google News RSS,2026-09-21T11:45:27-05:00
news_00052,¡Pilas! Quedan pocos días para que reporte el hueco de su barrio - El Tiempo,https://news.google.com/rss/articles/CBMipwFBVV95cUxNTTJPak0yRjRpYXpWTHpNS0hlQWhBYVdqZkxucWpEaWdCbXZiNTNMWDRSXzM5eUt6bnVPd1ZkTDRGYnNLSUV3SEtpa1M3UDJBZXRma3hmSU9UVENzdWw0ZS1SS3dCX0FEMXNVd0dMa3ZPSVFCY2dIMWFja3h5S3FJamJwTVBVRTRBWVpxSmdvVmtseUlIR2Vvd1lzeEw5QzJZZFA2ZFFVc9IBrAFBVV95cUxQdGh2SHZFQWdaMVd3MXRUQmR5eVFlVnZOcTN1Z3pINzJxZ2NSZmVyWnk4Mm5NQk9UcVFWU2U4Wk80UFhtRVlvVEp3bWV1MDA4XzdZTVdIcldDcVc0QWo1TDhKOFZDbFRnb0h3UzczMFYwejhMV0hIZWJSQjFITExRMlB5bjFjZTZSRXlDZWkwcjhqUThzeGxJanlUdjhRWnpCUmdtZU9Fd0hPcnRi?oc=5,"Mon, 20 Dec 2021 08:00:00 GMT","<a href=""https://news.google.com/rss/articles/CBMipwFBVV95cUxNTTJPak0yRjRpYXpWTHpNS0hlQWhBYVdqZkxucWpEaWdCbXZiNTNMWDRSXzM5eUt6bnVPd1ZkTDRGYnNLSUV3SEtpa1M3UDJBZXRma3hmSU9UVENzdWw0ZS1SS3dCX0FEMXNVd0dMa3ZPSVFCY2dIMWFja3h5S3FJamJwTVBVRTRBWVpxSmdvVmtseUlIR2Vvd1lzeEw5QzJZZFA2ZFFVc9IBrAFBVV95cUxQdGh2SHZFQWdaMVd3MXRUQmR5eVFlVnZOcTN1Z3pINzJxZ2NSZmVyWnk4Mm5NQk9UcVFWU2U4Wk80UFhtRVlvVEp3bWV1MDA4XzdZTVdIcldDcVc0QWo1TDhKOFZDbFRnb0h3UzczMFYwejhMV0hIZWJSQjFITExRMlB5bjFjZTZSRXlDZWkwcjhqUThzeGxJanlUdjhRWnpCUmdtZU9Fd0hPcnRi?oc=5"" target=""_blank"">¡Pilas! Quedan pocos días para que reporte el hueco de su barrio</a>&nbsp;&nbsp;<font color=""#6f6f6f"">El Tiempo</font>","""huecos"" Bogotá",Google News RSS,2026-09-21T11:45:27-05:00
news_00053,¿Quieres reportar los huecos de tu barrio? Aquí te contamos cómo hacerlo - Bogota.gov.co,https://news.google.com/rss/articles/CBMiqgFBVV95cUxOb0xuV1pMUElXSTBnMXIzQTEwaHRaUHhrMWNYeGptcUszeUZ5ZnNUTExZUm1Sa3BDZjFUZnpjWkxSVWRBckR2RFhJellhUGtfdW9WR3c5cEtpbzZJWlk1NnFfT3lpb212RFBUeVdQRDRuNXFJN2RQandXN2NxanJKZnBSMXd1NWdLczVyX2lDZWh3cVN4TmExY2paSURLX3VxZ2pmQ1lCRVdwZw?oc=5,"Wed, 11 May 2022 07:00:00 GMT","<a href=""https://news.google.com/rss/articles/CBMiqgFBVV95cUxOb0xuV1pMUElXSTBnMXIzQTEwaHRaUHhrMWNYeGptcUszeUZ5ZnNUTExZUm1Sa3BDZjFUZnpjWkxSVWRBckR2RFhJellhUGtfdW9WR3c5cEtpbzZJWlk1NnFfT3lpb212RFBUeVdQRDRuNXFJN2RQandXN2NxanJKZnBSMXd1NWdLczVyX2lDZWh3cVN4TmExY2paSURLX3VxZ2pmQ1lCRVdwZw?oc=5"" target=""_blank"">¿Quieres reportar los huecos de tu barrio? Aquí te contamos cómo hacerlo</a>&nbsp;&nbsp;<font color=""#6f6f6f"">Bogota.gov.co</font>","""huecos"" Bogotá",Google News RSS,2026-09-21T11:45:27-05:00
news_00054,¿Qué hará Bogotá para tapar tantos huecos? - El Tiempo,https://news.google.com/rss/articles/CBMiqgFBVV95cUxOSEFHaHFHUzRZZmh4MDNET3BZOUc4VnBTVFY3MUdwLWRlaGdTdnpGbE1rbmFqbWVJUkdxRmNKVGhJWXpQeUVtMllPMzJxZHZnOUxIZmdhZ01fN2xIdmxjVG9UbmVNVUl0dWM5X0dfYzBYVTVhOWxoMzBwRFZqbWFDVkRDNXlyQnlVZXE2NVlhQWFSbTVPdGc5UV9GSWRyZmVmTnV4ajdsUV85Z9IBrwFBVV95cUxPdGV4aG52NWJhWkhfZVhhVndZNnYwa051MXRBaHplY19EbVVkQkl1SEplVWpCUTd1ZV96aUtLYURyZmRSYmRtX3FTU01CM2hGNDF3UHd5M1d4ODBiNTFBY1dTQWxuYk5fWHBkRFcxbV9wU2ZkVGlia0NtSzFNVE9QSlNmaTczeWdXN3Qtbld1dmdWbjVsbkIwaFdnRlk2RDNDQlFRNjlNTXVCZDhLekI0?oc=5,"Mon, 06 Dec 2021 08:00:00 GMT","<a href=""https://news.google.com/rss/articles/CBMiqgFBVV95cUxOSEFHaHFHUzRZZmh4MDNET3BZOUc4VnBTVFY3MUdwLWRlaGdTdnpGbE1rbmFqbWVJUkdxRmNKVGhJWXpQeUVtMllPMzJxZHZnOUxIZmdhZ01fN2xIdmxjVG9UbmVNVUl0dWM5X0dfYzBYVTVhOWxoMzBwRFZqbWFDVkRDNXlyQnlVZXE2NVlhQWFSbTVPdGc5UV9GSWRyZmVmTnV4ajdsUV85Z9IBrwFBVV95cUxPdGV4aG52NWJhWkhfZVhhVndZNnYwa051MXRBaHplY19EbVVkQkl1SEplVWpCUTd1ZV96aUtLYURyZmRSYmRtX3FTU01CM2hGNDF3UHd5M1d4ODBiNTFBY1dTQWxuYk5fWHBkRFcxbV9wU2ZkVGlia0NtSzFNVE9QSlNmaTczeWdXN3Qtbld1dmdWbjVsbkIwaFdnRlk2RDNDQlFRNjlNTXVCZDhLekI0?oc=5"" target=""_blank"">¿Qué hará Bogotá para tapar tantos huecos?</a>&nbsp;&nbsp;<font color=""#6f6f6f"">El Tiempo</font>","""huecos"" Bogotá",Google News RSS,2026-09-21T11:45:27-05:00
news_00055,En diciembre vamos a pavimentar 225 calles y a tapar 56.000 huecos: Alcaldesa - Bogota.gov.co,https://news.google.com/rss/articles/CBMiqAFBVV95cUxPRFlCbEZhR1pMMWZaWVN1TkJLZzBzd1JTNVJFMnVSOHRhVU1JaTlkbjJXSnUwa2Y1YUVDaWc5UndDcS1EY0pWS3lHWnJST3Z1TGlnN3ptUThMLV9Sdi1oR0NicUcwS3hLTy1yeUlRaGpqWVcyQVZZclFtUlQ3SE9iYmw3dkFWN3pnd1oyS0dTZVBndng3VF9ldmozYVlUaUQ4dnpRUU9HUWU?oc=5,"Thu, 09 Dec 2021 08:00:00 GMT","<a href=""https://news.google.com/rss/articles/CBMiqAFBVV95cUxPRFlCbEZhR1pMMWZaWVN1TkJLZzBzd1JTNVJFMnVSOHRhVU1JaTlkbjJXSnUwa2Y1YUVDaWc5UndDcS1EY0pWS3lHWnJST3Z1TGlnN3ptUThMLV9Sdi1oR0NicUcwS3hLTy1yeUlRaGpqWVcyQVZZclFtUlQ3SE9iYmw3dkFWN3pnd1oyS0dTZVBndng3VF9ldmozYVlUaUQ4dnpRUU9HUWU?oc=5"" target=""_blank"">En diciembre vamos a pavimentar 225 calles y a tapar 56.000 huecos: Alcaldesa</a>&nbsp;&nbsp;<font color=""#6f6f6f"">Bogota.gov.co</font>","""huecos"" Bogotá",Google News RSS,2026-09-21T11:45:27-05:00
news_00056,Video: ¿Te has preguntado cómo se tapa un hueco en Bogotá? ¡Te explicamos! - Bogota.gov.co,https://news.google.com/rss/articles/CBMiqwFBVV95cUxQalN4TklVYm1PT3pBSTNpc2laNC1ZRTA3a2hUQnFXb0lESDA3Y18ydWkxYjhiTERfSlJ1cmNEeWx2ZkhJV0dPQVd3dUFKSEJmYlhpdXBfdk1kSlFFNE1nc1pybDBpcUtlM2ZrTnd3bUs2MmktV0FNUnJDYTk0RkxyQ1FfSTVPWmlWNWhPemR4aUxNbFlFSWI0Y3RpVEZlcU8yRGh1cFUxMlp6X0k?oc=5,"Fri, 06 Sep 2024 07:00:00 GMT","<a href=""https://news.google.com/rss/articles/CBMiqwFBVV95cUxQalN4TklVYm1PT3pBSTNpc2laNC1ZRTA3a2hUQnFXb0lESDA3Y18ydWkxYjhiTERfSlJ1cmNEeWx2ZkhJV0dPQVd3dUFKSEJmYlhpdXBfdk1kSlFFNE1nc1pybDBpcUtlM2ZrTnd3bUs2MmktV0FNUnJDYTk0RkxyQ1FfSTVPWmlWNWhPemR4aUxNbFlFSWI0Y3RpVEZlcU8yRGh1cFUxMlp6X0k?oc=5"" target=""_blank"">Video: ¿Te has preguntado cómo se tapa un hueco en Bogotá? ¡Te explicamos!</a>&nbsp;&nbsp;<font color=""#6f6f6f"">Bogota.gov.co</font>","""huecos"" Bogotá",Google News RSS,2026-09-21T11:45:27-05:00
news_00057,"Más de 26.000 huecos ha tapado el Distrito en Bogotá, mi Ciudad, mi Casa - Bogota.gov.co",https://news.google.com/rss/articles/CBMirwFBVV95cUxNSXhac2dSRlpzQVZaZUg4N0FJSEFKOURXSTR5N0E2WmIxQ1lRU0pvcjR3a1FwMWtlVHBoSW9nMWloS2NLUk4tRUN0WGREX3VQZzh1bzlTR0d3QnlOVTAxbWNMUTdDbnBoNGp6LVpoY19PT1NScDhscklrdHJMdTBXaWFtVEVPLWk5RFpoR2ZEZllhNlFIN1B2Wl9oWkhYYVE3ZG93LTZfV3pGUmhYWWRR?oc=5,"Sat, 24 Aug 2024 07:00:00 GMT","<a href=""https://news.google.com/rss/articles/CBMirwFBVV95cUxNSXhac2dSRlpzQVZaZUg4N0FJSEFKOURXSTR5N0E2WmIxQ1lRU0pvcjR3a1FwMWtlVHBoSW9nMWloS2NLUk4tRUN0WGREX3VQZzh1bzlTR0d3QnlOVTAxbWNMUTdDbnBoNGp6LVpoY19PT1NScDhscklrdHJMdTBXaWFtVEVPLWk5RFpoR2ZEZllhNlFIN1B2Wl9oWkhYYVE3ZG93LTZfV3pGUmhYWWRR?oc=5"" target=""_blank"">Más de 26.000 huecos ha tapado el Distrito en Bogotá, mi Ciudad, mi Casa</a>&nbsp;&nbsp;<font color=""#6f6f6f"">Bogota.gov.co</font>","""huecos"" Bogotá",Google News RSS,2026-09-21T11:45:27-05:00
news_00058,Alcaldía de Bogotá intervino el sector 'Cinco huecos' - El Tiempo,https://news.google.com/rss/articles/CBMilAFBVV95cUxPOThfM1FhQzYzZlN0Yi1ZbU1HNzA5YU1IemhONzRpenNrbWJ4QVVtUzcxby10Mk9PclBfMXcwRzBoZkY0bWFXOFBqeDg2VGw2X3NTTDU2UHN0UkJKX0xVdDJBbEZWR0NNb2xfWFZhM29KT2w2ZWxCNEhxalFsSTJDZ0lYTWsxWl9HbE5MN1FkWEk3dTNS0gGaAUFVX3lxTFBNN3VsWlBqMHhwdWNTX1preXJGY1ZveWd4Ymd4a01sMEZ1Zmt6OW1iQlVDMVhSdHBDVHlWUUhXcVlHWkNfMG0wYXUwVzExcXJ3X0FSYk5aZFVxblBURHFoMkVIanRSNTd0VlZMNUdJeVRtb201S2Z1Vm12MVprdUQyU3pVVVExQ08wZ3NpTEQ1OC1yS2JERlRJd3c?oc=5,"Tue, 04 Apr 2023 07:00:00 GMT","<a href=""https://news.google.com/rss/articles/CBMilAFBVV95cUxPOThfM1FhQzYzZlN0Yi1ZbU1HNzA5YU1IemhONzRpenNrbWJ4QVVtUzcxby10Mk9PclBfMXcwRzBoZkY0bWFXOFBqeDg2VGw2X3NTTDU2UHN0UkJKX0xVdDJBbEZWR0NNb2xfWFZhM29KT2w2ZWxCNEhxalFsSTJDZ0lYTWsxWl9HbE5MN1FkWEk3dTNS0gGaAUFVX3lxTFBNN3VsWlBqMHhwdWNTX1preXJGY1ZveWd4Ymd4a01sMEZ1Zmt6OW1iQlVDMVhSdHBDVHlWUUhXcVlHWkNfMG0wYXUwVzExcXJ3X0FSYk5aZFVxblBURHFoMkVIanRSNTd0VlZMNUdJeVRtb201S2Z1Vm12MVprdUQyU3pVVVExQ08wZ3NpTEQ1OC1yS2JERlRJd3c?oc=5"" target=""_blank"">Alcaldía de Bogotá intervino el sector 'Cinco huecos'</a>&nbsp;&nbsp;<font color=""#6f6f6f"">El Tiempo</font>","""huecos"" Bogotá",Google News RSS,2026-09-21T11:45:27-05:00
news_00059,Unidad de Mantenimiento Vial ha tapado cerca de 220.000 huecos en Bogotá en 2023 - Bogota.gov.co,https://news.google.com/rss/articles/CBMikgFBVV95cUxOMEE3c29SeGZIejFmQ3JkNzNCcFFVcWFyeDRzQmpVRmNBQ1BDd3Frc0pSdHk0a0RPSWxRRFV2RlRNOFc5b3A2ai1FS1JUMzBLWGV2Y3BkLVpIVW5wczhfSTFvVFhHWDZRclVTVGJJTjdhT1pVUmhncGYzTGZkbjRicDR0M1lRRlNkMXRVWU4wNjhuQQ?oc=5,"Sat, 21 Oct 2023 07:00:00 GMT","<a href=""https://news.google.com/rss/articles/CBMikgFBVV95cUxOMEE3c29SeGZIejFmQ3JkNzNCcFFVcWFyeDRzQmpVRmNBQ1BDd3Frc0pSdHk0a0RPSWxRRFV2RlRNOFc5b3A2ai1FS1JUMzBLWGV2Y3BkLVpIVW5wczhfSTFvVFhHWDZRclVTVGJJTjdhT1pVUmhncGYzTGZkbjRicDR0M1lRRlNkMXRVWU4wNjhuQQ?oc=5"" target=""_blank"">Unidad de Mantenimiento Vial ha tapado cerca de 220.000 huecos en Bogotá en 2023</a>&nbsp;&nbsp;<font color=""#6f6f6f"">Bogota.gov.co</font>","""huecos"" Bogotá",Google News RSS,2026-09-21T11:45:27-05:00
news_00060,"Inició la Tapatón UMV, estrategia para tapar huecos en diciembre 2023 - Bogota.gov.co",https://news.google.com/rss/articles/CBMirwFBVV95cUxOQmtYc0NHZF9ZWkNGVkxhZGctSzdYNHczWXFpemV3VGFUN2NmdlVRLW9FYlB2Y0Y0QTByczlOYTVTOVdDV0Y4ZlBScTcwTkJBWkxHRTV6bG9ZQTBOYjA3ekdIaUREWDlNRFlXZVBiNUdQRkN2NkhlaDlnc3ZnTHRCMF9qaEdhTVJlbWp5bEdHQXlGQUo3ZUpFbXBOalFYR3h2cGZvdWlqV1YtUU9SQ0Nj?oc=5,"Sun, 31 Dec 2023 08:00:00 GMT","<a href=""https://news.google.com/rss/articles/CBMirwFBVV95cUxOQmtYc0NHZF9ZWkNGVkxhZGctSzdYNHczWXFpemV3VGFUN2NmdlVRLW9FYlB2Y0Y0QTByczlOYTVTOVdDV0Y4ZlBScTcwTkJBWkxHRTV6bG9ZQTBOYjA3ekdIaUREWDlNRFlXZVBiNUdQRkN2NkhlaDlnc3ZnTHRCMF9qaEdhTVJlbWp5bEdHQXlGQUo3ZUpFbXBOalFYR3h2cGZvdWlqV1YtUU9SQ0Nj?oc=5"" target=""_blank"">Inició la Tapatón UMV, estrategia para tapar huecos en diciembre 2023</a>&nbsp;&nbsp;<font color=""#6f6f6f"">Bogota.gov.co</font>","""huecos"" Bogotá",Google News RSS,2026-09-21T11:45:27-05:00
news_00061,Los Concejales Julián Forero y Angelo Schiavenato se unen para tapar un hueco en Bogotá - Concejo de Bogotá,https://news.google.com/rss/articles/CBMizAFBVV95cUxPXy0yU1h0dTBEcXBFWG1lZU9GZ3hTU0hrMnVuQjZ0QmJfMU5KTWROMGVoblBlMHphY0VTWG5fSVo5cUhfY3plOUtBZklUUGhOWDRyckVMQVk1eldsVFhJMUl1UjRVMkhleE0xNXJvWlFadkRHS196Q2dhWC1qMXlpZTNqVENlR0JzUkRWNnJWT0U0bW1jbzdRQlBLNFZRekZZYXlKOUpfMkhMRk14aHdpWnM1OVA2ZGNPOGdtTl9FQXRRY3RHZkl5S0NYYV8?oc=5,"Mon, 12 Feb 2024 08:00:00 GMT","<a href=""https://news.google.com/rss/articles/CBMizAFBVV95cUxPXy0yU1h0dTBEcXBFWG1lZU9GZ3hTU0hrMnVuQjZ0QmJfMU5KTWROMGVoblBlMHphY0VTWG5fSVo5cUhfY3plOUtBZklUUGhOWDRyckVMQVk1eldsVFhJMUl1UjRVMkhleE0xNXJvWlFadkRHS196Q2dhWC1qMXlpZTNqVENlR0JzUkRWNnJWT0U0bW1jbzdRQlBLNFZRekZZYXlKOUpfMkhMRk14aHdpWnM1OVA2ZGNPOGdtTl9FQXRRY3RHZkl5S0NYYV8?oc=5"" target=""_blank"">Los Concejales Julián Forero y Angelo Schiavenato se unen para tapar un hueco en Bogotá</a>&nbsp;&nbsp;<font color=""#6f6f6f"">Concejo de Bogotá</font>","""huecos"" Bogotá",Google News RSS,2026-09-21T11:45:27-05:00
news_00062,Accidentes en huecos: tome nota de cómo puede pedir indemnización en Bogotá - Infobae,https://news.google.com/rss/articles/CBMiuwFBVV95cUxPS05zV0swZkl0akFSUTRzM0tuWGpOdV93bDZYdDh0ak5TZW9EdTRKMlZMWGsyZU9sNkJ2ei1JZVdST0hoa3lYdHVhQXl2bkJSdVN3ckx4UUVLZDc5eWtMS0NMSnM5NHJPdUhoeTdoLTJzSGJZMW5EcnJDUXVOR3NrNkoxWlU1ZktTaGFhLXl1NW5JLTQ0cnY2bFJjWUdreFZCcjd4RFpuSEktYjdBRTlrSThscVg1NXA3TnZr0gHWAUFVX3lxTE5UeC1SOTBLTFBvb3c2dWZxNHZMTE01SUlGTGxqM2FhNTFMa05RcGZmb0ItaEExcHpjdm9pUmdDQUlPWmliSG1pdFMwcmczYjhFenJOak5Ib0hLTFIyakVyelNzTFhnX1hsRlZTbWd2S1hsRjF1LXZISk93aFQ1cXg4MzFBNDktLVEwTWpQZGdFbzcwYXpGNWFiYl9CZWZVMXFhdjkzeXJSM3RwRlRnbmhkLTJGSk5fNE1NMnItOEppbERUanlQcE1LRmRIVjYwRGR4N3hzcUE?oc=5,"Thu, 28 Mar 2024 07:00:00 GMT","<a href=""https://news.google.com/rss/articles/CBMiuwFBVV95cUxPS05zV0swZkl0akFSUTRzM0tuWGpOdV93bDZYdDh0ak5TZW9EdTRKMlZMWGsyZU9sNkJ2ei1JZVdST0hoa3lYdHVhQXl2bkJSdVN3ckx4UUVLZDc5eWtMS0NMSnM5NHJPdUhoeTdoLTJzSGJZMW5EcnJDUXVOR3NrNkoxWlU1ZktTaGFhLXl1NW5JLTQ0cnY2bFJjWUdreFZCcjd4RFpuSEktYjdBRTlrSThscVg1NXA3TnZr0gHWAUFVX3lxTE5UeC1SOTBLTFBvb3c2dWZxNHZMTE01SUlGTGxqM2FhNTFMa05RcGZmb0ItaEExcHpjdm9pUmdDQUlPWmliSG1pdFMwcmczYjhFenJOak5Ib0hLTFIyakVyelNzTFhnX1hsRlZTbWd2S1hsRjF1LXZISk93aFQ1cXg4MzFBNDktLVEwTWpQZGdFbzcwYXpGNWFiYl9CZWZVMXFhdjkzeXJSM3RwRlRnbmhkLTJGSk5fNE1NMnItOEppbERUanlQcE1LRmRIVjYwRGR4N3hzcUE?oc=5"" target=""_blank"">Accidentes en huecos: tome nota de cómo puede pedir indemnización en Bogotá</a>&nbsp;&nbsp;<font color=""#6f6f6f"">Infobae</font>","""huecos"" Bogotá",Google News RSS,2026-09-21T11:45:27-05:00
news_00063,Huecos en Bogotá: ¿cómo reportarlos para que los tapen? - El Tiempo,https://news.google.com/rss/articles/CBMifEFVX3lxTE1HUjA1eW55Vm5RNXhfcnR1bnBoUHpxVlRONmYyTTJHTUR3eDNpYWJhOHZGT3cybS1Oem9XTDE5NWxndWMtenZlMm5BTXhCVTREcmVSbFBoYmhqak1xaXZJdll3NUc3MEJoM2JneVR4U09BVUl3N3ZjcnlXZzTSAYIBQVVfeXFMUGRZMXZGZW9Cb0FObGw2emlZM0Rsem5XenJPZUZLVGV1TlZLZDN1ZHlUMG9qYTNMV1R4NnV3RlJCQzdzTG9xS19kQVdrZm9fRnoxY3VZcGExeXVwTk8xRThfamFjcVRfd0VHczZKNnFVSWxzV3kycHRvOGtBQ0d1MER0QQ?oc=5,"Thu, 29 Jul 2021 07:00:00 GMT","<a href=""https://news.google.com/rss/articles/CBMifEFVX3lxTE1HUjA1eW55Vm5RNXhfcnR1bnBoUHpxVlRONmYyTTJHTUR3eDNpYWJhOHZGT3cybS1Oem9XTDE5NWxndWMtenZlMm5BTXhCVTREcmVSbFBoYmhqak1xaXZJdll3NUc3MEJoM2JneVR4U09BVUl3N3ZjcnlXZzTSAYIBQVVfeXFMUGRZMXZGZW9Cb0FObGw2emlZM0Rsem5XenJPZUZLVGV1TlZLZDN1ZHlUMG9qYTNMV1R4NnV3RlJCQzdzTG9xS19kQVdrZm9fRnoxY3VZcGExeXVwTk8xRThfamFjcVRfd0VHczZKNnFVSWxzV3kycHRvOGtBQ0d1MER0QQ?oc=5"" target=""_blank"">Huecos en Bogotá: ¿cómo reportarlos para que los tapen?</a>&nbsp;&nbsp;<font color=""#6f6f6f"">El Tiempo</font>","""huecos"" Bogotá",Google News RSS,2026-09-21T11:45:27-05:00
news_00064,"Autoridades incautan armas, alucinógenos y sellan 9 locales en ‘Cinco huecos’ - Bogota.gov.co",https://news.google.com/rss/articles/CBMirAFBVV95cUxQdzJqak1laG1lM1NIbUdXYk5VZ3BQYkNnNnFNQVZrcWN5WjRfRTBRZjFGekFoUkVmclFaUTZRZVF2ODBTbVY0aDktYjFsN0ZhYXFuN1J6OWRNOU1nYXExekh4NjVhOGp1TzEteHNna1E5RzI5ejlGVXl6d0MtLTZYVVJNbDJwaklsNWZhWVA5RlFRMXpZbE5BdUs1TlBaSkRkcXNJLVVzUU1DdTg2?oc=5,"Fri, 25 Feb 2022 08:00:00 GMT","<a href=""https://news.google.com/rss/articles/CBMirAFBVV95cUxQdzJqak1laG1lM1NIbUdXYk5VZ3BQYkNnNnFNQVZrcWN5WjRfRTBRZjFGekFoUkVmclFaUTZRZVF2ODBTbVY0aDktYjFsN0ZhYXFuN1J6OWRNOU1nYXExekh4NjVhOGp1TzEteHNna1E5RzI5ejlGVXl6d0MtLTZYVVJNbDJwaklsNWZhWVA5RlFRMXpZbE5BdUs1TlBaSkRkcXNJLVVzUU1DdTg2?oc=5"" target=""_blank"">Autoridades incautan armas, alucinógenos y sellan 9 locales en ‘Cinco huecos’</a>&nbsp;&nbsp;<font color=""#6f6f6f"">Bogota.gov.co</font>","""huecos"" Bogotá",Google News RSS,2026-09-21T11:45:27-05:00
news_00065,¿Cuánto dinero se requiere para hacer el mantenimiento de toda la malla vial de Bogotá? - Portafolio.co,https://news.google.com/rss/articles/CBMirwFBVV95cUxNVVBUbExOMWpLZ3d5WjFwV1E3ck5PcWk4NGJpeWxWTWRIM3ZXOGFoV1N3Z3o3ZVdIdGlkaHVUNXpKMmdIMFZOVWF5eU8yNUdaNFU5Y2lfdGliOHc3QVNhVlhLS28tMU1HWEhkZWpTM3I1eXBmOUNJbFIzbml5N3NSaERIbHpKbmNmVTNyUTZZaGFQbXJ5SUFIZ0UyeU9rY0F1U2J6ajdnZjRoV1VhcnFz0gG0AUFVX3lxTE5tb2s3NU1USzk4WXFXOFFNakM0blFHQ204TnBhQTc2d0J6ZzB5X0pmSGU1N2Y1a2FkbUFHZExWdUt3Tl9hdmlRTDJnUFIySU1vMTNKTzlweEtWSEE2WlNHbVZtSFlzU01ObUQ5MFI2NVBucEg4M1FSZFdJejZMVXV3RndKSkNKZ0JaTXI5YVdBZGxtQkxNeDhmX3ZuM3Q4UEZDN2UtWWQtazBXNXJ2M0FESDdPYg?oc=5,"Sun, 10 Aug 2025 07:00:00 GMT","<a href=""https://news.google.com/rss/articles/CBMirwFBVV95cUxNVVBUbExOMWpLZ3d5WjFwV1E3ck5PcWk4NGJpeWxWTWRIM3ZXOGFoV1N3Z3o3ZVdIdGlkaHVUNXpKMmdIMFZOVWF5eU8yNUdaNFU5Y2lfdGliOHc3QVNhVlhLS28tMU1HWEhkZWpTM3I1eXBmOUNJbFIzbml5N3NSaERIbHpKbmNmVTNyUTZZaGFQbXJ5SUFIZ0UyeU9rY0F1U2J6ajdnZjRoV1VhcnFz0gG0AUFVX3lxTE5tb2s3NU1USzk4WXFXOFFNakM0blFHQ204TnBhQTc2d0J6ZzB5X0pmSGU1N2Y1a2FkbUFHZExWdUt3Tl9hdmlRTDJnUFIySU1vMTNKTzlweEtWSEE2WlNHbVZtSFlzU01ObUQ5MFI2NVBucEg4M1FSZFdJejZMVXV3RndKSkNKZ0JaTXI5YVdBZGxtQkxNeDhmX3ZuM3Q4UEZDN2UtWWQtazBXNXJ2M0FESDdPYg?oc=5"" target=""_blank"">¿Cuánto dinero se requiere para hacer el mantenimiento de toda la malla vial de Bogotá?</a>&nbsp;&nbsp;<font color=""#6f6f6f"">Portafolio.co</font>","""huecos"" Bogotá",Google News RSS,2026-09-21T11:45:27-05:00
news_00066,Los huecos de Bogotá ahora son una obra de arte: esta es la galería que refleja la realidad de la ciudad - Infobae,https://news.google.com/rss/articles/CBMi4gFBVV95cUxOM0ZvdmdJMWNmZDNYSHF6WXg2d1hmRmRTc0Y1OUZGUDBJZmtYU2Nfa3J2OWhDbWlVbkg4M0s2YkpSbG9vdEtrbFNDTTVzSW1UWGhuOEVQa0FRUDZVUWUydnp1R3MxQVBScjVaX3hzeTgxZXFXMnNEWG8yZ0lEbHhaVmg4NWxjVFpfa3VuS2FVYVlHUDRlbVJObzdHbE4xWXZuQWpsMEZIVHJ1Ykg1RGVVU3NNRDBraG1vQUFXcUd4Vmt5Tk9kdVdQSExkTFp4dXFVMjNfWTlDcHBKRC1CMnEwNlN30gH8AUFVX3lxTE9CdjJuU0xCQUNhZ2ZUV3J6OThJSGp3TFE4SnVGc0ZJWnkxeVE5QWQzOGk5UHhXNXVOcnJBVWlMbGszRmZLejZZTzg3SUVocHVzWWlhUGdhY0V3VzJ5Yy13ZDFWeVVpU2NROHRTOWNNWVVvaFhOV0tvQzhPRm9reG1VMFVoazQ2RGhoemlqbXF2WVJBbUlYbjNEaTNYVnZYSVI2Mk92SF9QVnlkRkZBSC0weTBRdXNiZFFmOWZwVWFkeU5LZEJsakdveXVCUUo0VHA0dXRrSUJNOGVsX2VzN3c3emtTVUVoUjVmU3hXRVFqNDVDbFhIa3gwVEJrZA?oc=5,"Tue, 18 Mar 2025 07:00:00 GMT","<a href=""https://news.google.com/rss/articles/CBMi4gFBVV95cUxOM0ZvdmdJMWNmZDNYSHF6WXg2d1hmRmRTc0Y1OUZGUDBJZmtYU2Nfa3J2OWhDbWlVbkg4M0s2YkpSbG9vdEtrbFNDTTVzSW1UWGhuOEVQa0FRUDZVUWUydnp1R3MxQVBScjVaX3hzeTgxZXFXMnNEWG8yZ0lEbHhaVmg4NWxjVFpfa3VuS2FVYVlHUDRlbVJObzdHbE4xWXZuQWpsMEZIVHJ1Ykg1RGVVU3NNRDBraG1vQUFXcUd4Vmt5Tk9kdVdQSExkTFp4dXFVMjNfWTlDcHBKRC1CMnEwNlN30gH8AUFVX3lxTE9CdjJuU0xCQUNhZ2ZUV3J6OThJSGp3TFE4SnVGc0ZJWnkxeVE5QWQzOGk5UHhXNXVOcnJBVWlMbGszRmZLejZZTzg3SUVocHVzWWlhUGdhY0V3VzJ5Yy13ZDFWeVVpU2NROHRTOWNNWVVvaFhOV0tvQzhPRm9reG1VMFVoazQ2RGhoemlqbXF2WVJBbUlYbjNEaTNYVnZYSVI2Mk92SF9QVnlkRkZBSC0weTBRdXNiZFFmOWZwVWFkeU5LZEJsakdveXVCUUo0VHA0dXRrSUJNOGVsX2VzN3c3emtTVUVoUjVmU3hXRVFqNDVDbFhIa3gwVEJrZA?oc=5"" target=""_blank"">Los huecos de Bogotá ahora son una obra de arte: esta es la galería que refleja la realidad de la ciudad</a>&nbsp;&nbsp;<font color=""#6f6f6f"">Infobae</font>","""huecos"" Bogotá",Google News RSS,2026-09-21T11:45:27-05:00
news_00067,Ya se han tapado 2.507 huecos en Bogotá - Bogota.gov.co,https://news.google.com/rss/articles/CBMihwFBVV95cUxQd1JLWXJOOTUxOWdRcVJjdm1rNFVadnotVk5VMTgtN2k3clJNUVhOMmFrUHdINDNqRmREeGtOejNTNDRPUVdmQzhRTi1ZdVU1bVF3X0FYMkFHQ2VwS1JadG1saTk0b0lxY09JSm5FUzdzaU9zTWFBZGpiNkp2ODU0bzdObU9hNVk?oc=5,"Sat, 18 May 2019 02:22:17 GMT","<a href=""https://news.google.com/rss/articles/CBMihwFBVV95cUxQd1JLWXJOOTUxOWdRcVJjdm1rNFVadnotVk5VMTgtN2k3clJNUVhOMmFrUHdINDNqRmREeGtOejNTNDRPUVdmQzhRTi1ZdVU1bVF3X0FYMkFHQ2VwS1JadG1saTk0b0lxY09JSm5FUzdzaU9zTWFBZGpiNkp2ODU0bzdObU9hNVk?oc=5"" target=""_blank"">Ya se han tapado 2.507 huecos en Bogotá</a>&nbsp;&nbsp;<font color=""#6f6f6f"">Bogota.gov.co</font>","""huecos"" Bogotá",Google News RSS,2026-09-21T11:45:27-05:00
news_00068,Directivos de Invías se comprometen a tapar los huecos tras las protestas en la Medellín - Bogotá - Telemedellín,https://news.google.com/rss/articles/CBMickFVX3lxTE9rZC1jdXpGdHgwRElUSDhhdTdzc1RuUWppVWtqNkw2UzA3MVZRc2kxcEkwYklkdm9fX2hTVHJEN2VFZVlyXzcxcTNzM014Ui16MmRvejdEZkhrVnRHck14U19tdjF2UmI1QWNFTjV6QUc1dw?oc=5,"Mon, 09 Jun 2025 07:00:00 GMT","<a href=""https://news.google.com/rss/articles/CBMickFVX3lxTE9rZC1jdXpGdHgwRElUSDhhdTdzc1RuUWppVWtqNkw2UzA3MVZRc2kxcEkwYklkdm9fX2hTVHJEN2VFZVlyXzcxcTNzM014Ui16MmRvejdEZkhrVnRHck14U19tdjF2UmI1QWNFTjV6QUc1dw?oc=5"" target=""_blank"">Directivos de Invías se comprometen a tapar los huecos tras las protestas en la Medellín - Bogotá</a>&nbsp;&nbsp;<font color=""#6f6f6f"">Telemedellín</font>","""huecos"" Bogotá",Google News RSS,2026-09-21T11:45:27-05:00
news_00069,Más de 100 huecos volvieron intransitable la autopista Medellín-Bogotá en Antioquia | El Colombiano - El Colombiano,https://news.google.com/rss/articles/CBMiogFBVV95cUxPSXg4RkROcDNPTHJtY3B4UWJlRmw5YUl1aHE5WUhneXRTdHRrR3N4ZENVT0NBdFlJZGM1azh5ekpxOF8zUjBMc2RwejByN3RIcThGTlZNTjZOalBWZmZNR2JnbU01NlVQVEdJSlktRGtvWV9GRkR6UnM1OE1QQkRVUy1DemExNVpiNFBEOXN5MHBIcGRvcmVUWTQ5aUlyVGY1RWfSAacBQVVfeXFMTkMwdWN1U1BCUW9JYl9BUW5EZzFqRHJfVjMybGJSYjYwSDJ2aXhqdjdLdk5YcS1VWHlEQzNObjZjNXZONmpiOF9DUmJiVm5wRFhrMmxZTDdmRUxlVVNkTEJlQWZpOEZYb1dock9xZDZWRU9mb0dEUzdfVEU5akl1eGsxQ1hYbU5heGt4VWdpcmRDWmZKdjFhZHFPZmZYZzFGM0RwczhlWlU?oc=5,"Fri, 26 Jul 2024 07:00:00 GMT","<a href=""https://news.google.com/rss/articles/CBMiogFBVV95cUxPSXg4RkROcDNPTHJtY3B4UWJlRmw5YUl1aHE5WUhneXRTdHRrR3N4ZENVT0NBdFlJZGM1azh5ekpxOF8zUjBMc2RwejByN3RIcThGTlZNTjZOalBWZmZNR2JnbU01NlVQVEdJSlktRGtvWV9GRkR6UnM1OE1QQkRVUy1DemExNVpiNFBEOXN5MHBIcGRvcmVUWTQ5aUlyVGY1RWfSAacBQVVfeXFMTkMwdWN1U1BCUW9JYl9BUW5EZzFqRHJfVjMybGJSYjYwSDJ2aXhqdjdLdk5YcS1VWHlEQzNObjZjNXZONmpiOF9DUmJiVm5wRFhrMmxZTDdmRUxlVVNkTEJlQWZpOEZYb1dock9xZDZWRU9mb0dEUzdfVEU5akl1eGsxQ1hYbU5heGt4VWdpcmRDWmZKdjFhZHFPZmZYZzFGM0RwczhlWlU?oc=5"" target=""_blank"">Más de 100 huecos volvieron intransitable la autopista Medellín-Bogotá en Antioquia | El Colombiano</a>&nbsp;&nbsp;<font color=""#6f6f6f"">El Colombiano</font>","""huecos"" Bogotá",Google News RSS,2026-09-21T11:45:27-05:00
news_00070,Motociclistas están tapando huecos en conjunto - El Tiempo,https://news.google.com/rss/articles/CBMijgFBVV95cUxQNWtJZFcxOTlISkNTWF9nMVl4ZXBEWXFsU041SlNfNFc1MWlSX0FPa0pHbmYybDZOU2hpdW5ZTVZ5OEsyeTNGeHE0WGQ2aFZuWWdueFM4TzVVdV93SHdpRXVXM2hlVGpxWHZsdmYxNHUzOUxvUnREWHdmX1A2X3dKNlJlbFptd2NWRWIwbTVR0gGTAUFVX3lxTFBMeDJkY2tXWDQwZS1tdHk4c3BzQm8tcWstRUM2X1VadUpPWnNHczZWenVmNTQxeklCNDk2MjQ5MV9VVE0tYlJ3SXdqSVZaam5XSVl6WnNUZjdrbEh5MXUwUVVNU2owNXdhTjhoc2NxcktJNGtucHlhMGZ0WkNvQmt3c1V2TC1ZS1A0cmVMUWhJaHE4cw?oc=5,"Wed, 23 Nov 2022 08:00:00 GMT","<a href=""https://news.google.com/rss/articles/CBMijgFBVV95cUxQNWtJZFcxOTlISkNTWF9nMVl4ZXBEWXFsU041SlNfNFc1MWlSX0FPa0pHbmYybDZOU2hpdW5ZTVZ5OEsyeTNGeHE0WGQ2aFZuWWdueFM4TzVVdV93SHdpRXVXM2hlVGpxWHZsdmYxNHUzOUxvUnREWHdmX1A2X3dKNlJlbFptd2NWRWIwbTVR0gGTAUFVX3lxTFBMeDJkY2tXWDQwZS1tdHk4c3BzQm8tcWstRUM2X1VadUpPWnNHczZWenVmNTQxeklCNDk2MjQ5MV9VVE0tYlJ3SXdqSVZaam5XSVl6WnNUZjdrbEh5MXUwUVVNU2owNXdhTjhoc2NxcktJNGtucHlhMGZ0WkNvQmt3c1V2TC1ZS1A0cmVMUWhJaHE4cw?oc=5"" target=""_blank"">Motociclistas están tapando huecos en conjunto</a>&nbsp;&nbsp;<font color=""#6f6f6f"">El Tiempo</font>","""huecos"" Bogotá",Google News RSS,2026-09-21T11:45:27-05:00
news_00071,"Huecos pincha llantas, el terror de los conductores en Suba - Concejo de Bogotá",https://news.google.com/rss/articles/CBMiuwFBVV95cUxPaTlBR01pWkpuV1JvdzkyNVA2ZGJXWmdOVkFoSlZOVUVuSVZYSzUtakJTODFYVzR0S25FS3J2TnplLXJzS25mamxBZWY2RDBneThMUmd3d1hqU3NFckZhNzg2cVYzS2VnaWNHM1dJWkMwWHN6cEhORmNkV2pKamFaeGVGWWhHTG1oejNSUGZYcEU3dFdVYUlGdHRXUDZfUEN4eVZQSUo4OG41MFl3ME1SaWFDUHZsdFZ0ZmNV?oc=5,"Tue, 28 Feb 2023 08:00:00 GMT","<a href=""https://news.google.com/rss/articles/CBMiuwFBVV95cUxPaTlBR01pWkpuV1JvdzkyNVA2ZGJXWmdOVkFoSlZOVUVuSVZYSzUtakJTODFYVzR0S25FS3J2TnplLXJzS25mamxBZWY2RDBneThMUmd3d1hqU3NFckZhNzg2cVYzS2VnaWNHM1dJWkMwWHN6cEhORmNkV2pKamFaeGVGWWhHTG1oejNSUGZYcEU3dFdVYUlGdHRXUDZfUEN4eVZQSUo4OG41MFl3ME1SaWFDUHZsdFZ0ZmNV?oc=5"" target=""_blank"">Huecos pincha llantas, el terror de los conductores en Suba</a>&nbsp;&nbsp;<font color=""#6f6f6f"">Concejo de Bogotá</font>","""huecos"" Bogotá",Google News RSS,2026-09-21T11:45:27-05:00
news_00072,"Bogotá, la 'ciudad lunar': llena de cráteres y huecos asesinos - Las2orillas",https://news.google.com/rss/articles/CBMijwFBVV95cUxQa3pTTHdTNVlEYm5ya0JSUXE5X1luUTdwTnk5Ny0tV01EUUhqVUhvMjRkcldvaHdZMWpQTWN0N3pYR0V6TmtkdDJFVFctR202UmhVM0JEUXVmb21ucFlfQlRWbDJ0QndIY1NHSldwcEtDSHlEWkRWR1lJM0VlbURObWl2TEpPd1B6TjQ5ZGVHdw?oc=5,"Tue, 13 Jun 2023 07:00:00 GMT","<a href=""https://news.google.com/rss/articles/CBMijwFBVV95cUxQa3pTTHdTNVlEYm5ya0JSUXE5X1luUTdwTnk5Ny0tV01EUUhqVUhvMjRkcldvaHdZMWpQTWN0N3pYR0V6TmtkdDJFVFctR202UmhVM0JEUXVmb21ucFlfQlRWbDJ0QndIY1NHSldwcEtDSHlEWkRWR1lJM0VlbURObWl2TEpPd1B6TjQ5ZGVHdw?oc=5"" target=""_blank"">Bogotá, la 'ciudad lunar': llena de cráteres y huecos asesinos</a>&nbsp;&nbsp;<font color=""#6f6f6f"">Las2orillas</font>","""huecos"" Bogotá",Google News RSS,2026-09-21T11:45:27-05:00
news_00073,Huecos mortales en Bogotá: ¿Por qué no duran los arreglos en las vías? - El Espectador,https://news.google.com/rss/articles/CBMipwFBVV95cUxOeHVQQkpnNDBiV0NiWk5nX2JyTUhETnRwNk84a3F4OVkxRUo1VjRRZUZuS04zN25fdzhjdXVTcGRERm1QTFBZMXdMd3NjUmZBbkpCdHpRYnhSQzE2Nkl3Rkd2MmN0NWRzckRvWXphMk1Od2hJSTBqMG9BeFpkSzBlbk1IWDVrSTdGSktTd1NrOTJ1TWVuam9jQWtFME9MQ3Z3NkdGUnpqZ9IBuwFBVV95cUxNMkpBTEJ0amZqWkNUUzJCZ2FQaU1BQ2h6NU9IeWdwODdfQzZGWGFNT3U2bXNWekZ1N053aEtnaW1uZWtuZ01DNU16cXlydWQzNG1zQkgtNEV0ekxHLW9PalktbXZEaVlKd1FSNUVrWmJGQnlhT3VtS1YzVjBMRDk2TGFGbEgzNlV5dzlOUElMMDFieEZxS3ZnbW5ZN0s3YjN3alpWTTJmcHR0blBJYVZFbmg2eFFEMGhiRUVN?oc=5,"Thu, 06 Jun 2024 07:00:00 GMT","<a href=""https://news.google.com/rss/articles/CBMipwFBVV95cUxOeHVQQkpnNDBiV0NiWk5nX2JyTUhETnRwNk84a3F4OVkxRUo1VjRRZUZuS04zN25fdzhjdXVTcGRERm1QTFBZMXdMd3NjUmZBbkpCdHpRYnhSQzE2Nkl3Rkd2MmN0NWRzckRvWXphMk1Od2hJSTBqMG9BeFpkSzBlbk1IWDVrSTdGSktTd1NrOTJ1TWVuam9jQWtFME9MQ3Z3NkdGUnpqZ9IBuwFBVV95cUxNMkpBTEJ0amZqWkNUUzJCZ2FQaU1BQ2h6NU9IeWdwODdfQzZGWGFNT3U2bXNWekZ1N053aEtnaW1uZWtuZ01DNU16cXlydWQzNG1zQkgtNEV0ekxHLW9PalktbXZEaVlKd1FSNUVrWmJGQnlhT3VtS1YzVjBMRDk2TGFGbEgzNlV5dzlOUElMMDFieEZxS3ZnbW5ZN0s3YjN3alpWTTJmcHR0blBJYVZFbmg2eFFEMGhiRUVN?oc=5"" target=""_blank"">Huecos mortales en Bogotá: ¿Por qué no duran los arreglos en las vías?</a>&nbsp;&nbsp;<font color=""#6f6f6f"">El Espectador</font>","""huecos"" Bogotá",Google News RSS,2026-09-21T11:45:27-05:00
news_00074,Distrito tapó más de 98.053 huecos en 29 días y va por 500.000 más en 2022 - Bogota.gov.co,https://news.google.com/rss/articles/CBMiqgFBVV95cUxQdllHWXhpUHZHZ2FCZDVkSy1HbV9mUWtnOU9MbTFkMXVWMDJaeVFNSERjUHVCMXlkRjlkQmQzcG5TQkcwUlVvbjdkTE1lYkQzU19pOG85am9KVTJ1TGFjYWN1Q1lWdXpCY0ZQMzNmQko3RVU5V0Y4bzF6ekY2YUYxQlc0bU9mX2lkaDFPd2FjVzVBYng4Rmc2MzN2cnFkSUg0RHlIY0JYUDBRUQ?oc=5,"Sat, 22 Jan 2022 08:00:00 GMT","<a href=""https://news.google.com/rss/articles/CBMiqgFBVV95cUxQdllHWXhpUHZHZ2FCZDVkSy1HbV9mUWtnOU9MbTFkMXVWMDJaeVFNSERjUHVCMXlkRjlkQmQzcG5TQkcwUlVvbjdkTE1lYkQzU19pOG85am9KVTJ1TGFjYWN1Q1lWdXpCY0ZQMzNmQko3RVU5V0Y4bzF6ekY2YUYxQlc0bU9mX2lkaDFPd2FjVzVBYng4Rmc2MzN2cnFkSUg0RHlIY0JYUDBRUQ?oc=5"" target=""_blank"">Distrito tapó más de 98.053 huecos en 29 días y va por 500.000 más en 2022</a>&nbsp;&nbsp;<font color=""#6f6f6f"">Bogota.gov.co</font>","""huecos"" Bogotá",Google News RSS,2026-09-21T11:45:27-05:00
news_00075,Huecos en la localidad de Suba generan accidente vial y dejan una motocicleta partida en dos - Concejo de Bogotá,https://news.google.com/rss/articles/CBMixAFBVV95cUxNcWw3WjhkN0RjSXlnUFJJTVMybDd0Y2FhRHo5UmNJTlVhWjZ0RjR3X0dZLTMxNS1kQlh6dXo3ZEFWNG4yZWI4S1VIMkttOTVjMkt0NmxJRGh6eGNOZ2twQjlIdEFua1NCc09iV25KV1hreW5vNG43czdDTzNtU1hvd00wT0o4S2NxLS1YalhDQUhRTW9zSzFncGdMUkJWQ2hXUG0wNXNmNDNEdWJaY2xOaVhsYlpNV3c5RktUYV8zTUJONmdk?oc=5,"Tue, 27 Dec 2022 08:00:00 GMT","<a href=""https://news.google.com/rss/articles/CBMixAFBVV95cUxNcWw3WjhkN0RjSXlnUFJJTVMybDd0Y2FhRHo5UmNJTlVhWjZ0RjR3X0dZLTMxNS1kQlh6dXo3ZEFWNG4yZWI4S1VIMkttOTVjMkt0NmxJRGh6eGNOZ2twQjlIdEFua1NCc09iV25KV1hreW5vNG43czdDTzNtU1hvd00wT0o4S2NxLS1YalhDQUhRTW9zSzFncGdMUkJWQ2hXUG0wNXNmNDNEdWJaY2xOaVhsYlpNV3c5RktUYV8zTUJONmdk?oc=5"" target=""_blank"">Huecos en la localidad de Suba generan accidente vial y dejan una motocicleta partida en dos</a>&nbsp;&nbsp;<font color=""#6f6f6f"">Concejo de Bogotá</font>","""huecos"" Bogotá",Google News RSS,2026-09-21T11:45:27-05:00
news_00076,¿Cansado de los huecos en las vías? así los puede reportar ahora - El Tiempo,https://news.google.com/rss/articles/CBMiowFBVV95cUxQdjFkZEl6ZlFjb3VTelZIdjJfbW04cjBpdzdJT0JESzlYWXZPb2E5UW5SbUxqeFo5dVpGTEZvSEtwUmhwOWtSLVMwWURzZUxzdHZOR3AzNEYyUE9vaEF2cjJ2bnlaNS15cEF2dHExMVlUQzNuWXFwd2twSFB4SXEzaC1wZlJFNkJ0MWJrQkp6VldaTWE2MmZpVC1pMGRsZ2RwN2M40gGoAUFVX3lxTE5oakR6OEN5YXVCVkpGUkRQcDBUZkVpQTl5UVhBbGdwRWVXYWg3V3FaT1dqaUNIeXhrMFNXcmUxV1BIYlpHaXR6aUpQWXJBbDJicDRZdm9oVHZMWnZGd0RzUGp0QURxVnR2a2hGWTlFZ0xKd19oN1oxY1BTRVRFUjYxMGJjWjMwSzV1Ykx3S3F3Z2JqczZJelA3ZDVUMkx0UEV3VThJS3dvYg?oc=5,"Wed, 03 May 2023 07:00:00 GMT","<a href=""https://news.google.com/rss/articles/CBMiowFBVV95cUxQdjFkZEl6ZlFjb3VTelZIdjJfbW04cjBpdzdJT0JESzlYWXZPb2E5UW5SbUxqeFo5dVpGTEZvSEtwUmhwOWtSLVMwWURzZUxzdHZOR3AzNEYyUE9vaEF2cjJ2bnlaNS15cEF2dHExMVlUQzNuWXFwd2twSFB4SXEzaC1wZlJFNkJ0MWJrQkp6VldaTWE2MmZpVC1pMGRsZ2RwN2M40gGoAUFVX3lxTE5oakR6OEN5YXVCVkpGUkRQcDBUZkVpQTl5UVhBbGdwRWVXYWg3V3FaT1dqaUNIeXhrMFNXcmUxV1BIYlpHaXR6aUpQWXJBbDJicDRZdm9oVHZMWnZGd0RzUGp0QURxVnR2a2hGWTlFZ0xKd19oN1oxY1BTRVRFUjYxMGJjWjMwSzV1Ykx3S3F3Z2JqczZJelA3ZDVUMkx0UEV3VThJS3dvYg?oc=5"" target=""_blank"">¿Cansado de los huecos en las vías? así los puede reportar ahora</a>&nbsp;&nbsp;<font color=""#6f6f6f"">El Tiempo</font>","""huecos"" Bogotá",Google News RSS,2026-09-21T11:45:27-05:00
news_00077,Conozca la nueva estrategia para tapar huecos en Bogotá - KienyKe,https://news.google.com/rss/articles/CBMijwFBVV95cUxPdkNuMTJ5cVhtYmRmWkd6YWxIVndPVERJMWhmdkNrLUpqN2lodjVGWkR6ejB1ZDh4cjhGTWFXdVpaQXRYZXppcjA2NUZZbFctQldYM2ZuQXIyWFQxWEdVak5ZemtFd1l0aFdoZnduLTRjZnhMVXR6NGNvWFo1MG0xeUl6blBuUWdWZlk2dzhvTQ?oc=5,"Wed, 16 Oct 2024 07:00:00 GMT","<a href=""https://news.google.com/rss/articles/CBMijwFBVV95cUxPdkNuMTJ5cVhtYmRmWkd6YWxIVndPVERJMWhmdkNrLUpqN2lodjVGWkR6ejB1ZDh4cjhGTWFXdVpaQXRYZXppcjA2NUZZbFctQldYM2ZuQXIyWFQxWEdVak5ZemtFd1l0aFdoZnduLTRjZnhMVXR6NGNvWFo1MG0xeUl6blBuUWdWZlk2dzhvTQ?oc=5"" target=""_blank"">Conozca la nueva estrategia para tapar huecos en Bogotá</a>&nbsp;&nbsp;<font color=""#6f6f6f"">KienyKe</font>","""huecos"" Bogotá",Google News RSS,2026-09-21T11:45:27-05:00
news_00078,Estas son las 13 avenidas de Bogotá que priorizará el Equipo Tapahuecos - Bogota.gov.co,https://news.google.com/rss/articles/CBMisgFBVV95cUxNanVFenRZOTdpMEE1TFRaRW1xc2NWajhLc05PelNhdnBXbHNBQTh6MUFvenhQRnFXY3J2NWtQR1pYU2NYZDFmaEVoa054dzhJWGtHUUozWDlUSE9Udk5DMUxaS0NNS3VtVnBVbFlVTldnTlFyLWxfN0NjT1lLd1hZWDc4dUlMRTFsWEhnVnF0czFiazcxbEJKVXluLWZFNDZIV2RuV3dIeksxTS1YbkRZNXVn?oc=5,"Wed, 16 Oct 2024 07:00:00 GMT","<a href=""https://news.google.com/rss/articles/CBMisgFBVV95cUxNanVFenRZOTdpMEE1TFRaRW1xc2NWajhLc05PelNhdnBXbHNBQTh6MUFvenhQRnFXY3J2NWtQR1pYU2NYZDFmaEVoa054dzhJWGtHUUozWDlUSE9Udk5DMUxaS0NNS3VtVnBVbFlVTldnTlFyLWxfN0NjT1lLd1hZWDc4dUlMRTFsWEhnVnF0czFiazcxbEJKVXluLWZFNDZIV2RuV3dIeksxTS1YbkRZNXVn?oc=5"" target=""_blank"">Estas son las 13 avenidas de Bogotá que priorizará el Equipo Tapahuecos</a>&nbsp;&nbsp;<font color=""#6f6f6f"">Bogota.gov.co</font>","""huecos"" Bogotá",Google News RSS,2026-09-21T11:45:27-05:00
news_00079,Distrito entregó nueva maquinaria y volquetas a UMV para mejoramiento de vías - Bogota.gov.co,https://news.google.com/rss/articles/CBMirwFBVV95cUxQLW4wYjlJXzlIaVZ5a1FQWlNLbVR0SDlZaUxKLUtCakxPVFpPX2gxcV9aR2tyZGt2TVFLRWxVa0I4cGxkenE5cDVOWWd4ZnpQb1RtMkRVZDdEVS0wYUxPRjdRNFZwelN4WDhlbTZacDFRbVV4S0huNjliQUlJTU1WYV9xMGp5VE9sek5sdVY1Ui1qLVg2djBVbkQ5blB6WmxVT09DRVhMYTBycTRVN2dn?oc=5,"Thu, 06 Mar 2025 08:00:00 GMT","<a href=""https://news.google.com/rss/articles/CBMirwFBVV95cUxQLW4wYjlJXzlIaVZ5a1FQWlNLbVR0SDlZaUxKLUtCakxPVFpPX2gxcV9aR2tyZGt2TVFLRWxVa0I4cGxkenE5cDVOWWd4ZnpQb1RtMkRVZDdEVS0wYUxPRjdRNFZwelN4WDhlbTZacDFRbVV4S0huNjliQUlJTU1WYV9xMGp5VE9sek5sdVY1Ui1qLVg2djBVbkQ5blB6WmxVT09DRVhMYTBycTRVN2dn?oc=5"" target=""_blank"">Distrito entregó nueva maquinaria y volquetas a UMV para mejoramiento de vías</a>&nbsp;&nbsp;<font color=""#6f6f6f"">Bogota.gov.co</font>","""huecos"" Bogotá",Google News RSS,2026-09-21T11:45:27-05:00
news_00080,Los huecos mortales que pincharon a diez carros anoche en la Séptima - El Tiempo,https://news.google.com/rss/articles/CBMiogFBVV95cUxNN2YtNHByeUNrOUhuaGNEWGhIa2RrdlNjZVlxY3hzS19FemtpOFhIZ29aQlVFdjVwVW1xZzBhR3JOOTY4OHkxb05FbkVPVGFaaVNjeGI5VHZOdVNJajV5Znk4Y2t3Z0gtYS1KSVJsV3BOdXFmY01fekxJVjloQlZfS1VJbUxKWG1VeHRoM3lwNDZhWGVCY0x0NFhMS3dmMnZpQWfSAacBQVVfeXFMT0Jjc2JGRnhCcnVUWGVSUkdkS2ozM3pMWjZMTHY3TEIzNVJfWUloeXpUZjdLbXRWM1NkajZjLW1UX1hxTEhxSFhwNkNRN201Ukg1dWgweFQ3bU00MzVVOG4wVTJnRjZhRXRhS2hfRVdmYjRoYlMzTnNoS1pqMjNUUUtWZ1lTd1JOb19IVVVNYjdQbmVKM19DMHNYM0tSVnlwRXZqdm5ER2c?oc=5,"Tue, 13 Aug 2019 07:00:00 GMT","<a href=""https://news.google.com/rss/articles/CBMiogFBVV95cUxNN2YtNHByeUNrOUhuaGNEWGhIa2RrdlNjZVlxY3hzS19FemtpOFhIZ29aQlVFdjVwVW1xZzBhR3JOOTY4OHkxb05FbkVPVGFaaVNjeGI5VHZOdVNJajV5Znk4Y2t3Z0gtYS1KSVJsV3BOdXFmY01fekxJVjloQlZfS1VJbUxKWG1VeHRoM3lwNDZhWGVCY0x0NFhMS3dmMnZpQWfSAacBQVVfeXFMT0Jjc2JGRnhCcnVUWGVSUkdkS2ozM3pMWjZMTHY3TEIzNVJfWUloeXpUZjdLbXRWM1NkajZjLW1UX1hxTEhxSFhwNkNRN201Ukg1dWgweFQ3bU00MzVVOG4wVTJnRjZhRXRhS2hfRVdmYjRoYlMzTnNoS1pqMjNUUUtWZ1lTd1JOb19IVVVNYjdQbmVKM19DMHNYM0tSVnlwRXZqdm5ER2c?oc=5"" target=""_blank"">Los huecos mortales que pincharon a diez carros anoche en la Séptima</a>&nbsp;&nbsp;<font color=""#6f6f6f"">El Tiempo</font>","""huecos"" Bogotá",Google News RSS,2026-09-21T11:45:27-05:00
news_00081,En los últimos 12 días se han tapado más de 34.000 huecos en Bogotá - Bogota.gov.co,https://news.google.com/rss/articles/CBMirAFBVV95cUxPTm4zZjVtYWFwcUt1aHVBbVZXbDFZaE96TWstdjJ2MXZlZWRXV1BLVlIxNmV3MTg4T2kwcTJoV3BCaTJYbEoyLTVNQUJoR3VZMml5dVIzUUNXNlZiVWRGc2pTLTFUZ1VOS1dHU0gyMVM2TmVMdlFWMlBVelAyZkFOQm1rUWk4QkdXbGM1bG85cjBPOG1FY0U2LWpOM0RiTG9nc0FmMVVCbzl1U182?oc=5,"Thu, 06 Jan 2022 08:00:00 GMT","<a href=""https://news.google.com/rss/articles/CBMirAFBVV95cUxPTm4zZjVtYWFwcUt1aHVBbVZXbDFZaE96TWstdjJ2MXZlZWRXV1BLVlIxNmV3MTg4T2kwcTJoV3BCaTJYbEoyLTVNQUJoR3VZMml5dVIzUUNXNlZiVWRGc2pTLTFUZ1VOS1dHU0gyMVM2TmVMdlFWMlBVelAyZkFOQm1rUWk4QkdXbGM1bG85cjBPOG1FY0U2LWpOM0RiTG9nc0FmMVVCbzl1U182?oc=5"" target=""_blank"">En los últimos 12 días se han tapado más de 34.000 huecos en Bogotá</a>&nbsp;&nbsp;<font color=""#6f6f6f"">Bogota.gov.co</font>","""huecos"" Bogotá",Google News RSS,2026-09-21T11:45:27-05:00
news_00082,Así fue el enredo de la máquina 'tapahuecos' - El Tiempo,https://news.google.com/rss/articles/CBMiuwFBVV95cUxNckQxSGlFRFVUWkU4R29YR2h3alRXY1lJNGo0TnZvRjlMMnNsVHRFRFJkMG81U3h6ZU0zUktPd2g2OFJCaVl1aHNQYlUyVVctakhmUF9aTXo2VnhzcUllVlY3OWc3UDduRDZjUFVIcmEzT1VNTVdvSjFaREZxOUpDbG9QSHRPam95TnNaTUJuakxnXzVaY2thbElCRzJOWVFrWGFPTzF0VnBEUmtzQVZMQlItaEpKUDR2bVQ40gHAAUFVX3lxTE9iM2dZa2RVbkl2Nm15MHo5c3RtNGN0NHljYjlWbXJOQXRUVFpmYW5HYW5XVUxTZWNUSGo0b2JPdVl6UjkwTUE3S044am5nQ2k3LUhYNy1BZmNUbVJPX0h5eEk5VmxmaFRPQl9PbmxDVWZDY0l0TElGWHp4b1Q0aDBxSmd1MXhVdnZfMEcwMlVCbnRPQlh6MENuRE9HQnZUTkRGSE5zLUxKcWl0RHJoV3d0MFpKdVVBeXExLWM1OXFEcQ?oc=5,"Thu, 27 Sep 2018 07:00:00 GMT","<a href=""https://news.google.com/rss/articles/CBMiuwFBVV95cUxNckQxSGlFRFVUWkU4R29YR2h3alRXY1lJNGo0TnZvRjlMMnNsVHRFRFJkMG81U3h6ZU0zUktPd2g2OFJCaVl1aHNQYlUyVVctakhmUF9aTXo2VnhzcUllVlY3OWc3UDduRDZjUFVIcmEzT1VNTVdvSjFaREZxOUpDbG9QSHRPam95TnNaTUJuakxnXzVaY2thbElCRzJOWVFrWGFPTzF0VnBEUmtzQVZMQlItaEpKUDR2bVQ40gHAAUFVX3lxTE9iM2dZa2RVbkl2Nm15MHo5c3RtNGN0NHljYjlWbXJOQXRUVFpmYW5HYW5XVUxTZWNUSGo0b2JPdVl6UjkwTUE3S044am5nQ2k3LUhYNy1BZmNUbVJPX0h5eEk5VmxmaFRPQl9PbmxDVWZDY0l0TElGWHp4b1Q0aDBxSmd1MXhVdnZfMEcwMlVCbnRPQlh6MENuRE9HQnZUTkRGSE5zLUxKcWl0RHJoV3d0MFpKdVVBeXExLWM1OXFEcQ?oc=5"" target=""_blank"">Así fue el enredo de la máquina 'tapahuecos'</a>&nbsp;&nbsp;<font color=""#6f6f6f"">El Tiempo</font>","""huecos"" Bogotá",Google News RSS,2026-09-21T11:45:27-05:00
news_00083,Durante los primeros 5 meses de 2021 se han tapado 100 mil huecos en Bogotá - Bogota.gov.co,https://news.google.com/rss/articles/CBMikwFBVV95cUxPbVZfbkJSR2w4eXZBdEY4cWNSQ1IySE51SnFSSGEweHcxRVdERnNibWVzVkh2ck45eGZUekwzTm1yM2dqSThXRGl2WmtIVmVWMXMtN2VnWmdWZjR4UGJhc1FYWTBYaXhHYUs5THQ2QTlKOTZlTnd3dEZ3R3YwWHhNbWtzSy1UZld6d3FUX2hTS01meVU?oc=5,"Fri, 28 May 2021 07:00:00 GMT","<a href=""https://news.google.com/rss/articles/CBMikwFBVV95cUxPbVZfbkJSR2w4eXZBdEY4cWNSQ1IySE51SnFSSGEweHcxRVdERnNibWVzVkh2ck45eGZUekwzTm1yM2dqSThXRGl2WmtIVmVWMXMtN2VnWmdWZjR4UGJhc1FYWTBYaXhHYUs5THQ2QTlKOTZlTnd3dEZ3R3YwWHhNbWtzSy1UZld6d3FUX2hTS01meVU?oc=5"" target=""_blank"">Durante los primeros 5 meses de 2021 se han tapado 100 mil huecos en Bogotá</a>&nbsp;&nbsp;<font color=""#6f6f6f"">Bogota.gov.co</font>","""huecos"" Bogotá",Google News RSS,2026-09-21T11:45:27-05:00
news_00084,Con material reciclado de 264.000 llantas han tapado huecos en 4.000 vías de Bogotá - Observatorio Ambiental de Bogotá,https://news.google.com/rss/articles/CBMiugFBVV95cUxNLTN2Q0hZSTExZkdsSHhqbjdZSW90ZnFCVlBQVllkdWcwcTVIUURWSXo4X0RxZm9CZlNIenliREtQM0htLThiQ2hkNHhNR3RHUjNTZmpacmhHVFQ2ZXNabWZEZW9PWWZiSzlXSUpXRDdWRTUwNUR5M21TX2txN2pKUDFJQU5GWWhqNlBUMTVHYzVvU3lmUUkzWVE5X3NiNFdJb09PbHRCTVFNWnVYcUVqTnI4UVRFMTVETWc?oc=5,"Tue, 14 May 2019 07:00:00 GMT","<a href=""https://news.google.com/rss/articles/CBMiugFBVV95cUxNLTN2Q0hZSTExZkdsSHhqbjdZSW90ZnFCVlBQVllkdWcwcTVIUURWSXo4X0RxZm9CZlNIenliREtQM0htLThiQ2hkNHhNR3RHUjNTZmpacmhHVFQ2ZXNabWZEZW9PWWZiSzlXSUpXRDdWRTUwNUR5M21TX2txN2pKUDFJQU5GWWhqNlBUMTVHYzVvU3lmUUkzWVE5X3NiNFdJb09PbHRCTVFNWnVYcUVqTnI4UVRFMTVETWc?oc=5"" target=""_blank"">Con material reciclado de 264.000 llantas han tapado huecos en 4.000 vías de Bogotá</a>&nbsp;&nbsp;<font color=""#6f6f6f"">Observatorio Ambiental de Bogotá</font>","""huecos"" Bogotá",Google News RSS,2026-09-21T11:45:27-05:00
news_00085,Hay 84 frentes de trabajo activos para intervenir huecos - El Tiempo,https://news.google.com/rss/articles/CBMingFBVV95cUxOSUk1dUhwd2o3S3RCXzNQRmQ0Zml5OTl4MEZPTHZ2VzViNWVjMURiZzd3OU9lRHktbDh6d096SGJmVVYxaUQtWDByWEo0UnhtT3RLUmxvQmVvV0lJbWJwWkt1aWJOZmlxRW9ZMy1hbWViY3FLLXViay1lNjZINHZISjVHeHRUNUxvR2xaLWczRFdfQzk1UThZWFpOcTFPd9IBowFBVV95cUxPU1ZUVkduRk5HbGJSMHdBNHIwLXZfUk9GWEZPd2dCT1Q2Nzd3OWtnQUxuTVN4QldlcHotZ0lkMGNRQ0pOdHFWWVY3cnlfajJ6Y0RXa3Bfa1I1SmNQVDRNQS1xMFk2bU5oX1hpdXFONXVLeFZLSldQR1h1eUJJclBET19saHViS0JSN0U4VDJXbEowOTEzd0V4LUgxMzFqNVg1U1Bv?oc=5,"Wed, 04 Aug 2021 07:00:00 GMT","<a href=""https://news.google.com/rss/articles/CBMingFBVV95cUxOSUk1dUhwd2o3S3RCXzNQRmQ0Zml5OTl4MEZPTHZ2VzViNWVjMURiZzd3OU9lRHktbDh6d096SGJmVVYxaUQtWDByWEo0UnhtT3RLUmxvQmVvV0lJbWJwWkt1aWJOZmlxRW9ZMy1hbWViY3FLLXViay1lNjZINHZISjVHeHRUNUxvR2xaLWczRFdfQzk1UThZWFpOcTFPd9IBowFBVV95cUxPU1ZUVkduRk5HbGJSMHdBNHIwLXZfUk9GWEZPd2dCT1Q2Nzd3OWtnQUxuTVN4QldlcHotZ0lkMGNRQ0pOdHFWWVY3cnlfajJ6Y0RXa3Bfa1I1SmNQVDRNQS1xMFk2bU5oX1hpdXFONXVLeFZLSldQR1h1eUJJclBET19saHViS0JSN0U4VDJXbEowOTEzd0V4LUgxMzFqNVg1U1Bv?oc=5"" target=""_blank"">Hay 84 frentes de trabajo activos para intervenir huecos</a>&nbsp;&nbsp;<font color=""#6f6f6f"">El Tiempo</font>","""huecos"" Bogotá",Google News RSS,2026-09-21T11:45:27-05:00
news_00086,Avanza con éxito el Plan de Choque para tapar 56.000 huecos en Bogotá - Bogota.gov.co,https://news.google.com/rss/articles/CBMiqgFBVV95cUxQS1Y4VURZcGZYYWVUQkp6WmtaRGc4Q2NCYzJCcjNxTlJYR2pJaDEzOHIzQXJHVWdHNTJwdjVndmRXSEZJOHZxWXY3Z1FUUmVwbGNCZVpTU0hhZDNiWVJTeWw4ZUdRMlJ0TEV0XzFXQ29jT1NabERUeHhYdl9UamhIVXMxa3RKMDh2RFp3WnpsYmpyamtGNVcwTEpxMEFNYkdMQ3hydDl3bFUtQQ?oc=5,"Mon, 27 Dec 2021 08:00:00 GMT","<a href=""https://news.google.com/rss/articles/CBMiqgFBVV95cUxQS1Y4VURZcGZYYWVUQkp6WmtaRGc4Q2NCYzJCcjNxTlJYR2pJaDEzOHIzQXJHVWdHNTJwdjVndmRXSEZJOHZxWXY3Z1FUUmVwbGNCZVpTU0hhZDNiWVJTeWw4ZUdRMlJ0TEV0XzFXQ29jT1NabERUeHhYdl9UamhIVXMxa3RKMDh2RFp3WnpsYmpyamtGNVcwTEpxMEFNYkdMQ3hydDl3bFUtQQ?oc=5"" target=""_blank"">Avanza con éxito el Plan de Choque para tapar 56.000 huecos en Bogotá</a>&nbsp;&nbsp;<font color=""#6f6f6f"">Bogota.gov.co</font>","""huecos"" Bogotá",Google News RSS,2026-09-21T11:45:27-05:00
news_00087,"Espacios limpios y seguros, el reto de los operativos en Cinco Huecos y San Bernardo - El Espectador",https://news.google.com/rss/articles/CBMi1wFBVV95cUxQS1ZtdUZhZUhfbFljNEtsc0oyOGJ6MXdKQ2drNldXRVdGM3lhQ3JDbGoyNkZNTFMybGJyMmNheS1SZzVJVTNNYjBkQllzSnpYek9Sb3dmMHZ0Wk15a2ZIMDZDUThIX1hYaWZ2M2lmR3E4YmJwdWJNaVlQTDFKdjE3akFmM2NBdjJPYXdsMGdGVi1lcmgwVjhoYUN6ZWdmQWNxREE2QmV1TDFkb2VlLWt1ZzdBc0FwUi1xcmhMZms0UjBKUkpaNURkTjZwLWhqNFF6TUd3UmVuVdIB6wFBVV95cUxNejA1N2ZQanN4MVBUc1NwODlVOFdIaDBiYm1iMmJxcTF3aU9lY3YwNXEzc3VSOEFLLUtGMjBhZ2FsUEt2MU9oRklfVFA3MHc4bE93NlpOem9IVWxqUnpMb0FsUjRtOGtmajRzUXJYdWdqQ29oMEtOZ3JDNXplMzdtYng5aW9mcDdvRzlPaDl2Y0VGUWVpTGk2cW5tZl9sVTRkc3k3TlNVb25wNmJVRVFGOWlDUDZ1SzhmYW1jRy1FSTc1Wm1GSEZfQmQzMFJUWURiTXJNbk50RzgySXpvU0hBUHhWUGJLS1R4a3pN?oc=5,"Wed, 05 Apr 2023 07:00:00 GMT","<a href=""https://news.google.com/rss/articles/CBMi1wFBVV95cUxQS1ZtdUZhZUhfbFljNEtsc0oyOGJ6MXdKQ2drNldXRVdGM3lhQ3JDbGoyNkZNTFMybGJyMmNheS1SZzVJVTNNYjBkQllzSnpYek9Sb3dmMHZ0Wk15a2ZIMDZDUThIX1hYaWZ2M2lmR3E4YmJwdWJNaVlQTDFKdjE3akFmM2NBdjJPYXdsMGdGVi1lcmgwVjhoYUN6ZWdmQWNxREE2QmV1TDFkb2VlLWt1ZzdBc0FwUi1xcmhMZms0UjBKUkpaNURkTjZwLWhqNFF6TUd3UmVuVdIB6wFBVV95cUxNejA1N2ZQanN4MVBUc1NwODlVOFdIaDBiYm1iMmJxcTF3aU9lY3YwNXEzc3VSOEFLLUtGMjBhZ2FsUEt2MU9oRklfVFA3MHc4bE93NlpOem9IVWxqUnpMb0FsUjRtOGtmajRzUXJYdWdqQ29oMEtOZ3JDNXplMzdtYng5aW9mcDdvRzlPaDl2Y0VGUWVpTGk2cW5tZl9sVTRkc3k3TlNVb25wNmJVRVFGOWlDUDZ1SzhmYW1jRy1FSTc1Wm1GSEZfQmQzMFJUWURiTXJNbk50RzgySXpvU0hBUHhWUGJLS1R4a3pN?oc=5"" target=""_blank"">Espacios limpios y seguros, el reto de los operativos en Cinco Huecos y San Bernardo</a>&nbsp;&nbsp;<font color=""#6f6f6f"">El Espectador</font>","""huecos"" Bogotá",Google News RSS,2026-09-21T11:45:27-05:00
news_00088,Concejales de Bogotá se unieron para tapar por su cuenta los huecos de la ciudad - Infobae,https://news.google.com/rss/articles/CBMiwwFBVV95cUxQVGRJckNpbXAwYUFOa0M5VFBBblBXRmd5WWlRTVJMcWI3akN3RHd4XzlWZWtlUXJZVm1YaksxeThLdWZiUWhZQzBRaGZHODZ0RDJzc0FnMjJ1RHZaV3hMNHNZdmRycDlIMC0zaXFCUEMtb1V4S0dqTkpObFRHelVBWUpLenB3S0twbEFDR2lzRDhnSTc3R1lDalViV0EycnFzTjNUNnpYN2lKNXh1ZVlGOU1KdnNQRkFwZ1VBNXFhNE9wdW_SAd4BQVVfeXFMUFVzSTQtbEZSM05pd202Q0llNVF5djlzc2lGSF9ocmVaek9temVxZEJVVXRFYm5CTy1zenZOaU5QQWZUVDBuVE1WTWd6R2lDZWNzcFo1MUgzTENpVlZIU2NFT3huakE3TzBRRUxzdEhWQ3F3cllsRUdzUkdKcUM2cEN0QmVMbHpfSUZHTlVHM0M4SEdGR0hTVTdMNHAxVm5JTWxVXzFXTDNLZE5BN002RVRPRlVQSTJETjVWR3V5RFRGSm10V3J3UTJIZE5UZmNLamJqbnlmckJYNk9OQjd3?oc=5,"Thu, 15 Feb 2024 08:00:00 GMT","<a href=""https://news.google.com/rss/articles/CBMiwwFBVV95cUxQVGRJckNpbXAwYUFOa0M5VFBBblBXRmd5WWlRTVJMcWI3akN3RHd4XzlWZWtlUXJZVm1YaksxeThLdWZiUWhZQzBRaGZHODZ0RDJzc0FnMjJ1RHZaV3hMNHNZdmRycDlIMC0zaXFCUEMtb1V4S0dqTkpObFRHelVBWUpLenB3S0twbEFDR2lzRDhnSTc3R1lDalViV0EycnFzTjNUNnpYN2lKNXh1ZVlGOU1KdnNQRkFwZ1VBNXFhNE9wdW_SAd4BQVVfeXFMUFVzSTQtbEZSM05pd202Q0llNVF5djlzc2lGSF9ocmVaek9temVxZEJVVXRFYm5CTy1zenZOaU5QQWZUVDBuVE1WTWd6R2lDZWNzcFo1MUgzTENpVlZIU2NFT3huakE3TzBRRUxzdEhWQ3F3cllsRUdzUkdKcUM2cEN0QmVMbHpfSUZHTlVHM0M4SEdGR0hTVTdMNHAxVm5JTWxVXzFXTDNLZE5BN002RVRPRlVQSTJETjVWR3V5RFRGSm10V3J3UTJIZE5UZmNLamJqbnlmckJYNk9OQjd3?oc=5"" target=""_blank"">Concejales de Bogotá se unieron para tapar por su cuenta los huecos de la ciudad</a>&nbsp;&nbsp;<font color=""#6f6f6f"">Infobae</font>","""huecos"" Bogotá",Google News RSS,2026-09-21T11:45:27-05:00
news_00089,23 mil huecos en las vías de Bogotá han sido tapados durante 2023 - El Espectador,https://news.google.com/rss/articles/CBMiswFBVV95cUxQZTRvaExWaFJUV2JYUm95WmVkS3FWcDdZQjhnSG1Ed1BJV0ctYU9PTlpheTM1QlkyMURWRjhBNGpsR2h5dVJkQ3ZFYThQa0xwU0c5eXRfaUNNaHMyYk5pMHFxWDZUV1ZLSTYydkRzS2w4XzVxWG1ISUh2bU5BTU9TR3NYdzI4TjM1SGRWQ2pKX3ZSeE9DLWlrUFpIb3JhaHN5WXlPYlJ5QlVlWUFyM0RnN202TdIBxwFBVV95cUxQNWZDQjdEV25NM3pyaWlDbXlXSFNmTEo3WEMweWNlSE13cHc3UkJzejB1bGxpczhDSi1kOGZlVlJmWnFac0xWbW9BcmVRRU9fVFJPR1AxaW9pTnpuX3ltNEVJcWdoZWZWX2tjT1k5UXJ2S2pZX29KTi1zcEpmeENMZTBBb0o1VUUxYlpHOXI2eFRfTUxnYlVOOXU1Mmp0ZXdDWWZuRzN0TW9DVXo2b3p1VG1hbW52Q2oyYlluUFVxcG1XSlVZNEg0?oc=5,"Thu, 21 Sep 2023 07:00:00 GMT","<a href=""https://news.google.com/rss/articles/CBMiswFBVV95cUxQZTRvaExWaFJUV2JYUm95WmVkS3FWcDdZQjhnSG1Ed1BJV0ctYU9PTlpheTM1QlkyMURWRjhBNGpsR2h5dVJkQ3ZFYThQa0xwU0c5eXRfaUNNaHMyYk5pMHFxWDZUV1ZLSTYydkRzS2w4XzVxWG1ISUh2bU5BTU9TR3NYdzI4TjM1SGRWQ2pKX3ZSeE9DLWlrUFpIb3JhaHN5WXlPYlJ5QlVlWUFyM0RnN202TdIBxwFBVV95cUxQNWZDQjdEV25NM3pyaWlDbXlXSFNmTEo3WEMweWNlSE13cHc3UkJzejB1bGxpczhDSi1kOGZlVlJmWnFac0xWbW9BcmVRRU9fVFJPR1AxaW9pTnpuX3ltNEVJcWdoZWZWX2tjT1k5UXJ2S2pZX29KTi1zcEpmeENMZTBBb0o1VUUxYlpHOXI2eFRfTUxnYlVOOXU1Mmp0ZXdDWWZuRzN0TW9DVXo2b3p1VG1hbW52Q2oyYlluUFVxcG1XSlVZNEg0?oc=5"" target=""_blank"">23 mil huecos en las vías de Bogotá han sido tapados durante 2023</a>&nbsp;&nbsp;<font color=""#6f6f6f"">El Espectador</font>","""huecos"" Bogotá",Google News RSS,2026-09-21T11:45:27-05:00
news_00090,La interminable labor de tapar los huecos en la capital - El Espectador,https://news.google.com/rss/articles/CBMilwFBVV95cUxNaFAtV292bER1ekstbGJiRUxPaWR4SHZQQ0JpTi1hZmRwWGFUNXBWbGhWQmRabDVMeGw2RlR4OFdUang0N3RaUVV3TGY4NW1yWFRPell6dTkwc1o1dFZWMkdEZU9GM0cxZ0RpLVEta0dmMEhPMHUtM19lTjdLUFFYejJsY2o3RFVTM3JmWFN0Tzd5d2NCajZr0gGrAUFVX3lxTFBJMWFRNUUxNFhZdlNyNzRXcHJBWVlIVWxYblc3UWZjRTN0dHRLSDVxNFFMZ0RoOFVqOVFaQUVrTFNCUlBzWlV2REFWZnVCZVJJazZtZnd4TW91bkFGM01ESHVXQk5aMFlyM2x0ZTNrYWczWUl1TEVSMHlNcDFQNy1WeFlQNDJJVlQxa21YTGh4YUF6RkU5aXJkXzJWNTR0V2pnU25waF9KQXJuVQ?oc=5,"Mon, 10 Jan 2022 08:00:00 GMT","<a href=""https://news.google.com/rss/articles/CBMilwFBVV95cUxNaFAtV292bER1ekstbGJiRUxPaWR4SHZQQ0JpTi1hZmRwWGFUNXBWbGhWQmRabDVMeGw2RlR4OFdUang0N3RaUVV3TGY4NW1yWFRPell6dTkwc1o1dFZWMkdEZU9GM0cxZ0RpLVEta0dmMEhPMHUtM19lTjdLUFFYejJsY2o3RFVTM3JmWFN0Tzd5d2NCajZr0gGrAUFVX3lxTFBJMWFRNUUxNFhZdlNyNzRXcHJBWVlIVWxYblc3UWZjRTN0dHRLSDVxNFFMZ0RoOFVqOVFaQUVrTFNCUlBzWlV2REFWZnVCZVJJazZtZnd4TW91bkFGM01ESHVXQk5aMFlyM2x0ZTNrYWczWUl1TEVSMHlNcDFQNy1WeFlQNDJJVlQxa21YTGh4YUF6RkU5aXJkXzJWNTR0V2pnU25waF9KQXJuVQ?oc=5"" target=""_blank"">La interminable labor de tapar los huecos en la capital</a>&nbsp;&nbsp;<font color=""#6f6f6f"">El Espectador</font>","""huecos"" Bogotá",Google News RSS,2026-09-21T11:45:27-05:00
news_00091,"Arreglar todos los huecos de las vías en Bogotá cuesta $5,4 billones - El Espectador",https://news.google.com/rss/articles/CBMipgFBVV95cUxNRVg2VmU1elBBZ3Q5WXluR1Bod1o4TV82VmdvVGRWaFhXdzlITHM2V1Q2eE5hOGREZ0tlZmMzODB6ODdWbGk5SzR1dTZCZVl2bGt4N1Bwb2hBRGRQbnFCU0k0a2pTT2Fkck5QSWRSV1JEUjQ5eEVxNWZPb0J6emhLWnBiUmYzeVVqUGRWUTJnZUR1cmhlMHF6QS1JMVJVUUZjZzZ2ZVZR0gG6AUFVX3lxTE9BY2NsVFRnc2twRURPZVN0bXpYLUVjeExBRVpkUTF6a05HcFBmU1JvWXJXSnlwZXJ2UlNUa2NyZ0dSUC1fekdOR0Y3N25JMVpkakVDTXh5dDU2MTZlcVR4Zm1iR2JwTHhBcHJUdTNfaGw2U0lBWjNhM0s0OFpKOXMyMjhXZ0VneDN4LVRWSnJGemFjZF9peG43emItVVhNbWIxUjRHVkt3Y0hDUnFoYkgzUDY2QWhzZTRUQQ?oc=5,"Mon, 26 Jul 2021 07:00:00 GMT","<a href=""https://news.google.com/rss/articles/CBMipgFBVV95cUxNRVg2VmU1elBBZ3Q5WXluR1Bod1o4TV82VmdvVGRWaFhXdzlITHM2V1Q2eE5hOGREZ0tlZmMzODB6ODdWbGk5SzR1dTZCZVl2bGt4N1Bwb2hBRGRQbnFCU0k0a2pTT2Fkck5QSWRSV1JEUjQ5eEVxNWZPb0J6emhLWnBiUmYzeVVqUGRWUTJnZUR1cmhlMHF6QS1JMVJVUUZjZzZ2ZVZR0gG6AUFVX3lxTE9BY2NsVFRnc2twRURPZVN0bXpYLUVjeExBRVpkUTF6a05HcFBmU1JvWXJXSnlwZXJ2UlNUa2NyZ0dSUC1fekdOR0Y3N25JMVpkakVDTXh5dDU2MTZlcVR4Zm1iR2JwTHhBcHJUdTNfaGw2U0lBWjNhM0s0OFpKOXMyMjhXZ0VneDN4LVRWSnJGemFjZF9peG43emItVVhNbWIxUjRHVkt3Y0hDUnFoYkgzUDY2QWhzZTRUQQ?oc=5"" target=""_blank"">Arreglar todos los huecos de las vías en Bogotá cuesta $5,4 billones</a>&nbsp;&nbsp;<font color=""#6f6f6f"">El Espectador</font>","""huecos"" Bogotá",Google News RSS,2026-09-21T11:45:27-05:00
news_00092,Así puede pedir indemnización por accidentes en huecos o alcantarillas sin tapa en Bogotá - Pulzo,https://news.google.com/rss/articles/CBMitAFBVV95cUxPNkl6aFc4bWVEVmxrTk91dENoZ2NZU3dmdkR5SjRTX1RLRmhZMzM5dS1IbXdSOHFOVjI3VV9adlNWMlFFWUUwQnIyb2dtUnFSWmpqSDgyX0Y0eG9yVFpsSnR1UDNMbUR0ZkF6aDJTdWc4RjJ0UDFxU0pZUkdwRnRNVzVQcVZQeDk2RkNXRlRrcXZTSmhvcWlmYktkanA4QVctX3lxNXZqWjdQTUU5MHFta00tS0o?oc=5,"Thu, 28 Mar 2024 07:00:00 GMT","<a href=""https://news.google.com/rss/articles/CBMitAFBVV95cUxPNkl6aFc4bWVEVmxrTk91dENoZ2NZU3dmdkR5SjRTX1RLRmhZMzM5dS1IbXdSOHFOVjI3VV9adlNWMlFFWUUwQnIyb2dtUnFSWmpqSDgyX0Y0eG9yVFpsSnR1UDNMbUR0ZkF6aDJTdWc4RjJ0UDFxU0pZUkdwRnRNVzVQcVZQeDk2RkNXRlRrcXZTSmhvcWlmYktkanA4QVctX3lxNXZqWjdQTUU5MHFta00tS0o?oc=5"" target=""_blank"">Así puede pedir indemnización por accidentes en huecos o alcantarillas sin tapa en Bogotá</a>&nbsp;&nbsp;<font color=""#6f6f6f"">Pulzo</font>","""huecos"" Bogotá",Google News RSS,2026-09-21T11:45:27-05:00
news_00093,"Bogotá llevará a cabo una maratón para tapar huecos en sus vías, ¿en qué consiste? - El Espectador",https://news.google.com/rss/articles/CBMitwFBVV95cUxNM2Y0ek90a1dPYUFLSjUtcmlrYzVvVGlTRzdHSmxtNU8zc0owM09jdHlNY08wLXprZ2ZfVFhhbFoyaFREcE1uMFRZWTNXcGh5NlJtaW1OYUQ5Umc0N1MteXZhOFVaNmdJZ2xUVi00NTVUM2ExaFhsa2ZhQi1vbVBhUFVsemV1QXhySm5sbGhhaVBpLTFneVhCMVJCVHk5aUFUZnpJRURYZi05eDRLa05ZTUJabWRBeG_SAcsBQVVfeXFMTko4a25nbTBOV3Z2amRmUTJBcFVQTFI5M0p0Q0JBS3FUVUdQS004LWxMMjdmNGo3WUNSdmZqLXhLMmZhd0xiQ0RmNUZCS2laSVlicDFOTkZ2b1ZLSHlNZXMyN2xxdGxCazdYNHpySkdraVhrTDlTb01LU3lydFFEV2xBVXdkN3E2a1RFTGtsdm9DNHY0WDNpd1Z6Y29FcWJJa3RKSkxralpFejA2eENaMHU4bW1xVzlnTE9qWkhkTkRxVlBpZHRDVl80TTQ?oc=5,"Tue, 22 Jul 2025 07:00:00 GMT","<a href=""https://news.google.com/rss/articles/CBMitwFBVV95cUxNM2Y0ek90a1dPYUFLSjUtcmlrYzVvVGlTRzdHSmxtNU8zc0owM09jdHlNY08wLXprZ2ZfVFhhbFoyaFREcE1uMFRZWTNXcGh5NlJtaW1OYUQ5Umc0N1MteXZhOFVaNmdJZ2xUVi00NTVUM2ExaFhsa2ZhQi1vbVBhUFVsemV1QXhySm5sbGhhaVBpLTFneVhCMVJCVHk5aUFUZnpJRURYZi05eDRLa05ZTUJabWRBeG_SAcsBQVVfeXFMTko4a25nbTBOV3Z2amRmUTJBcFVQTFI5M0p0Q0JBS3FUVUdQS004LWxMMjdmNGo3WUNSdmZqLXhLMmZhd0xiQ0RmNUZCS2laSVlicDFOTkZ2b1ZLSHlNZXMyN2xxdGxCazdYNHpySkdraVhrTDlTb01LU3lydFFEV2xBVXdkN3E2a1RFTGtsdm9DNHY0WDNpd1Z6Y29FcWJJa3RKSkxralpFejA2eENaMHU4bW1xVzlnTE9qWkhkTkRxVlBpZHRDVl80TTQ?oc=5"" target=""_blank"">Bogotá llevará a cabo una maratón para tapar huecos en sus vías, ¿en qué consiste?</a>&nbsp;&nbsp;<font color=""#6f6f6f"">El Espectador</font>","""huecos"" Bogotá",Google News RSS,2026-09-21T11:45:27-05:00
news_00094,"Cae en Puente Aranda alias el Gordo, uno de los criminales más buscados - El Tiempo",https://news.google.com/rss/articles/CBMipwFBVV95cUxQZHdWQ3dfUnduV3NRbkpMdUNiRGRIUTg1aThhanMwRWZKTHhOV3FDcS1adHU0aEg1N2N6YkZNWU81djhPRjV6XzUyS2M0U1BFUDc5YTdVLUFSQVFCbDNlSVo2bGR1U3VFQnZJVk5hdlk1dGU4U2pwX3dTS2xFN2ROd2ZMR09Ja0dlUzYtSWtXOWVWbTlPOXJ4V1M1Vm5HVk5NUXhjYnVyd9IBrAFBVV95cUxOd0xsY2tVWkNpdHd2OXRRcnU5R2d0NVpGTHlLWk5UVU4xVzV1Z29xZHhfZFBjU2JqMWlhSko0OU9lUmc1cGVxMmYyMUpIVUtlQ1d0QloyTUtKNHA0TkZwU01fcUFMRHFWZXRuQTEtNkg0UXFCUldrMUxFa1RWb0lrMDlvYWs4U2x6dDdfQTBUak1TZFN3cWJuQ05DbHQ0dG42X1BrQlBkVGVBUW1R?oc=5,"Tue, 21 Feb 2023 08:00:00 GMT","<a href=""https://news.google.com/rss/articles/CBMipwFBVV95cUxQZHdWQ3dfUnduV3NRbkpMdUNiRGRIUTg1aThhanMwRWZKTHhOV3FDcS1adHU0aEg1N2N6YkZNWU81djhPRjV6XzUyS2M0U1BFUDc5YTdVLUFSQVFCbDNlSVo2bGR1U3VFQnZJVk5hdlk1dGU4U2pwX3dTS2xFN2ROd2ZMR09Ja0dlUzYtSWtXOWVWbTlPOXJ4V1M1Vm5HVk5NUXhjYnVyd9IBrAFBVV95cUxOd0xsY2tVWkNpdHd2OXRRcnU5R2d0NVpGTHlLWk5UVU4xVzV1Z29xZHhfZFBjU2JqMWlhSko0OU9lUmc1cGVxMmYyMUpIVUtlQ1d0QloyTUtKNHA0TkZwU01fcUFMRHFWZXRuQTEtNkg0UXFCUldrMUxFa1RWb0lrMDlvYWs4U2x6dDdfQTBUak1TZFN3cWJuQ05DbHQ0dG42X1BrQlBkVGVBUW1R?oc=5"" target=""_blank"">Cae en Puente Aranda alias el Gordo, uno de los criminales más buscados</a>&nbsp;&nbsp;<font color=""#6f6f6f"">El Tiempo</font>","""huecos"" Bogotá",Google News RSS,2026-09-21T11:45:27-05:00
news_00095,Alcaldía busca ponerle fin a los huecos en Bogotá: se priorizarán 13 avenidas principales - Revista Semana,https://news.google.com/rss/articles/CBMi2gFBVV95cUxNTld5RkNZVlRQV1VId3RIWkNmQkJTbE5id29LLWdqMFJYc2toSG5xRnNaM1dubC1IcEZrVUNWUGxaQ0JzeFRDQzZDUmEtRXVxT0FZTFA4cGhtMVNxTTNNQkZ4TE52ZXJNZXhWR3d4bXlmVlprOVd1NENpVVlBODlVdWY2UkcyU2d5X3ZLQU1UbTQ5OXhFWGlrUmFPLU5aRzRteTBhcWpkWUNxaDA4VEl2al9sWjBmVUNRbDkySGRQSEVoUHNMRUNaUnpfd0pQRm9BaEMzWUdsT1JjUdIB3wFBVV95cUxNSVUzcEczdS1nNVdMdnhSS25aS3EtZVhLZURaajliaWQxRE5BZ1hwZWp4OE54UU5FSFdWWHR0MUVwbmNSX08xMloxMXk0NGhYX0J2TzFueVlJVE9ZUlJpV3d0ak5sZHhtdUMxaFB3VXFabFJlRDRvQ2pBMkQ2U05DSUFQX1VMR1VUYlE2YzF6bjEybnBMZWdDZUV1Z3g5UXhTVnpBX0lpY1lYWGtTMC12UFFkYXM5Mi1MeUJKdXVXMVUtS2tkb1hCdHFCSmFGd1Bjc3Q5ZHZXWVZHNlRHbmhv?oc=5,"Wed, 16 Oct 2024 07:00:00 GMT","<a href=""https://news.google.com/rss/articles/CBMi2gFBVV95cUxNTld5RkNZVlRQV1VId3RIWkNmQkJTbE5id29LLWdqMFJYc2toSG5xRnNaM1dubC1IcEZrVUNWUGxaQ0JzeFRDQzZDUmEtRXVxT0FZTFA4cGhtMVNxTTNNQkZ4TE52ZXJNZXhWR3d4bXlmVlprOVd1NENpVVlBODlVdWY2UkcyU2d5X3ZLQU1UbTQ5OXhFWGlrUmFPLU5aRzRteTBhcWpkWUNxaDA4VEl2al9sWjBmVUNRbDkySGRQSEVoUHNMRUNaUnpfd0pQRm9BaEMzWUdsT1JjUdIB3wFBVV95cUxNSVUzcEczdS1nNVdMdnhSS25aS3EtZVhLZURaajliaWQxRE5BZ1hwZWp4OE54UU5FSFdWWHR0MUVwbmNSX08xMloxMXk0NGhYX0J2TzFueVlJVE9ZUlJpV3d0ak5sZHhtdUMxaFB3VXFabFJlRDRvQ2pBMkQ2U05DSUFQX1VMR1VUYlE2YzF6bjEybnBMZWdDZUV1Z3g5UXhTVnpBX0lpY1lYWGtTMC12UFFkYXM5Mi1MeUJKdXVXMVUtS2tkb1hCdHFCSmFGd1Bjc3Q5ZHZXWVZHNlRHbmhv?oc=5"" target=""_blank"">Alcaldía busca ponerle fin a los huecos en Bogotá: se priorizarán 13 avenidas principales</a>&nbsp;&nbsp;<font color=""#6f6f6f"">Revista Semana</font>","""huecos"" Bogotá",Google News RSS,2026-09-21T11:45:27-05:00
news_00096,"Vecinos rechazan apertura de huecos en una obra terminada de la 116, al norte de Bogotá - El Tiempo",https://news.google.com/rss/articles/CBMiswFBVV95cUxNWGE2TTRlSEhiQ2JUQTFoTGJEZVlSVi1TRmFjRHNIN3FJcm1uR19CbTRlaWh2RGlkNFFMdi1PN3BIMGZYdlctS0I3VXlvbW5RMjBIU0VrQWF6UWxNbEpROGlIYjlOdUN1NWZuYjhrRlBDM2ZsQktkUkpPSE9qbUtjeFFpS0Nuc1JTM0xyU2NiRGpDRUZKUm9iYm5hcU9PTVJLcHZTY0FZMVRpOHExcV9wVHVUa9IBuAFBVV95cUxNSi15WlM2R2p4a0tPRldyeV9jV19XWkF5ZVBSbmlYZ3pBeEVvREljUjRDQldmMC1FT3JNMVR3ZFZKNmlPWGdfWEdLNkF1M1h4MFdYRWJ1aGpzRk9MdWtuUS1LWGZlQmQ3UzYtRWlnR09xMEQ2Y0h6MUdMamMycHZPXzRnOTN0WTNOMk1fSUkxU21vTWcwMWd0SXZhekpwb1U5ZE9jak1QTmY4RGZiMDJKX2VHUS1HaERX?oc=5,"Tue, 22 Aug 2023 07:00:00 GMT","<a href=""https://news.google.com/rss/articles/CBMiswFBVV95cUxNWGE2TTRlSEhiQ2JUQTFoTGJEZVlSVi1TRmFjRHNIN3FJcm1uR19CbTRlaWh2RGlkNFFMdi1PN3BIMGZYdlctS0I3VXlvbW5RMjBIU0VrQWF6UWxNbEpROGlIYjlOdUN1NWZuYjhrRlBDM2ZsQktkUkpPSE9qbUtjeFFpS0Nuc1JTM0xyU2NiRGpDRUZKUm9iYm5hcU9PTVJLcHZTY0FZMVRpOHExcV9wVHVUa9IBuAFBVV95cUxNSi15WlM2R2p4a0tPRldyeV9jV19XWkF5ZVBSbmlYZ3pBeEVvREljUjRDQldmMC1FT3JNMVR3ZFZKNmlPWGdfWEdLNkF1M1h4MFdYRWJ1aGpzRk9MdWtuUS1LWGZlQmQ3UzYtRWlnR09xMEQ2Y0h6MUdMamMycHZPXzRnOTN0WTNOMk1fSUkxU21vTWcwMWd0SXZhekpwb1U5ZE9jak1QTmY4RGZiMDJKX2VHUS1HaERX?oc=5"" target=""_blank"">Vecinos rechazan apertura de huecos en una obra terminada de la 116, al norte de Bogotá</a>&nbsp;&nbsp;<font color=""#6f6f6f"">El Tiempo</font>","""huecos"" Bogotá",Google News RSS,2026-09-21T11:45:27-05:00
news_00097,Localidad Antonio Nariño completa su tercer barrio sin huecos gracias a su administración - Bogota.gov.co,https://news.google.com/rss/articles/CBMixwFBVV95cUxOQUk1UXZaR1JLNWhLNTUzR3lJLXNsNWRKbUg5cUhsWDRHUWw2S3c1bmNTS1poYWRnMzN1VkJCVnRlRkZkYXU1MVplcF9HbXM4cUFEUWhhNjZqY3ptc0NUcWpuU3JjYnRYTVZEUHZnRFZWejRjYmU3VkpSQVUwYXNYa3VvSV84d1VoRzVQSmFJcjBKN2ZWck5DNGpvNElfVmxqQllIenpZQjJWSHc5NGI5Vm1IVmxiM1dJRjdsWkRCeEFfTG1PbF9j?oc=5,"Wed, 10 Feb 2021 09:38:21 GMT","<a href=""https://news.google.com/rss/articles/CBMixwFBVV95cUxOQUk1UXZaR1JLNWhLNTUzR3lJLXNsNWRKbUg5cUhsWDRHUWw2S3c1bmNTS1poYWRnMzN1VkJCVnRlRkZkYXU1MVplcF9HbXM4cUFEUWhhNjZqY3ptc0NUcWpuU3JjYnRYTVZEUHZnRFZWejRjYmU3VkpSQVUwYXNYa3VvSV84d1VoRzVQSmFJcjBKN2ZWck5DNGpvNElfVmxqQllIenpZQjJWSHc5NGI5Vm1IVmxiM1dJRjdsWkRCeEFfTG1PbF9j?oc=5"" target=""_blank"">Localidad Antonio Nariño completa su tercer barrio sin huecos gracias a su administración</a>&nbsp;&nbsp;<font color=""#6f6f6f"">Bogota.gov.co</font>","""huecos"" Bogotá",Google News RSS,2026-09-21T11:45:27-05:00
news_00098,Distrito lanza una app para reportar huecos en Bogotá: así funciona - Noticias Caracol,https://news.google.com/rss/articles/CBMi3wFBVV95cUxNVU91M056Q1c1V2ZUUkNpMVBmMU1TRzNEOWZ3QUFuT091SnlSNGc2TFBJWkp6Nk1RbVBkajJGOWlSbFJfSG55VEpNZ0ZyeHdXSWt4UnprUUpYdFc2SzRCNzMxMUxHdUgtQnVuX0hFZ1N5b3VEb1ZhSFd0ZG1fdjZmYV94elJIay0ycml1MmUzcFVaczJzVFFMMThYN21MRm1vMXVFUnVFeE1uVmdJWTNOd3h6c3lBWmN2VF9Wc2VwWVNpX0VvYXdBMHlwSHdWLXVvRXFObU5DWXZCZ0IzQ20w0gHsAUFVX3lxTE5QNkI3ZURUc3RNdFdrOW5OX0hteXlvT0p5OG0xOVBUVXFGLWNFVnkwNU9qdjAyVnAweTltRm1iTEZzRTRhaE50d1BhQXhQbjBVRGg3OW5ySDV5bW1ZazFaZ2lQdmJJVFZUb0NMV1NfQzM3dWszZVpsWEViQWk5OGhyYWpKazRYYnh2Q19mUVJDc2RDdWZIRUtCVzZicUdJWTg1YUZGVXc1Zklxa3loUHFiN2hZTWV5cmF3NklQd05PN2ZzX1hZUnJUX0Y2OEFOS0JhMzZWdy1NSVc3UzhuVThiOFFoNVNkR0FZN01t?oc=5,"Fri, 12 Nov 2021 08:00:00 GMT","<a href=""https://news.google.com/rss/articles/CBMi3wFBVV95cUxNVU91M056Q1c1V2ZUUkNpMVBmMU1TRzNEOWZ3QUFuT091SnlSNGc2TFBJWkp6Nk1RbVBkajJGOWlSbFJfSG55VEpNZ0ZyeHdXSWt4UnprUUpYdFc2SzRCNzMxMUxHdUgtQnVuX0hFZ1N5b3VEb1ZhSFd0ZG1fdjZmYV94elJIay0ycml1MmUzcFVaczJzVFFMMThYN21MRm1vMXVFUnVFeE1uVmdJWTNOd3h6c3lBWmN2VF9Wc2VwWVNpX0VvYXdBMHlwSHdWLXVvRXFObU5DWXZCZ0IzQ20w0gHsAUFVX3lxTE5QNkI3ZURUc3RNdFdrOW5OX0hteXlvT0p5OG0xOVBUVXFGLWNFVnkwNU9qdjAyVnAweTltRm1iTEZzRTRhaE50d1BhQXhQbjBVRGg3OW5ySDV5bW1ZazFaZ2lQdmJJVFZUb0NMV1NfQzM3dWszZVpsWEViQWk5OGhyYWpKazRYYnh2Q19mUVJDc2RDdWZIRUtCVzZicUdJWTg1YUZGVXc1Zklxa3loUHFiN2hZTWV5cmF3NklQd05PN2ZzX1hZUnJUX0Y2OEFOS0JhMzZWdy1NSVc3UzhuVThiOFFoNVNkR0FZN01t?oc=5"" target=""_blank"">Distrito lanza una app para reportar huecos en Bogotá: así funciona</a>&nbsp;&nbsp;<font color=""#6f6f6f"">Noticias Caracol</font>","""huecos"" Bogotá",Google News RSS,2026-09-21T11:45:27-05:00
news_00099,Encerrados entre huecos y sin salida: la crítica situación que viven más de 60.000 habitantes en barrio de Kennedy - El Tiempo,https://news.google.com/rss/articles/CBMi6AFBVV95cUxOYnhNSW40bHJOLVk5cldDb2szSk50c3dIaGRuVGNrTnJ2U3JFaHB1bnBjamtKSWd1bHl0VE5GclNBdE8xM1J6cXFzbW1RZG9kSDRDWDhaaUtVcGdjbVJsMVN1OC1EMmpaTWZ2bUpYQ0VkeldKUkxDbTEybXZHOUgxZHUxemg1YkhVZGVxc2ZaOTc1V0Vaak10NnpobkV6T215aXRnbUNMSXVFNGdCWjdwVl9iakw1ZEJrVG5jLUlJQVdTMmJLVHRHLThBdlhkaGdLLXJZZDhITTc0aVlRMzNzOXdzdk9jdVl30gHuAUFVX3lxTE5DM2Z2a0g2RklyM2hxT2xtWE5yTjdrOGpmUDN6ZmNvT244Y200NVlod1FQSkstblpoMWc0ZmFGS19mVENoQ29uOUdJeXRYRWdOVk44ZmdDcDRmOTI4MUdXLU1aVjNTNll5UjNoVnlySTlYS05vNmxpSTlGU0EybmRTR2VBOG5qVFNLcG1EQ1o0aVprMVY1YkNGbnNocGNLdEx3WEgyNnN4S3l6RWhzRjBrUVA3ZTlaOFloSVpNTHRqQllfTEFmblotYzY4Y3dBWmM0TVJhb19hbGlNQjZTM0lvSXZWMkwxUFNSQjRnMmc?oc=5,"Mon, 30 Jun 2025 07:00:00 GMT","<a href=""https://news.google.com/rss/articles/CBMi6AFBVV95cUxOYnhNSW40bHJOLVk5cldDb2szSk50c3dIaGRuVGNrTnJ2U3JFaHB1bnBjamtKSWd1bHl0VE5GclNBdE8xM1J6cXFzbW1RZG9kSDRDWDhaaUtVcGdjbVJsMVN1OC1EMmpaTWZ2bUpYQ0VkeldKUkxDbTEybXZHOUgxZHUxemg1YkhVZGVxc2ZaOTc1V0Vaak10NnpobkV6T215aXRnbUNMSXVFNGdCWjdwVl9iakw1ZEJrVG5jLUlJQVdTMmJLVHRHLThBdlhkaGdLLXJZZDhITTc0aVlRMzNzOXdzdk9jdVl30gHuAUFVX3lxTE5DM2Z2a0g2RklyM2hxT2xtWE5yTjdrOGpmUDN6ZmNvT244Y200NVlod1FQSkstblpoMWc0ZmFGS19mVENoQ29uOUdJeXRYRWdOVk44ZmdDcDRmOTI4MUdXLU1aVjNTNll5UjNoVnlySTlYS05vNmxpSTlGU0EybmRTR2VBOG5qVFNLcG1EQ1o0aVprMVY1YkNGbnNocGNLdEx3WEgyNnN4S3l6RWhzRjBrUVA3ZTlaOFloSVpNTHRqQllfTEFmblotYzY4Y3dBWmM0TVJhb19hbGlNQjZTM0lvSXZWMkwxUFNSQjRnMmc?oc=5"" target=""_blank"">Encerrados entre huecos y sin salida: la crítica situación que viven más de 60.000 habitantes en barrio de Kennedy</a>&nbsp;&nbsp;<font color=""#6f6f6f"">El Tiempo</font>","""huecos"" Bogotá",Google News RSS,2026-09-21T11:45:27-05:00
news_00100,"Video: Vía Bucaramanga - Bogotá: Entre huecos, muertos y abandono - Vanguardia",https://news.google.com/rss/articles/CBMi2wFBVV95cUxQNW1oSjg0X1hVZDExUjhMWnRLeW1veUVKYmR5ZkdPRFBoNFNDS1lJS1VfbWF2WndiVjc2MjVtR1gtZHVzclhmbFJ1a0J4WUZlMjJOOHBJWlBNX0NHbGxuWEc1cEhSNUZldHBpd3dYaEs1MXlBVnVyQXgydk1abVFjZW1VeTBOYnMxTFRoVGFwVWhMYnNwS3Jma2NJVDhLYjZOUEpkRGdJQS1wVXRqTWNITWwwSTV2QW9Eam5WbnZKam1maUZ1Y2JjTzFUZUI5NElVWWl6N3VTRHRVMFE?oc=5,"Thu, 21 Aug 2025 07:00:00 GMT","<a href=""https://news.google.com/rss/articles/CBMi2wFBVV95cUxQNW1oSjg0X1hVZDExUjhMWnRLeW1veUVKYmR5ZkdPRFBoNFNDS1lJS1VfbWF2WndiVjc2MjVtR1gtZHVzclhmbFJ1a0J4WUZlMjJOOHBJWlBNX0NHbGxuWEc1cEhSNUZldHBpd3dYaEs1MXlBVnVyQXgydk1abVFjZW1VeTBOYnMxTFRoVGFwVWhMYnNwS3Jma2NJVDhLYjZOUEpkRGdJQS1wVXRqTWNITWwwSTV2QW9Eam5WbnZKam1maUZ1Y2JjTzFUZUI5NElVWWl6N3VTRHRVMFE?oc=5"" target=""_blank"">Video: Vía Bucaramanga - Bogotá: Entre huecos, muertos y abandono</a>&nbsp;&nbsp;<font color=""#6f6f6f"">Vanguardia</font>","""huecos"" Bogotá",Google News RSS,2026-09-21T11:45:27-05:00
news_00101,Director del IDU explicó las demoras de obras clave en Bogotá: “Hemos entregado 40″ - Infobae,https://news.google.com/rss/articles/CBMiyAFBVV95cUxNLTBOMWJsSkNrTHgydDN1LVVtcVN1WTVRNGV2WG1jbU5qQThuWWViM2pLWlBaaGNMUXBmVTByb0huYUNyTWc5V2lNMGxTendTLTRKN0huUnVZR0U2cUgwdGl6Z0lNSVhRQXNvb0VLdksySkJ0Ym02OWQ0ODYwYldGSV9MUmZQYzduYjlodTZfMnFtUDNJZzQ5NXVoN2NqbFR1MVlXUm9XUUZ1VnlHRjNjc196cHhXZjl3cWgxME9Hdl9xaHp5N0FRbtIB4wFBVV95cUxNYWE3SER2YTZNUWtCeUxYd3MtRllkT3RfMFFTTF9YdmZTMml0ZE9Mb2cwemVyaUhmejA2clpNOVpzaWJieGc1b3FVZmtrd0Q3eldqREp4dzc5Y2x0X2pJT1ljbWlwNlVpRTcwaXctZzMyWDlrdFpvRUlJNXY5UHJfSEJDUkxiVVRScWowWTN4R2xLanhQNEtHMG14WF8ySWZOZU5LZ01YRDBpMnlFcXI3NEpmVFl3RjdQT1lzd3h6QURJb1ZNTTVwOHJ4UHFJSzUwNEFRaXdQSmJhamNnY1NScG1QYw?oc=5,"Thu, 18 Dec 2025 08:00:00 GMT","<a href=""https://news.google.com/rss/articles/CBMiyAFBVV95cUxNLTBOMWJsSkNrTHgydDN1LVVtcVN1WTVRNGV2WG1jbU5qQThuWWViM2pLWlBaaGNMUXBmVTByb0huYUNyTWc5V2lNMGxTendTLTRKN0huUnVZR0U2cUgwdGl6Z0lNSVhRQXNvb0VLdksySkJ0Ym02OWQ0ODYwYldGSV9MUmZQYzduYjlodTZfMnFtUDNJZzQ5NXVoN2NqbFR1MVlXUm9XUUZ1VnlHRjNjc196cHhXZjl3cWgxME9Hdl9xaHp5N0FRbtIB4wFBVV95cUxNYWE3SER2YTZNUWtCeUxYd3MtRllkT3RfMFFTTF9YdmZTMml0ZE9Mb2cwemVyaUhmejA2clpNOVpzaWJieGc1b3FVZmtrd0Q3eldqREp4dzc5Y2x0X2pJT1ljbWlwNlVpRTcwaXctZzMyWDlrdFpvRUlJNXY5UHJfSEJDUkxiVVRScWowWTN4R2xLanhQNEtHMG14WF8ySWZOZU5LZ01YRDBpMnlFcXI3NEpmVFl3RjdQT1lzd3h6QURJb1ZNTTVwOHJ4UHFJSzUwNEFRaXdQSmJhamNnY1NScG1QYw?oc=5"" target=""_blank"">Director del IDU explicó las demoras de obras clave en Bogotá: “Hemos entregado 40″</a>&nbsp;&nbsp;<font color=""#6f6f6f"">Infobae</font>","""baches"" Bogotá",Google News RSS,2026-09-21T11:45:28-05:00
news_00102,Se acaba megaproyecto en la vía Medellín – Bogotá: pasará a manos del Estado en 2026 - Valora Analitik,https://news.google.com/rss/articles/CBMilAFBVV95cUxQLTFuWGk5c2lvVE9xeUt5REZKYVptaGVhOFRJSTRlYmdrMDRNY3BZOWc2Q2VoSERKZTBzMENIXzNzRGZ6c3BMNFZOVzNoVnczS014dTFDNWpJOElCdzVDSVEyMUxqR3dtQkFlNGZSSHRsVGtZVjZEcDhYWlJ5a1NSdG5NN0VnQVpESmhreHhVU1gyZEhI0gGaAUFVX3lxTE96RWQ0RzNVRFVHQk9QQzB3WGh4Z1prOFpBclY0VExTU2pUUk9QOXpsc2VfR3RxWkFXdUszSFdib3ZKdVU2Q2dNTGpRMU90NzhuNEFOdzR2VkZOWUdiNmpUWnViakhGSlcyUXJZVFdOWi0wcnFWOFFGWl80VXo0Q3c1djNaazIyM0JKcjZsZEFIV0ZTZFE4US12dVE?oc=5,"Fri, 23 Jan 2026 08:00:00 GMT","<a href=""https://news.google.com/rss/articles/CBMilAFBVV95cUxQLTFuWGk5c2lvVE9xeUt5REZKYVptaGVhOFRJSTRlYmdrMDRNY3BZOWc2Q2VoSERKZTBzMENIXzNzRGZ6c3BMNFZOVzNoVnczS014dTFDNWpJOElCdzVDSVEyMUxqR3dtQkFlNGZSSHRsVGtZVjZEcDhYWlJ5a1NSdG5NN0VnQVpESmhreHhVU1gyZEhI0gGaAUFVX3lxTE96RWQ0RzNVRFVHQk9QQzB3WGh4Z1prOFpBclY0VExTU2pUUk9QOXpsc2VfR3RxWkFXdUszSFdib3ZKdVU2Q2dNTGpRMU90NzhuNEFOdzR2VkZOWUdiNmpUWnViakhGSlcyUXJZVFdOWi0wcnFWOFFGWl80VXo0Q3c1djNaazIyM0JKcjZsZEFIV0ZTZFE4US12dVE?oc=5"" target=""_blank"">Se acaba megaproyecto en la vía Medellín – Bogotá: pasará a manos del Estado en 2026</a>&nbsp;&nbsp;<font color=""#6f6f6f"">Valora Analitik</font>","""baches"" Bogotá",Google News RSS,2026-09-21T11:45:28-05:00
news_00103,Un video de baches en una calle de China circula como si fuera de Colombia - AFP Factual,https://news.google.com/rss/articles/CBMiVkFVX3lxTE9hbUtsb2JtVF9jQ0NiUFpiQllCTmJxQ3BacXdqUkczWDY2TktIMk9ia2VuX01NdkkzRFgzd2xCZ2VUcXpXcU5rbUsxd2dyYUZFX0dmMVdR?oc=5,"Fri, 14 Mar 2025 07:00:00 GMT","<a href=""https://news.google.com/rss/articles/CBMiVkFVX3lxTE9hbUtsb2JtVF9jQ0NiUFpiQllCTmJxQ3BacXdqUkczWDY2TktIMk9ia2VuX01NdkkzRFgzd2xCZ2VUcXpXcU5rbUsxd2dyYUZFX0dmMVdR?oc=5"" target=""_blank"">Un video de baches en una calle de China circula como si fuera de Colombia</a>&nbsp;&nbsp;<font color=""#6f6f6f"">AFP Factual</font>","""baches"" Bogotá",Google News RSS,2026-09-21T11:45:28-05:00
news_00104,Motociclista murió en Bogotá: triste tragedia enluta a una familia antes de Navidad - Pulzo,https://news.google.com/rss/articles/CBMiqwFBVV95cUxNUmhhZExKM1NlenVpRlRvZXhrVWhJNXY1YVM4dXZQVEVnWEt3RlM3aWx0OHg3bzJETWlCY1NSbzQxREJUUHNhbWdFWUVEMU1NQ2JIcllkdmdld2pEUnZOVTdldERSM3ZGUWl0UmRyUU8xbC13S2xPc2tyLXYzTG1VRHJJeFZUVFJhWXd1M3VYYzIwalpmTTJJMGpuQjNyel9sLUt1cExGM1lHdFU?oc=5,"Tue, 23 Dec 2025 08:00:00 GMT","<a href=""https://news.google.com/rss/articles/CBMiqwFBVV95cUxNUmhhZExKM1NlenVpRlRvZXhrVWhJNXY1YVM4dXZQVEVnWEt3RlM3aWx0OHg3bzJETWlCY1NSbzQxREJUUHNhbWdFWUVEMU1NQ2JIcllkdmdld2pEUnZOVTdldERSM3ZGUWl0UmRyUU8xbC13S2xPc2tyLXYzTG1VRHJJeFZUVFJhWXd1M3VYYzIwalpmTTJJMGpuQjNyel9sLUt1cExGM1lHdFU?oc=5"" target=""_blank"">Motociclista murió en Bogotá: triste tragedia enluta a una familia antes de Navidad</a>&nbsp;&nbsp;<font color=""#6f6f6f"">Pulzo</font>","""baches"" Bogotá",Google News RSS,2026-09-21T11:45:28-05:00
news_00105,"Bogotá, la ciudad donde los baches tienen Facebook - BBC",https://news.google.com/rss/articles/CBMikwFBVV95cUxOR2ZQdjJyTGFVNDVSZV9VNlFpMlh3MkRxdmhNVl9yaHNmWm5WOXVzcUQyS1l5UVRqX0pQbVdPck9DTkxfc0hBYkZKck14T0pLTUZoa0l6VkNjMEVWT2hFVFRYRjY3aWJZVllrWG9KY1NCUkhHZlMzejJnbWs2QnhpV0JyNEROQVlxajdUNU4xSTEzUXc?oc=5,"Tue, 01 May 2012 07:00:00 GMT","<a href=""https://news.google.com/rss/articles/CBMikwFBVV95cUxOR2ZQdjJyTGFVNDVSZV9VNlFpMlh3MkRxdmhNVl9yaHNmWm5WOXVzcUQyS1l5UVRqX0pQbVdPck9DTkxfc0hBYkZKck14T0pLTUZoa0l6VkNjMEVWT2hFVFRYRjY3aWJZVllrWG9KY1NCUkhHZlMzejJnbWs2QnhpV0JyNEROQVlxajdUNU4xSTEzUXc?oc=5"" target=""_blank"">Bogotá, la ciudad donde los baches tienen Facebook</a>&nbsp;&nbsp;<font color=""#6f6f6f"">BBC</font>","""baches"" Bogotá",Google News RSS,2026-09-21T11:45:28-05:00
news_00106,"Nicolás de Francisco, el candidato al Concejo que pintó X rosadas por toda Bogotá para evidenciar los problemas de infraestructura de la capital - Revista Semana",https://news.google.com/rss/articles/CBMinAJBVV95cUxNZHk2QjVtR1JvWF9VaHdNUi1Rc0dqcVVMU2Nkb2ZhWUttMGVEQkhZeHFPQnVEMldqelJiN3J3NU5QbWsyNWU3bVNTbkcyZzVKellhQ2RCQUdKYnkySU5CUlVYa2xveVZoWkJ5bG12WlhJci02UVdNOFNTQ1JLTEF6dTJQZ1hDY3pUeHFKS2pJX3JrWmk5eW12cExSY2dGQzdTS3lSel9JOFA0VlBuTnJkaml0N0ZkVk9ZRGZRQ2xkTWxocWNqNFR3Q2o3d0t3MW53Tm1oWEZsTzJzQVpuWklaYkJLcGw2d0haNUxyOTdXelZwUHl5eXJudFAtb2hRZG9Ba2d5S2ZnTnY4NDRsNzZMbFZoOVJEMVJTTDdYdtIBogJBVV95cUxNLWVJam9pTW4yZDJBY19uR2ZMZk41ZWl2YkVBejlvTk5sOG0yQXhtUWxoYjNXbzNxM3Q5cENQT0VZenFJcXBtRGRXRUdVVXVETjhTamN2dDJLTWoyUl9vcGVGRHZQZVdEUGdzOW9vS1JyRS1TYTF2VmFHZ0dQYlJUZlZNLVJ3T295NXFzRHJMUTJKdC0zUTNFS0stUzFPYjhHZWVKOE1xWWdHTTZabndmX0hhZS1QRTUwbjJNYXlOdG54eHJFcDZ5djFhTGlsMGdWU2l3X2lUTDBJbHEwcHowNDMycWFKZ3BhZGh0bTJ4dXhZaER6bkl1Nkh4c0ZSNXFOUXNncWZGbGpsMHNoWDduNjF4ZnE3azlCZnowci1hdHFCUQ?oc=5,"Thu, 26 Oct 2023 07:00:00 GMT","<a href=""https://news.google.com/rss/articles/CBMinAJBVV95cUxNZHk2QjVtR1JvWF9VaHdNUi1Rc0dqcVVMU2Nkb2ZhWUttMGVEQkhZeHFPQnVEMldqelJiN3J3NU5QbWsyNWU3bVNTbkcyZzVKellhQ2RCQUdKYnkySU5CUlVYa2xveVZoWkJ5bG12WlhJci02UVdNOFNTQ1JLTEF6dTJQZ1hDY3pUeHFKS2pJX3JrWmk5eW12cExSY2dGQzdTS3lSel9JOFA0VlBuTnJkaml0N0ZkVk9ZRGZRQ2xkTWxocWNqNFR3Q2o3d0t3MW53Tm1oWEZsTzJzQVpuWklaYkJLcGw2d0haNUxyOTdXelZwUHl5eXJudFAtb2hRZG9Ba2d5S2ZnTnY4NDRsNzZMbFZoOVJEMVJTTDdYdtIBogJBVV95cUxNLWVJam9pTW4yZDJBY19uR2ZMZk41ZWl2YkVBejlvTk5sOG0yQXhtUWxoYjNXbzNxM3Q5cENQT0VZenFJcXBtRGRXRUdVVXVETjhTamN2dDJLTWoyUl9vcGVGRHZQZVdEUGdzOW9vS1JyRS1TYTF2VmFHZ0dQYlJUZlZNLVJ3T295NXFzRHJMUTJKdC0zUTNFS0stUzFPYjhHZWVKOE1xWWdHTTZabndmX0hhZS1QRTUwbjJNYXlOdG54eHJFcDZ5djFhTGlsMGdWU2l3X2lUTDBJbHEwcHowNDMycWFKZ3BhZGh0bTJ4dXhZaER6bkl1Nkh4c0ZSNXFOUXNncWZGbGpsMHNoWDduNjF4ZnE3azlCZnowci1hdHFCUQ?oc=5"" target=""_blank"">Nicolás de Francisco, el candidato al Concejo que pintó X rosadas por toda Bogotá para evidenciar los problemas de infraestructura de la capital</a>&nbsp;&nbsp;<font color=""#6f6f6f"">Revista Semana</font>","""baches"" Bogotá",Google News RSS,2026-09-21T11:45:28-05:00
news_00107,"Grave accidente en la NQS, en Bogotá: motociclista murió tras impacto con un camión - Noticias Caracol",https://news.google.com/rss/articles/CBMizwFBVV95cUxQeFNrYXJYbFZqLUcyakVRcFFpRkM2Q0xxYlRJdWxONlI0VS1XQzdUem8zT2NqWXp4V1FFemdwR2FYNHlxY3dLX2ZaNFR3UFJhRGY0NG9IREJDUWs4ZHFFSUl4dWNlczBwWW5TZXpIUHlGUm9JZ3loMDQwcWNHOVdtZkplMTBVd1dPRURpLThTSjZKR1pDN2x6QzI5VUlIOGJPS3RfWjJaNkFHQ3ZXaF9YWWNMUmZ0MzhWLWdtWFpZbVJnZFNvZ18xa2pvVUh1TTA?oc=5,"Tue, 23 Dec 2025 08:00:00 GMT","<a href=""https://news.google.com/rss/articles/CBMizwFBVV95cUxQeFNrYXJYbFZqLUcyakVRcFFpRkM2Q0xxYlRJdWxONlI0VS1XQzdUem8zT2NqWXp4V1FFemdwR2FYNHlxY3dLX2ZaNFR3UFJhRGY0NG9IREJDUWs4ZHFFSUl4dWNlczBwWW5TZXpIUHlGUm9JZ3loMDQwcWNHOVdtZkplMTBVd1dPRURpLThTSjZKR1pDN2x6QzI5VUlIOGJPS3RfWjJaNkFHQ3ZXaF9YWWNMUmZ0MzhWLWdtWFpZbVJnZFNvZ18xa2pvVUh1TTA?oc=5"" target=""_blank"">Grave accidente en la NQS, en Bogotá: motociclista murió tras impacto con un camión</a>&nbsp;&nbsp;<font color=""#6f6f6f"">Noticias Caracol</font>","""baches"" Bogotá",Google News RSS,2026-09-21T11:45:28-05:00
news_00108,"Bogotá: ""Nuestro Transmilenio es de talla mundial"" - dw.com",https://news.google.com/rss/articles/CBMinwFBVV95cUxOUHVCVEVlU3g0bThkNUVVdDB0VnJzVF9lcUk0XzExRmpCaEJkWnpYRTdTTWtlT19SeGNTT1pLaHdITXRSMkxkYWhDblFoUFBLMDdYN2dxMFh4cmNPTnNxQ3ZzdDNlUFJVMFNnZDh5M1J4R3c4QmYwekJOUlFOUGFqQmxOcFNMQ0Zzd0dfY1JFTVE0NDV6TXFsU2Iybl84OWPSAZ8BQVVfeXFMTWdrN2ZQY245X0FXSjBRRmNTeE5WaEU2bGdjdE9NZEFjRWM0azVLRXlDU0hPVEdjUFkxVVQzOVNGWHRUei1jYlZoYjJSbjZ5dTJZM0V4OE44R2xudERPanNpTlFQOUg4dHFJVzB0eTQ1ZVNCbldFcjFsZkloeWFRcDV0UTcxTC1HQ3gtY2pSMlFKUWcwVnctMk5uTkhwM3JB?oc=5,"Mon, 17 Oct 2016 07:00:00 GMT","<a href=""https://news.google.com/rss/articles/CBMinwFBVV95cUxOUHVCVEVlU3g0bThkNUVVdDB0VnJzVF9lcUk0XzExRmpCaEJkWnpYRTdTTWtlT19SeGNTT1pLaHdITXRSMkxkYWhDblFoUFBLMDdYN2dxMFh4cmNPTnNxQ3ZzdDNlUFJVMFNnZDh5M1J4R3c4QmYwekJOUlFOUGFqQmxOcFNMQ0Zzd0dfY1JFTVE0NDV6TXFsU2Iybl84OWPSAZ8BQVVfeXFMTWdrN2ZQY245X0FXSjBRRmNTeE5WaEU2bGdjdE9NZEFjRWM0azVLRXlDU0hPVEdjUFkxVVQzOVNGWHRUei1jYlZoYjJSbjZ5dTJZM0V4OE44R2xudERPanNpTlFQOUg4dHFJVzB0eTQ1ZVNCbldFcjFsZkloeWFRcDV0UTcxTC1HQ3gtY2pSMlFKUWcwVnctMk5uTkhwM3JB?oc=5"" target=""_blank"">Bogotá: ""Nuestro Transmilenio es de talla mundial""</a>&nbsp;&nbsp;<font color=""#6f6f6f"">dw.com</font>","""baches"" Bogotá",Google News RSS,2026-09-21T11:45:28-05:00
news_00109,Motociclista murió tras chocar contra un tractocamión en la NQS en Bogotá - Infobae,https://news.google.com/rss/articles/CBMixAFBVV95cUxQNzVoQWtQSFJTUkJNYm1XZ21HdndJaEtPc3VpbzN6N0NYcXdQb0RJX1FlOXhieEZXb0dRclU4Z19pSWZGaUNoUDQzUXhrcUdBRkVfdzlkQUJUNUZGbU5Qd0xFOVo3UGRmSFBOM2ZidHYtaC14d0FUUFdoRG9Xdno1cWM4c3lLOTJTNWU5TlFVVXRYSmNEbEJTeFdfMUcya29UenhGYmxhUVZRN19vNGRWSFREWVh2YkRPaHlTZ1dKZWF3Wm5m0gHfAUFVX3lxTE1qbHVBVWNmM1BiQmVTcHYtRU1qSjB2VG5MTDF6Y2U3NkJXNkdiMzdWZ3FWa2Vwc0doenNaWnNQUm00VVlZV3JWdUZ6M3dRQnFhR2hCQmR5NGsxVmhDQTVVZFVheFN5ZWwzWThQV3NqMU1OODdpa1duWmNZQkVIUGw2Q2taSXBZWG5kSW94bTFfZTlPV3VKaEV2SDhPZzJrQ3NVLVdUMllzTVo3bWdHVjc1Z1RNQ3VHTXN3RDNCVzNFLU9CT1M4cF9NNWJyNEJwWXowSzQ0Tm43c1dCdFlLR00?oc=5,"Tue, 23 Dec 2025 08:00:00 GMT","<a href=""https://news.google.com/rss/articles/CBMixAFBVV95cUxQNzVoQWtQSFJTUkJNYm1XZ21HdndJaEtPc3VpbzN6N0NYcXdQb0RJX1FlOXhieEZXb0dRclU4Z19pSWZGaUNoUDQzUXhrcUdBRkVfdzlkQUJUNUZGbU5Qd0xFOVo3UGRmSFBOM2ZidHYtaC14d0FUUFdoRG9Xdno1cWM4c3lLOTJTNWU5TlFVVXRYSmNEbEJTeFdfMUcya29UenhGYmxhUVZRN19vNGRWSFREWVh2YkRPaHlTZ1dKZWF3Wm5m0gHfAUFVX3lxTE1qbHVBVWNmM1BiQmVTcHYtRU1qSjB2VG5MTDF6Y2U3NkJXNkdiMzdWZ3FWa2Vwc0doenNaWnNQUm00VVlZV3JWdUZ6M3dRQnFhR2hCQmR5NGsxVmhDQTVVZFVheFN5ZWwzWThQV3NqMU1OODdpa1duWmNZQkVIUGw2Q2taSXBZWG5kSW94bTFfZTlPV3VKaEV2SDhPZzJrQ3NVLVdUMllzTVo3bWdHVjc1Z1RNQ3VHTXN3RDNCVzNFLU9CT1M4cF9NNWJyNEJwWXowSzQ0Tm43c1dCdFlLR00?oc=5"" target=""_blank"">Motociclista murió tras chocar contra un tractocamión en la NQS en Bogotá</a>&nbsp;&nbsp;<font color=""#6f6f6f"">Infobae</font>","""baches"" Bogotá",Google News RSS,2026-09-21T11:45:28-05:00
news_00110,En la carrera 68 tapamos 2.216 huecos; en Bogotá van 20.000 - Bogota.gov.co,https://news.google.com/rss/articles/CBMinwFBVV95cUxQbVIyUXUxdHZQWHc1NW5jb0lad0R2OWR5cmw4N21oVjlJaWdzWTBST093cDBZMzlUMExtbFppZXR6UnRMRWNhckZUTDc0NGRmOGJTcjQ5d3Ryajh5RXV6OWdTTTRwUVFNU3Fud1hKQlJLcU44S0s5dDJLck5HMDRuZmlJMFVKMXluM2NMTDZtdHZtZV92Z0lQcmhKaWJsejA?oc=5,"Sun, 19 May 2019 14:52:40 GMT","<a href=""https://news.google.com/rss/articles/CBMinwFBVV95cUxQbVIyUXUxdHZQWHc1NW5jb0lad0R2OWR5cmw4N21oVjlJaWdzWTBST093cDBZMzlUMExtbFppZXR6UnRMRWNhckZUTDc0NGRmOGJTcjQ5d3Ryajh5RXV6OWdTTTRwUVFNU3Fud1hKQlJLcU44S0s5dDJLck5HMDRuZmlJMFVKMXluM2NMTDZtdHZtZV92Z0lQcmhKaWJsejA?oc=5"" target=""_blank"">En la carrera 68 tapamos 2.216 huecos; en Bogotá van 20.000</a>&nbsp;&nbsp;<font color=""#6f6f6f"">Bogota.gov.co</font>","""baches"" Bogotá",Google News RSS,2026-09-21T11:45:28-05:00
news_00111,"De La Espriella comienza plan para destrabar la megavía Suba – Cota de $1,3 billones - Valora Analitik",https://news.google.com/rss/articles/CBMipwFBVV95cUxQZEtITEZZUTJFMWFGSnNuT2ZCckFObDVuRWRRQXZudTlKNjZLYTlxRmp4aE1rQ3FpWVh1X3h2aTZiTUZqVTZMVWVqa3pVWFZTbEtscURGaDhCeU5fLXgySmNEbVBxX052X0V5ZkR5WDVsMm9tQTM4Y3V4Mi1VdVJ4RzJxRU5yOV9UTVFaMm1VdlZQVXplVWNIRDVqYXc2UGdhZWt2NkE3QdIBrAFBVV95cUxQdS1FV2pmclRtTGU3U0dnc1M0OWUtR0NkTjctSEVwNm1lZlhrTHlfcjR2NHBjOFhGaVhWN3kzNk5zLWlYbXNGNGZpRjgydkV5cHlaUlBMYXdqV0lYeTdxZms1azRGbmg1UDdqVEsya2hwY1o3ZnNHY2REeVp4VXFOY0dZUkpteUlFRV9uSXQ1S2NzT0dVLWZMa1p5S1lRSVFRWFZsb05YWG9faFV6?oc=5,"Fri, 18 Sep 2026 20:00:00 GMT","<a href=""https://news.google.com/rss/articles/CBMipwFBVV95cUxQZEtITEZZUTJFMWFGSnNuT2ZCckFObDVuRWRRQXZudTlKNjZLYTlxRmp4aE1rQ3FpWVh1X3h2aTZiTUZqVTZMVWVqa3pVWFZTbEtscURGaDhCeU5fLXgySmNEbVBxX052X0V5ZkR5WDVsMm9tQTM4Y3V4Mi1VdVJ4RzJxRU5yOV9UTVFaMm1VdlZQVXplVWNIRDVqYXc2UGdhZWt2NkE3QdIBrAFBVV95cUxQdS1FV2pmclRtTGU3U0dnc1M0OWUtR0NkTjctSEVwNm1lZlhrTHlfcjR2NHBjOFhGaVhWN3kzNk5zLWlYbXNGNGZpRjgydkV5cHlaUlBMYXdqV0lYeTdxZms1azRGbmg1UDdqVEsya2hwY1o3ZnNHY2REeVp4VXFOY0dZUkpteUlFRV9uSXQ1S2NzT0dVLWZMa1p5S1lRSVFRWFZsb05YWG9faFV6?oc=5"" target=""_blank"">De La Espriella comienza plan para destrabar la megavía Suba – Cota de $1,3 billones</a>&nbsp;&nbsp;<font color=""#6f6f6f"">Valora Analitik</font>","""baches"" Bogotá",Google News RSS,2026-09-21T11:45:28-05:00
news_00112,"Distrito dice que ya se han tapado 140.000 huecos, pero faltan más - El Tiempo",https://news.google.com/rss/articles/CBMikgFBVV95cUxQYW9tUDJWd2xMblF5c1JsZ1NJUGdQOWw5bkFLM0pWTmVQblFCcHVRZU5OcFE3RUhQd20wd2Z3UXQzWDFNci1UcWJHUlJ4UEZ0cjBNMVV3djY5RUNOV294NXdpWXMtd19ZOXZSZ0t4cWN4dERmX3BpZV9oeDRLQndhdVYxbWdZX25xejRzbnR6S0xHQdIBlwFBVV95cUxOMWR6RTlSdGtBdGdwa1loWnVqLUxKTGtCYTljeU9zUEMxRC0wVlFXTXdUeWN1a1oyWTE4T3YzSlc0ZW9Jc2FacHdVdGJfMXlreXNER2FicDFvUGhsalRMZVNPdnptTkJiYmV5UzYtVlRSaTAxdUx4MlJ3YWJqSGFZaVNhekltUFdiRGJSZWtGcllEZFpyX3FJ?oc=5,"Tue, 06 Oct 2020 07:00:00 GMT","<a href=""https://news.google.com/rss/articles/CBMikgFBVV95cUxQYW9tUDJWd2xMblF5c1JsZ1NJUGdQOWw5bkFLM0pWTmVQblFCcHVRZU5OcFE3RUhQd20wd2Z3UXQzWDFNci1UcWJHUlJ4UEZ0cjBNMVV3djY5RUNOV294NXdpWXMtd19ZOXZSZ0t4cWN4dERmX3BpZV9oeDRLQndhdVYxbWdZX25xejRzbnR6S0xHQdIBlwFBVV95cUxOMWR6RTlSdGtBdGdwa1loWnVqLUxKTGtCYTljeU9zUEMxRC0wVlFXTXdUeWN1a1oyWTE4T3YzSlc0ZW9Jc2FacHdVdGJfMXlreXNER2FicDFvUGhsalRMZVNPdnptTkJiYmV5UzYtVlRSaTAxdUx4MlJ3YWJqSGFZaVNhekltUFdiRGJSZWtGcllEZFpyX3FJ?oc=5"" target=""_blank"">Distrito dice que ya se han tapado 140.000 huecos, pero faltan más</a>&nbsp;&nbsp;<font color=""#6f6f6f"">El Tiempo</font>","""baches"" Bogotá",Google News RSS,2026-09-21T11:45:28-05:00
news_00113,Ni los Sitp se salvan de “ser tragados” por los huecos en Bogotá: nuevo accidente por baches en la vía generó monumental trancón - Infobae,https://news.google.com/rss/articles/CBMi_wFBVV95cUxNcU5POXdLRmJqUTBhWk9xWXEzUHROXzhvNW45eWRxSlR6eEFoUjJybWZQMldleUhNMVlOT2RRNkpId0dINm9paW1YMEV5dXlha0NlVlNWSjdTcGwxV24yaWlfVjUxMXlpVmtOeUVkX0RMMm9qUS1WVVhYeGZ1OE80NVB6a3R3WHJnOUdYRm5nb2xIU3hEQjJFYWQ2VjBKVURwZThlOXgwQjAzNXhFTEFVMEwwUU1iSGdueDRMT1ZxdEdyeF9MZ1p6TGVocTRrTXNnMXZDeHlUQWxxTlNIOUtVVDNKNndmTmEtTEVqb1pBWVdZNklZVE1SeG45ZVZKM1nSAZoCQVVfeXFMUC00LVE0SWhkdDNIRUc4eW4tcGEwZGpWUDJpSldEaWFEZG5tVkNQTzFqT0haeUoxYnRyLUJMU2dMbzlYenMxM1pyT3ByWlBlbG1oWkNxbmhYUmk5N1BMZEZYd3ozNFJRaWtsN2x4d2xQaG9YUUYyOENtQnRPTjF5WmZueTd3ZS1NRnBPSUVQY0ZhdDdmbzRlQm9HaEVpRkQ5REZ6M1AyTW4zNXM0endoUmJRV2M4dktPLU1PdVhKUmtKRjY1S0VkbEFTNWxjdjlYTWZzRXR6YUx1SmowT1dOZHRWVThET0g3SFVhaGd3MnRNbEduSjBkS1djRUIta1RNTUpMamRoVHV1UFVqcUJJaXFBdndSYnhyemN3?oc=5,"Sun, 03 Nov 2024 07:00:00 GMT","<a href=""https://news.google.com/rss/articles/CBMi_wFBVV95cUxNcU5POXdLRmJqUTBhWk9xWXEzUHROXzhvNW45eWRxSlR6eEFoUjJybWZQMldleUhNMVlOT2RRNkpId0dINm9paW1YMEV5dXlha0NlVlNWSjdTcGwxV24yaWlfVjUxMXlpVmtOeUVkX0RMMm9qUS1WVVhYeGZ1OE80NVB6a3R3WHJnOUdYRm5nb2xIU3hEQjJFYWQ2VjBKVURwZThlOXgwQjAzNXhFTEFVMEwwUU1iSGdueDRMT1ZxdEdyeF9MZ1p6TGVocTRrTXNnMXZDeHlUQWxxTlNIOUtVVDNKNndmTmEtTEVqb1pBWVdZNklZVE1SeG45ZVZKM1nSAZoCQVVfeXFMUC00LVE0SWhkdDNIRUc4eW4tcGEwZGpWUDJpSldEaWFEZG5tVkNQTzFqT0haeUoxYnRyLUJMU2dMbzlYenMxM1pyT3ByWlBlbG1oWkNxbmhYUmk5N1BMZEZYd3ozNFJRaWtsN2x4d2xQaG9YUUYyOENtQnRPTjF5WmZueTd3ZS1NRnBPSUVQY0ZhdDdmbzRlQm9HaEVpRkQ5REZ6M1AyTW4zNXM0endoUmJRV2M4dktPLU1PdVhKUmtKRjY1S0VkbEFTNWxjdjlYTWZzRXR6YUx1SmowT1dOZHRWVThET0g3SFVhaGd3MnRNbEduSjBkS1djRUIta1RNTUpMamRoVHV1UFVqcUJJaXFBdndSYnhyemN3?oc=5"" target=""_blank"">Ni los Sitp se salvan de “ser tragados” por los huecos en Bogotá: nuevo accidente por baches en la vía generó monumental trancón</a>&nbsp;&nbsp;<font color=""#6f6f6f"">Infobae</font>","""baches"" Bogotá",Google News RSS,2026-09-21T11:45:28-05:00
news_00114,UMV ha tapado más de 30.600 huecos de la malla vial local de la ciudad - Bogota.gov.co,https://news.google.com/rss/articles/CBMisAFBVV95cUxPQlE3YzRiUnFXaUJuNVgxMi1nX0N4ZkgtekFDSlp0NzdTR3hPTTRYVzVjRjFOV0JGc1l5RlZNbnNpU1dyUFl3eEh6Vi1KNjB6MUZkOEJ4RURLV1NxaFFXV3BzOXd0Vnc5ZjhfRklwcXNIMnh3ckhjbm5ZLVFDTGtFNlE1V3hEREtlNGRZRVN3R1VWQnM3NFV4VjBDQkdQQUFBQzdYZmF6RTF3bHF6SWtVQg?oc=5,"Sat, 18 May 2019 21:29:14 GMT","<a href=""https://news.google.com/rss/articles/CBMisAFBVV95cUxPQlE3YzRiUnFXaUJuNVgxMi1nX0N4ZkgtekFDSlp0NzdTR3hPTTRYVzVjRjFOV0JGc1l5RlZNbnNpU1dyUFl3eEh6Vi1KNjB6MUZkOEJ4RURLV1NxaFFXV3BzOXd0Vnc5ZjhfRklwcXNIMnh3ckhjbm5ZLVFDTGtFNlE1V3hEREtlNGRZRVN3R1VWQnM3NFV4VjBDQkdQQUFBQzdYZmF6RTF3bHF6SWtVQg?oc=5"" target=""_blank"">UMV ha tapado más de 30.600 huecos de la malla vial local de la ciudad</a>&nbsp;&nbsp;<font color=""#6f6f6f"">Bogota.gov.co</font>","""baches"" Bogotá",Google News RSS,2026-09-21T11:45:28-05:00
news_00115,Inician obras de mantenimiento en la vía a Choachí - Bogota.gov.co,https://news.google.com/rss/articles/CBMia0FVX3lxTE9ENHVjVW83Nm0yeTA2WnN1bzNHU0dUaVRfZXNlSUo0VzlQWTJJYi1XQjVHNGlZekVOc2ZwbndPUU12OS1KOTRNS2tRb08wZTdOUmpvbUNBbGlMamUtcFF4bEdFR25WdDZ6OURj?oc=5,"Mon, 20 May 2019 00:13:54 GMT","<a href=""https://news.google.com/rss/articles/CBMia0FVX3lxTE9ENHVjVW83Nm0yeTA2WnN1bzNHU0dUaVRfZXNlSUo0VzlQWTJJYi1XQjVHNGlZekVOc2ZwbndPUU12OS1KOTRNS2tRb08wZTdOUmpvbUNBbGlMamUtcFF4bEdFR25WdDZ6OURj?oc=5"" target=""_blank"">Inician obras de mantenimiento en la vía a Choachí</a>&nbsp;&nbsp;<font color=""#6f6f6f"">Bogota.gov.co</font>","""baches"" Bogotá",Google News RSS,2026-09-21T11:45:28-05:00
news_00116,Nueva estrategia para tapar 90.000 huecos en diez meses en Bogotá - El Tiempo,https://news.google.com/rss/articles/CBMimAFBVV95cUxQbmtaRENXSE9od19jdG5DN3JvNlVqUDk0Y3lfbnNVSTRYQzJfX3FwMllUNGZYb3phR2tHRmdQbmc1VHRyajI1cmVneWFubTVfM1p1VEp5eTh6R3J1MWVfQzJCUEpmRXBzcXhLdHhvS2VjVlRWS1N2SWt4eGZjUkFCQm9wc3VUVGRndHpFVnZReEFtM3ZzblNSN9IBngFBVV95cUxOajliOVY0QVNrLUN3YXozV3J3R2d5Vk5kU3NzTFotQ3dUb2g0TjRnMXMxa2xNX3Q2MDlRbVdnR05nNXhSWC1SamJaSmlsUXJVSWtGOXRzcXQ4Z1cxZnh3eDBoUlpVMHdIQnNTU2tuSDYzWVc2allFRG5qSjNvODdZNWR3TEl4elhLNlRYcUtheUk1R3EyS3ZxbmJzVTZKQQ?oc=5,"Wed, 08 Mar 2017 08:00:00 GMT","<a href=""https://news.google.com/rss/articles/CBMimAFBVV95cUxQbmtaRENXSE9od19jdG5DN3JvNlVqUDk0Y3lfbnNVSTRYQzJfX3FwMllUNGZYb3phR2tHRmdQbmc1VHRyajI1cmVneWFubTVfM1p1VEp5eTh6R3J1MWVfQzJCUEpmRXBzcXhLdHhvS2VjVlRWS1N2SWt4eGZjUkFCQm9wc3VUVGRndHpFVnZReEFtM3ZzblNSN9IBngFBVV95cUxOajliOVY0QVNrLUN3YXozV3J3R2d5Vk5kU3NzTFotQ3dUb2g0TjRnMXMxa2xNX3Q2MDlRbVdnR05nNXhSWC1SamJaSmlsUXJVSWtGOXRzcXQ4Z1cxZnh3eDBoUlpVMHdIQnNTU2tuSDYzWVc2allFRG5qSjNvODdZNWR3TEl4elhLNlRYcUtheUk1R3EyS3ZxbmJzVTZKQQ?oc=5"" target=""_blank"">Nueva estrategia para tapar 90.000 huecos en diez meses en Bogotá</a>&nbsp;&nbsp;<font color=""#6f6f6f"">El Tiempo</font>","""baches"" Bogotá",Google News RSS,2026-09-21T11:45:28-05:00
news_00117,Fatal accidente en Bogotá: motociclista murió arrollado por un articulado de TransMilenio - Infobae,https://news.google.com/rss/articles/CBMizgFBVV95cUxON0ZiQnZuVWdTWVE3OXNSZDF6emFBMjllOXNzb2tmVnItTHRoTTh5SjdxX2hpdzUzMlQwRTMxYTRvZXhnVjRBQ2pBM1Y0djhfWHdNZWVJODcxTkgwZ1ROVnJyV0tGS2pHUzJzdFh2NnZGeFIxVFdZa2kyS2RKcEdCYWtqMy1rM043UGhOVlN0dTBnYnpHSjM0ZmU2d00xTEZibnQ3WUFfb2lXZmRtSVdsdE1RQkZBVGVoa3dMT3pLZkpONTU3dDlFQjZLNWdId9IB6AFBVV95cUxNT3JtdjdVUGpCZWMxSWZ5bEdYZlR5QzM4Q2hfZFdpM0lmeGUxcWFBblNUMThLQVFCN0pUT0trclVITk8zTVl4YWJEc1RvazRLQlBzelNLOXk0TWNkU2NTLWNwM3RTbDIwVG1DUWpDNkYxTUpJWWZYcEF4R3Ryek5SWUl4RmxETUpSU0hzazhmNHRzMjB0Qm9pQ2N0TmtDN3lKNWxpcHg0ZDB3cVFrOHZIQ2R1YWtyUEZDSWpPZnowVUFhS2dhSHFnZmdMRkRpMVlpQk15OVZZTFo0SlhsNEl5cUowQWR4ZmVS?oc=5,"Thu, 22 May 2025 07:00:00 GMT","<a href=""https://news.google.com/rss/articles/CBMizgFBVV95cUxON0ZiQnZuVWdTWVE3OXNSZDF6emFBMjllOXNzb2tmVnItTHRoTTh5SjdxX2hpdzUzMlQwRTMxYTRvZXhnVjRBQ2pBM1Y0djhfWHdNZWVJODcxTkgwZ1ROVnJyV0tGS2pHUzJzdFh2NnZGeFIxVFdZa2kyS2RKcEdCYWtqMy1rM043UGhOVlN0dTBnYnpHSjM0ZmU2d00xTEZibnQ3WUFfb2lXZmRtSVdsdE1RQkZBVGVoa3dMT3pLZkpONTU3dDlFQjZLNWdId9IB6AFBVV95cUxNT3JtdjdVUGpCZWMxSWZ5bEdYZlR5QzM4Q2hfZFdpM0lmeGUxcWFBblNUMThLQVFCN0pUT0trclVITk8zTVl4YWJEc1RvazRLQlBzelNLOXk0TWNkU2NTLWNwM3RTbDIwVG1DUWpDNkYxTUpJWWZYcEF4R3Ryek5SWUl4RmxETUpSU0hzazhmNHRzMjB0Qm9pQ2N0TmtDN3lKNWxpcHg0ZDB3cVFrOHZIQ2R1YWtyUEZDSWpPZnowVUFhS2dhSHFnZmdMRkRpMVlpQk15OVZZTFo0SlhsNEl5cUowQWR4ZmVS?oc=5"" target=""_blank"">Fatal accidente en Bogotá: motociclista murió arrollado por un articulado de TransMilenio</a>&nbsp;&nbsp;<font color=""#6f6f6f"">Infobae</font>","""baches"" Bogotá",Google News RSS,2026-09-21T11:45:28-05:00
news_00118,UE ratifica préstamo a construcción de metro de Bogotá - dw.com,https://news.google.com/rss/articles/CBMiwAFBVV95cUxQY01vWktHdHlLZkFhMkVQcENld1RTSVdXRjBKSDMwZnR1N2hEeVR1bmEzS1dLNnlzelNiMUs5UGk0RHJKblFnUzUxVXJxd1FWMU5ybjIwMkxha1RYQi13d2psd0syNVlxcEpNLTdzZEpPNjVzLXNmdENUdE4taEdmOVR1SVlmbFVRSkRfeXhZRGJ6eWxGSWNDUDNUY2FnbEZJaXVoX0J5NHpZd0NpVnhaY1pQVEJYb21HaHZ2Y2pHM2zSAcABQVVfeXFMTUxUVm1fQnZkM2VxNGVUVkZrU1ZuLXZRd0sxYnFHVkUwUTh2T01mMmczZGFrWVlLSXNrbkgxcTJKX05HS2lmRWFTODFfeS0zM3RuOHBuQWJPWlJMMGJwTVhFcjJ4N1hycnF4bXFNdFVXNkVQWEkzcXU2aEdUbVVJSXZSbVBpUWVXMjBKNDNJd1FrbmMzVFlHaUEyejl2X0VXV3Uwa0cwQUwzQjFjLUJ1cEVGb1E4U1duRTNRcmgyVkd3?oc=5,"Fri, 23 Nov 2018 08:00:00 GMT","<a href=""https://news.google.com/rss/articles/CBMiwAFBVV95cUxQY01vWktHdHlLZkFhMkVQcENld1RTSVdXRjBKSDMwZnR1N2hEeVR1bmEzS1dLNnlzelNiMUs5UGk0RHJKblFnUzUxVXJxd1FWMU5ybjIwMkxha1RYQi13d2psd0syNVlxcEpNLTdzZEpPNjVzLXNmdENUdE4taEdmOVR1SVlmbFVRSkRfeXhZRGJ6eWxGSWNDUDNUY2FnbEZJaXVoX0J5NHpZd0NpVnhaY1pQVEJYb21HaHZ2Y2pHM2zSAcABQVVfeXFMTUxUVm1fQnZkM2VxNGVUVkZrU1ZuLXZRd0sxYnFHVkUwUTh2T01mMmczZGFrWVlLSXNrbkgxcTJKX05HS2lmRWFTODFfeS0zM3RuOHBuQWJPWlJMMGJwTVhFcjJ4N1hycnF4bXFNdFVXNkVQWEkzcXU2aEdUbVVJSXZSbVBpUWVXMjBKNDNJd1FrbmMzVFlHaUEyejl2X0VXV3Uwa0cwQUwzQjFjLUJ1cEVGb1E4U1duRTNRcmgyVkd3?oc=5"" target=""_blank"">UE ratifica préstamo a construcción de metro de Bogotá</a>&nbsp;&nbsp;<font color=""#6f6f6f"">dw.com</font>","""baches"" Bogotá",Google News RSS,2026-09-21T11:45:28-05:00
news_00119,La pizzería que se dedicó a tapar huecos en calles de Estados Unidos - El Tiempo,https://news.google.com/rss/articles/CBMisAFBVV95cUxPWHk2TDNZMUlkTzFvVk9vY3psT3pQSEl1X2REbjJIQ0JkVnZPZ0VqemhNdF9rdUd1d19ORUEyTVp1YS1UbkZ4UkpRd3lCSkg4SXdpdHRJei11LWhuQ2EyX0l0c3VyZnNEMmF0V2x3N19IZDU3TzVvRmlnaFM2eW5TTUJaNmlxRTkyWVppZWFKZUdtZnhUeWFIdG5ucVRVb1NGemdRRXJfZ0pzU1M4SWxYNdIBtgFBVV95cUxOV2xvUW5NdjBUUzE0X0tlNmZWcDdodmk5Zm9IcHljT1R5WG9ONVhYNnBkdFVyTE1RS2x0X3pfQThhOXc4ZDd1V0I3ZnZfV281ejhzaHg1U3QzMDBVN3Uwd29td21IUUJPV3F6amtmdUJabHdtdFo0dkNkUjlUZ2F5dTIzMzRyNUMwVEN4MDQxRllkN3d6VHpXSnVIWTVnelNZZm1DSmVNdldYSjNDX3FMZnVZaGNsZw?oc=5,"Fri, 19 Jul 2019 07:00:00 GMT","<a href=""https://news.google.com/rss/articles/CBMisAFBVV95cUxPWHk2TDNZMUlkTzFvVk9vY3psT3pQSEl1X2REbjJIQ0JkVnZPZ0VqemhNdF9rdUd1d19ORUEyTVp1YS1UbkZ4UkpRd3lCSkg4SXdpdHRJei11LWhuQ2EyX0l0c3VyZnNEMmF0V2x3N19IZDU3TzVvRmlnaFM2eW5TTUJaNmlxRTkyWVppZWFKZUdtZnhUeWFIdG5ucVRVb1NGemdRRXJfZ0pzU1M4SWxYNdIBtgFBVV95cUxOV2xvUW5NdjBUUzE0X0tlNmZWcDdodmk5Zm9IcHljT1R5WG9ONVhYNnBkdFVyTE1RS2x0X3pfQThhOXc4ZDd1V0I3ZnZfV281ejhzaHg1U3QzMDBVN3Uwd29td21IUUJPV3F6amtmdUJabHdtdFo0dkNkUjlUZ2F5dTIzMzRyNUMwVEN4MDQxRllkN3d6VHpXSnVIWTVnelNZZm1DSmVNdldYSjNDX3FMZnVZaGNsZw?oc=5"" target=""_blank"">La pizzería que se dedicó a tapar huecos en calles de Estados Unidos</a>&nbsp;&nbsp;<font color=""#6f6f6f"">El Tiempo</font>","""baches"" Bogotá",Google News RSS,2026-09-21T11:45:28-05:00
news_00120,Metro de Bogotá: obra que transformó el paisaje y golpeó la movilidad capitalina - El Espectador,https://news.google.com/rss/articles/CBMixgFBVV95cUxQeDI2NU9hZTZMMGZNVUM1Uy02bnZ4MkVWN0FkRUoxQ1NBbzl5SzI5UFhJVV9MR3VtWmJKQmVIOUJsbFA4TTdGSGJuaUlIWWlpVmdvUG53LVJEU0tWeWg0YUttbENXdVdTTlFKRnpwVnpPZUhZNlBDdWJBal9RaU8xNjg5SHhNRVRyeUh5RGxxZ1BnYWZmT1VIVWpablUtLXFHZ3BEblE1bndxdXJzZ0xvaDZhd0YtMTU3ZE5DRnkxb2FLMVNaRHfSAdoBQVVfeXFMTmxobWdINGU3SF9oTUJJeGlGblJqY0VVOS0zdzNrZnlIdUVYMUNRaERtUXR5QzRoLTlvU2FhOUFJWnNCNjI2STNnNkc1MjlJQTlQeDNLQmZ0TFpYdHZxdlNIZ0hhN2UzTzVXOGNKWUtBNXZxMlMxRlkzSjN1M3E2a1Y2cEowY3psT3M3VlJDUV9JV3FhcDUxVTlqbUV1bzZyMzFkVEVCOEwtenU4UXRqYWJyUDFGeDJvdUw3VlBYcGFWMjhRS0hGOUk4RTJ1U3lNX3UzVVQyTWdVcUE?oc=5,"Fri, 27 Dec 2024 08:00:00 GMT","<a href=""https://news.google.com/rss/articles/CBMixgFBVV95cUxQeDI2NU9hZTZMMGZNVUM1Uy02bnZ4MkVWN0FkRUoxQ1NBbzl5SzI5UFhJVV9MR3VtWmJKQmVIOUJsbFA4TTdGSGJuaUlIWWlpVmdvUG53LVJEU0tWeWg0YUttbENXdVdTTlFKRnpwVnpPZUhZNlBDdWJBal9RaU8xNjg5SHhNRVRyeUh5RGxxZ1BnYWZmT1VIVWpablUtLXFHZ3BEblE1bndxdXJzZ0xvaDZhd0YtMTU3ZE5DRnkxb2FLMVNaRHfSAdoBQVVfeXFMTmxobWdINGU3SF9oTUJJeGlGblJqY0VVOS0zdzNrZnlIdUVYMUNRaERtUXR5QzRoLTlvU2FhOUFJWnNCNjI2STNnNkc1MjlJQTlQeDNLQmZ0TFpYdHZxdlNIZ0hhN2UzTzVXOGNKWUtBNXZxMlMxRlkzSjN1M3E2a1Y2cEowY3psT3M3VlJDUV9JV3FhcDUxVTlqbUV1bzZyMzFkVEVCOEwtenU4UXRqYWJyUDFGeDJvdUw3VlBYcGFWMjhRS0hGOUk4RTJ1U3lNX3UzVVQyTWdVcUE?oc=5"" target=""_blank"">Metro de Bogotá: obra que transformó el paisaje y golpeó la movilidad capitalina</a>&nbsp;&nbsp;<font color=""#6f6f6f"">El Espectador</font>","""baches"" Bogotá",Google News RSS,2026-09-21T11:45:28-05:00
news_00121,¿Tiene moto? De esta manera puede participar en el curso gratuito el sábado 23 de mayo en Bogotá - Revista Semana,https://news.google.com/rss/articles/CBMi3AFBVV95cUxPOHl0TzVPd08tTjM0MjU1eTMxR1hpU2ZMTlZaclNwY3dKVU00SW5JSUtIMUJpLXdWZExWay1BY0tzZjBRYXFDY3J5Q0xGTkpkaVFHOHgxb1JtdUI1dDJ0UzBwUmpfc1l1V0E5ZnJiSGpEdXIyaENNTXI2dXVkQ3ZyMFM4blBYdk5aYWRfbmdVMW1ubkpjZHdVY2NSdVN6aFVWTUs4Z0ZkVEh4U2VkbHZPWHd2U1ZYdldtd3RxNVVCUkxDbEd4XzVVMHRHaGJMRlMxVkU4cjdJdUVkRkxx?oc=5,"Tue, 19 May 2026 07:00:00 GMT","<a href=""https://news.google.com/rss/articles/CBMi3AFBVV95cUxPOHl0TzVPd08tTjM0MjU1eTMxR1hpU2ZMTlZaclNwY3dKVU00SW5JSUtIMUJpLXdWZExWay1BY0tzZjBRYXFDY3J5Q0xGTkpkaVFHOHgxb1JtdUI1dDJ0UzBwUmpfc1l1V0E5ZnJiSGpEdXIyaENNTXI2dXVkQ3ZyMFM4blBYdk5aYWRfbmdVMW1ubkpjZHdVY2NSdVN6aFVWTUs4Z0ZkVEh4U2VkbHZPWHd2U1ZYdldtd3RxNVVCUkxDbEd4XzVVMHRHaGJMRlMxVkU4cjdJdUVkRkxx?oc=5"" target=""_blank"">¿Tiene moto? De esta manera puede participar en el curso gratuito el sábado 23 de mayo en Bogotá</a>&nbsp;&nbsp;<font color=""#6f6f6f"">Revista Semana</font>","""baches"" Bogotá",Google News RSS,2026-09-21T11:45:28-05:00
news_00122,"Falcao, esperanzado con el futuro, pero crítico con las directivas: Tenemos muchos baches - Caracol Radio",https://news.google.com/rss/articles/CBMivgFBVV95cUxNamUteGxQQTl6c0FsbS1ydDNqT3JNU1RUWVNBUXd4MDllV1JWSHBjVm83aUlVLTRqNnQzSHBpQmxQOHVtMEstTmtQM3dBZ1VBUWQ4RDZLU1N3dW1uSktKRmZncXVDNzlUZUNuRHprYjNIci1HRV9paXI2YnloN3hyMVY2TVNPM0pSdUhTZDJfUVJOTU1FQXIxTW83ajB4RUVQZW1FR0xRMHF5SDhLTVUySENRMFNsVGhmcUxyY0R30gHSAUFVX3lxTE8zTFBCc2FHbUViLTZoQXJyVkpJX3dRMXEyQVhYQ1RZcFk5WjlET1ZEbmttUlctYmZKWDgyMUh2TzlvUE1yZ3VpVVgwdHdodGEyQnZab1I3TVkxbEIwbV9RMmtKTGRLQWFvUVVHN1huM1FFby1ESDZCQmFWTG5xUVNodVdVVHlfenR0OVR6M0swbWxXRElZcWllM0htb0ViX2lNdnk1ZlJkVzdOTXVFay1TRl9lek9hZ2xLMUZrUzFuRzM5ckc2azNDWUQ5UldRTk95Zw?oc=5,"Thu, 08 Jun 2023 07:00:00 GMT","<a href=""https://news.google.com/rss/articles/CBMivgFBVV95cUxNamUteGxQQTl6c0FsbS1ydDNqT3JNU1RUWVNBUXd4MDllV1JWSHBjVm83aUlVLTRqNnQzSHBpQmxQOHVtMEstTmtQM3dBZ1VBUWQ4RDZLU1N3dW1uSktKRmZncXVDNzlUZUNuRHprYjNIci1HRV9paXI2YnloN3hyMVY2TVNPM0pSdUhTZDJfUVJOTU1FQXIxTW83ajB4RUVQZW1FR0xRMHF5SDhLTVUySENRMFNsVGhmcUxyY0R30gHSAUFVX3lxTE8zTFBCc2FHbUViLTZoQXJyVkpJX3dRMXEyQVhYQ1RZcFk5WjlET1ZEbmttUlctYmZKWDgyMUh2TzlvUE1yZ3VpVVgwdHdodGEyQnZab1I3TVkxbEIwbV9RMmtKTGRLQWFvUVVHN1huM1FFby1ESDZCQmFWTG5xUVNodVdVVHlfenR0OVR6M0swbWxXRElZcWllM0htb0ViX2lNdnk1ZlJkVzdOTXVFay1TRl9lek9hZ2xLMUZrUzFuRzM5ckc2azNDWUQ5UldRTk95Zw?oc=5"" target=""_blank"">Falcao, esperanzado con el futuro, pero crítico con las directivas: Tenemos muchos baches</a>&nbsp;&nbsp;<font color=""#6f6f6f"">Caracol Radio</font>","""baches"" Bogotá",Google News RSS,2026-09-21T11:45:28-05:00
news_00123,"Por mal estado de las vías, bloquean autopista Medellín - Bogotá - El Nuevo Siglo",https://news.google.com/rss/articles/CBMiogFBVV95cUxPVWdqZVhlRDM1NnhVZU9QcEhEZ1E4ckhkU0JVQ0xiRkVuU1pxUC1XNWVzQnNMb0YzNTJPRldOb3lJdG9jZ0VyY2RrRHdSSHRUSVpGZkJ0VUltdzF6NE5rd0d3al9LRE5OeHVTMzdnc1pBek0zRFBQdVEzZGV1MUtjMjUwRF9JQ0Z1SkgyNmdHRk4zVk5jR3h3Z2gzX3BQSUVnalE?oc=5,"Thu, 08 Aug 2024 07:00:00 GMT","<a href=""https://news.google.com/rss/articles/CBMiogFBVV95cUxPVWdqZVhlRDM1NnhVZU9QcEhEZ1E4ckhkU0JVQ0xiRkVuU1pxUC1XNWVzQnNMb0YzNTJPRldOb3lJdG9jZ0VyY2RrRHdSSHRUSVpGZkJ0VUltdzF6NE5rd0d3al9LRE5OeHVTMzdnc1pBek0zRFBQdVEzZGV1MUtjMjUwRF9JQ0Z1SkgyNmdHRk4zVk5jR3h3Z2gzX3BQSUVnalE?oc=5"" target=""_blank"">Por mal estado de las vías, bloquean autopista Medellín - Bogotá</a>&nbsp;&nbsp;<font color=""#6f6f6f"">El Nuevo Siglo</font>","""baches"" Bogotá",Google News RSS,2026-09-21T11:45:28-05:00
news_00124,Cómo pueden los drones y la IA ayudar a detectar y reparar los 25.000 baches que existen en los 14.587 quilómetros de calles de Santa Fé de Bogotá - novaciencia.es,https://news.google.com/rss/articles/CBMi_wFBVV95cUxNQUF3dU1CNzdlbWZTUXdqNGF5aGthSm1FN3d6V1NrcVhXTUdET3J5RlZ3T3VhLXNMbll4LWFNU0hUN2NQWXJPVWxRUXlWMXpoc3B6ckhYeEdtcDR2WFBLWVg1ZVFiYS01Tm54OTdVTmEtR3Vob3dxLTUtR0laYmhEUmJTaFhPbTNxRmd6dTl0eWRoa2RjbXNUamktS0lybGVvOEtpRlpmZGFPcEJmcFVfWTBEdXh0NnFiOE1RMW9mSFF5VVVfS0lzSDJ6MjNvQktEelhMMkNWRXUxNWxrczJLVC0yMEhOSDRmT3M4ekZkTXcwWW1xODJsc3R1WmFFaFU?oc=5,"Mon, 27 Oct 2025 07:00:00 GMT","<a href=""https://news.google.com/rss/articles/CBMi_wFBVV95cUxNQUF3dU1CNzdlbWZTUXdqNGF5aGthSm1FN3d6V1NrcVhXTUdET3J5RlZ3T3VhLXNMbll4LWFNU0hUN2NQWXJPVWxRUXlWMXpoc3B6ckhYeEdtcDR2WFBLWVg1ZVFiYS01Tm54OTdVTmEtR3Vob3dxLTUtR0laYmhEUmJTaFhPbTNxRmd6dTl0eWRoa2RjbXNUamktS0lybGVvOEtpRlpmZGFPcEJmcFVfWTBEdXh0NnFiOE1RMW9mSFF5VVVfS0lzSDJ6MjNvQktEelhMMkNWRXUxNWxrczJLVC0yMEhOSDRmT3M4ekZkTXcwWW1xODJsc3R1WmFFaFU?oc=5"" target=""_blank"">Cómo pueden los drones y la IA ayudar a detectar y reparar los 25.000 baches que existen en los 14.587 quilómetros de calles de Santa Fé de Bogotá</a>&nbsp;&nbsp;<font color=""#6f6f6f"">novaciencia.es</font>","""baches"" Bogotá",Google News RSS,2026-09-21T11:45:28-05:00
news_00125,Así fluyó la movilidad el 17 de octubre en las vías de Bogotá - Infobae,https://news.google.com/rss/articles/CBMiwAFBVV95cUxQbHFTeUFWbWdJVEQ0QVNRazM1UkViX3RyY3ZMY1dFTTVUV3Z4d0h2ZFo4S1VRd3FZc1BpbXQ5bGlWeUhBWEtZNE5JT25sbmMtelNwTDBYZVlYZDRpZzcybEVocDJnUXNkT1RGY0NjM2pDRTl6cFZXcXNTaWxIcnlBR1B4OXBsanNWLUhRVW5fX0NkbDQ2eDFJVnZhZkpWVF9idHhrUlBqOTlmbm9CNWhpZV9LeHlHSDdQZUt1UGNtcU3SAdsBQVVfeXFMTkVURzZkZ2tTMjZWaFBKMm5Rcl9pbzA1MlpadWJQaEs3eklFTnYyeHJQZjRjTFBibUNpcUY5Z0NEWXNycjhZRE9XYlVYSTJGUXg0dmM1TVFXdHRYcjBCOG1GVnE4UWo5VzJFeXZsbUtGQ0hOeHRFYkJuZEY5eWhzdi1JbGoyQTVwWVRWX09nNmxMTDVNbTlsXzNocVplalNmYnRrNWZKd0V2amNXdEkybWtTLTJvX1VsVV9aNDB1U1oxaHRXUnFJd1lpVGhIdFRnNW0wVXc2Z3pLRWx3?oc=5,"Thu, 17 Oct 2024 07:00:00 GMT","<a href=""https://news.google.com/rss/articles/CBMiwAFBVV95cUxQbHFTeUFWbWdJVEQ0QVNRazM1UkViX3RyY3ZMY1dFTTVUV3Z4d0h2ZFo4S1VRd3FZc1BpbXQ5bGlWeUhBWEtZNE5JT25sbmMtelNwTDBYZVlYZDRpZzcybEVocDJnUXNkT1RGY0NjM2pDRTl6cFZXcXNTaWxIcnlBR1B4OXBsanNWLUhRVW5fX0NkbDQ2eDFJVnZhZkpWVF9idHhrUlBqOTlmbm9CNWhpZV9LeHlHSDdQZUt1UGNtcU3SAdsBQVVfeXFMTkVURzZkZ2tTMjZWaFBKMm5Rcl9pbzA1MlpadWJQaEs3eklFTnYyeHJQZjRjTFBibUNpcUY5Z0NEWXNycjhZRE9XYlVYSTJGUXg0dmM1TVFXdHRYcjBCOG1GVnE4UWo5VzJFeXZsbUtGQ0hOeHRFYkJuZEY5eWhzdi1JbGoyQTVwWVRWX09nNmxMTDVNbTlsXzNocVplalNmYnRrNWZKd0V2amNXdEkybWtTLTJvX1VsVV9aNDB1U1oxaHRXUnFJd1lpVGhIdFRnNW0wVXc2Z3pLRWx3?oc=5"" target=""_blank"">Así fluyó la movilidad el 17 de octubre en las vías de Bogotá</a>&nbsp;&nbsp;<font color=""#6f6f6f"">Infobae</font>","""baches"" Bogotá",Google News RSS,2026-09-21T11:45:28-05:00
news_00126,"Video sobre vehículos cruzando una calle llena de baches no es de Bogotá, Colombia - malaespinacheck.cl",https://news.google.com/rss/articles/CBMiygFBVV95cUxQS3FKQ0dKTXNFZDRkX1lENWs1X285MURqOUY0UER4Z1NkdDFONmV6WEhkVXVzZm9YRnhyb2pOMHd0eTFFMWdzNGtoM2tCb0RQRGNVVzI5dmRrbjNHUlN6Zzc1UEE3Vllvaks1S2o4SjRJWnNHQ0xQQWt0TUxyZ05GS1VXZXdtU2YzTUNTdjBIU212eHJ6NENUMkdWV3E0V3dTelFaOTZJMXBMSS1LWUpNbzJOaFNJMlpQR1lPTWthbkQxVGFWeldlU053?oc=5,"Thu, 13 Mar 2025 07:00:00 GMT","<a href=""https://news.google.com/rss/articles/CBMiygFBVV95cUxQS3FKQ0dKTXNFZDRkX1lENWs1X285MURqOUY0UER4Z1NkdDFONmV6WEhkVXVzZm9YRnhyb2pOMHd0eTFFMWdzNGtoM2tCb0RQRGNVVzI5dmRrbjNHUlN6Zzc1UEE3Vllvaks1S2o4SjRJWnNHQ0xQQWt0TUxyZ05GS1VXZXdtU2YzTUNTdjBIU212eHJ6NENUMkdWV3E0V3dTelFaOTZJMXBMSS1LWUpNbzJOaFNJMlpQR1lPTWthbkQxVGFWeldlU053?oc=5"" target=""_blank"">Video sobre vehículos cruzando una calle llena de baches no es de Bogotá, Colombia</a>&nbsp;&nbsp;<font color=""#6f6f6f"">malaespinacheck.cl</font>","""baches"" Bogotá",Google News RSS,2026-09-21T11:45:28-05:00
news_00127,Fin a muchos años de espera: ponen fecha de inicio a obras de ampliación de la Autonorte en Bogotá y alertan a conductores - redmas.com.co,https://news.google.com/rss/articles/CBMigAJBVV95cUxOX0RORXRQSTVEaVkzUlBFQWpuUlg2Q2pEdFlIdDJQaXdPNDE4VVlUS3cwMjVPYW54dVlRUlZIa1h5bHBheEV6Ym1aS21xUDdOYTNTV1lWak5Fb0Q1emZlUU1NYkRRUFgyal92TmtsRUhNa2I1WlNIMDlnakkxc0JsZktpMXdFYjNWa05vdDhNejFqZWFURTNuay13VzZtWTJuRTZSY3FJMzRIcVhwUnJ1OVBsbHRXdmNiOWtXODJxejNKOGdEMWRFbnpMV1pYSEhTYUFrRXByNmRiQXNGSjkwTE1FQ2NXRjVud3RJTWVsU2RtTG9tUnNuQUYzXzBfRER1?oc=5,"Thu, 20 Aug 2026 07:00:00 GMT","<a href=""https://news.google.com/rss/articles/CBMigAJBVV95cUxOX0RORXRQSTVEaVkzUlBFQWpuUlg2Q2pEdFlIdDJQaXdPNDE4VVlUS3cwMjVPYW54dVlRUlZIa1h5bHBheEV6Ym1aS21xUDdOYTNTV1lWak5Fb0Q1emZlUU1NYkRRUFgyal92TmtsRUhNa2I1WlNIMDlnakkxc0JsZktpMXdFYjNWa05vdDhNejFqZWFURTNuay13VzZtWTJuRTZSY3FJMzRIcVhwUnJ1OVBsbHRXdmNiOWtXODJxejNKOGdEMWRFbnpMV1pYSEhTYUFrRXByNmRiQXNGSjkwTE1FQ2NXRjVud3RJTWVsU2RtTG9tUnNuQUYzXzBfRER1?oc=5"" target=""_blank"">Fin a muchos años de espera: ponen fecha de inicio a obras de ampliación de la Autonorte en Bogotá y alertan a conductores</a>&nbsp;&nbsp;<font color=""#6f6f6f"">redmas.com.co</font>","""baches"" Bogotá",Google News RSS,2026-09-21T11:45:28-05:00
news_00128,LA TROCHA EN QUE SE CONVIRTIÓ LA AUTOPISTA MEDELLÍN-BOGOTÁ ENTRE SANTUARIO Y DORADAL - orienteseperiodismodeopinion.com,https://news.google.com/rss/articles/CBMixAFBVV95cUxPZThCSE8xdldrU2NRMVJyeUxLeW50ZFBHSEtraDR1T0VzeWs1VE93XzdmRU1PRS1yaXc5ZXJuV09ocFR4VlNVRTNTcFNxR1hDN2tjOFZHdmFSeml3WUlCLUdvdmN0RVVLeGwzcTVralV4cThYMWpsLWdqN2FMRUh4cG53MW5ib0NzZXNNRHhoSlNpSjJwVVpOR0VvVTczalhNemVpbE12VnVyQkM3Yk9Fdlc0RWVFdl9GLTgwNXBNTHNxWl9f?oc=5,"Sun, 20 Apr 2025 07:00:00 GMT","<a href=""https://news.google.com/rss/articles/CBMixAFBVV95cUxPZThCSE8xdldrU2NRMVJyeUxLeW50ZFBHSEtraDR1T0VzeWs1VE93XzdmRU1PRS1yaXc5ZXJuV09ocFR4VlNVRTNTcFNxR1hDN2tjOFZHdmFSeml3WUlCLUdvdmN0RVVLeGwzcTVralV4cThYMWpsLWdqN2FMRUh4cG53MW5ib0NzZXNNRHhoSlNpSjJwVVpOR0VvVTczalhNemVpbE12VnVyQkM3Yk9Fdlc0RWVFdl9GLTgwNXBNTHNxWl9f?oc=5"" target=""_blank"">LA TROCHA EN QUE SE CONVIRTIÓ LA AUTOPISTA MEDELLÍN-BOGOTÁ ENTRE SANTUARIO Y DORADAL</a>&nbsp;&nbsp;<font color=""#6f6f6f"">orienteseperiodismodeopinion.com</font>","""baches"" Bogotá",Google News RSS,2026-09-21T11:45:28-05:00
news_00129,"Separadores de la avenida 30 estarían causando siniestros viales, según denuncian habitantes del sector - Infobae",https://news.google.com/rss/articles/CBMi4AFBVV95cUxQRjNwWlIwLWw4b1RWT0JoRmYzeWZfd3o1STMxZWhQQWN4MlROS1NQUjlMdFN2LXI3MHJBcW5MdG1WMk9qNmhJSTkxSldOd1VfZUhjWXBPZVhZLUFUUUNNQW9jOVc0VWNwZVBPVUVHMkR2ZVJxTFJYczZVb05wdnJaOVZfWXBIeThOMHJIdVo5cFJfck1nbWljdzJtcFJQeGdPeXdaRVJQY2RPVVFrSURvZUlzU1VoRnlIX1BGSWtvNS1SQ2NDVVUxbXZTNUU0M2ZOaWdydjlzdTNBOVdUX25LQdIB-wFBVV95cUxPdGdHa1VZeTloc2xHNGN4Qy1hTmwyNTV0aGNKeWc1Q1ZseDk2QjdGNzdGNjFmbEU0TldiUS13bzdwZ3dWUUpJTTV0YkpBVTB0QUxWZHgxVTJURmkxR2owNWFJT2xva1NLQmNUTUxObjRRejRrei05ZFVrUVF0SFJFdlNTVmJiYmx1WU9rdDNsNmtTYW4yZ045RnlxNF82VWNpdmFjUDRXRDhhX0NYeld4Rm44MVE0YnpXQm1TeEZDbGdJM2lSeFhWZ1BjOTFBU3ZmQ0hKUG9waEJKTUFJa1NBV1V0alpvaHhEeEl2M1lQd0ZFdlhydmRZdDFGUQ?oc=5,"Thu, 25 Jan 2024 08:00:00 GMT","<a href=""https://news.google.com/rss/articles/CBMi4AFBVV95cUxQRjNwWlIwLWw4b1RWT0JoRmYzeWZfd3o1STMxZWhQQWN4MlROS1NQUjlMdFN2LXI3MHJBcW5MdG1WMk9qNmhJSTkxSldOd1VfZUhjWXBPZVhZLUFUUUNNQW9jOVc0VWNwZVBPVUVHMkR2ZVJxTFJYczZVb05wdnJaOVZfWXBIeThOMHJIdVo5cFJfck1nbWljdzJtcFJQeGdPeXdaRVJQY2RPVVFrSURvZUlzU1VoRnlIX1BGSWtvNS1SQ2NDVVUxbXZTNUU0M2ZOaWdydjlzdTNBOVdUX25LQdIB-wFBVV95cUxPdGdHa1VZeTloc2xHNGN4Qy1hTmwyNTV0aGNKeWc1Q1ZseDk2QjdGNzdGNjFmbEU0TldiUS13bzdwZ3dWUUpJTTV0YkpBVTB0QUxWZHgxVTJURmkxR2owNWFJT2xva1NLQmNUTUxObjRRejRrei05ZFVrUVF0SFJFdlNTVmJiYmx1WU9rdDNsNmtTYW4yZ045RnlxNF82VWNpdmFjUDRXRDhhX0NYeld4Rm44MVE0YnpXQm1TeEZDbGdJM2lSeFhWZ1BjOTFBU3ZmQ0hKUG9waEJKTUFJa1NBV1V0alpvaHhEeEl2M1lQd0ZFdlhydmRZdDFGUQ?oc=5"" target=""_blank"">Separadores de la avenida 30 estarían causando siniestros viales, según denuncian habitantes del sector</a>&nbsp;&nbsp;<font color=""#6f6f6f"">Infobae</font>","""baches"" Bogotá",Google News RSS,2026-09-21T11:45:28-05:00
news_00130,“El tramo entre Curos y Piedecuesta debería ser en doble calzada”: presidenta de la SSI - Vanguardia,https://news.google.com/rss/articles/CBMi1AFBVV95cUxPZmZTODdvLWFTRHZFb0tVb1JFY3g0Sm5McE9CSUxoT2RzN0F5ZHNsRGtnLVMyU2ZsRzQydk5LTzhEdHNLVW1nQWFscXJwYXplMnd4Slc2OFgzMVNNdGEtYlAwSW5aVEhnOGtDUE9NOVltbUFCMnFjbHhJMFYxUjVfb2NiTndMd1Jkb0lOWWRyZ2x1NDRxYmdITUtMbzlJSWV3ZjF6ajRqb0ZDVnhZcUZKMWd6Z0haV3F0QmRqQy1ZdzRhWno5S1AxMWVMMTVWSElqbUJaRQ?oc=5,"Tue, 10 Jun 2025 07:00:00 GMT","<a href=""https://news.google.com/rss/articles/CBMi1AFBVV95cUxPZmZTODdvLWFTRHZFb0tVb1JFY3g0Sm5McE9CSUxoT2RzN0F5ZHNsRGtnLVMyU2ZsRzQydk5LTzhEdHNLVW1nQWFscXJwYXplMnd4Slc2OFgzMVNNdGEtYlAwSW5aVEhnOGtDUE9NOVltbUFCMnFjbHhJMFYxUjVfb2NiTndMd1Jkb0lOWWRyZ2x1NDRxYmdITUtMbzlJSWV3ZjF6ajRqb0ZDVnhZcUZKMWd6Z0haV3F0QmRqQy1ZdzRhWno5S1AxMWVMMTVWSElqbUJaRQ?oc=5"" target=""_blank"">“El tramo entre Curos y Piedecuesta debería ser en doble calzada”: presidenta de la SSI</a>&nbsp;&nbsp;<font color=""#6f6f6f"">Vanguardia</font>","""baches"" Bogotá",Google News RSS,2026-09-21T11:45:28-05:00
news_00131,"Así impactarán las nuevas obras viales en Armenia: cambios, desvíos y beneficios para la ciudad - Pulzo",https://news.google.com/rss/articles/CBMiygFBVV95cUxQMDZDN05KbTY1X09DTjZRSC1WUk1qTUJlOHp4OS1WZVhFQUNYREl1SENkc0tJUmt4ZGRybzJjZmZOcUkyTUNJWHotajB2a3pseFJkWTZ2T01fSW0teG1WNGVObWhDOHZuOGV5MHJJelpzWEtub0QxNzk5OUwyNXMtRkZGS3U5NTd5SWVWS0t4WUdkNkphSGRMSGZ2aTlfNVZpZXhYQklXOE81RHdfTGpVSkRUdWk5VE53QU1felZGb2hhdHJqNUcxdktB?oc=5,"Fri, 20 Mar 2026 07:00:00 GMT","<a href=""https://news.google.com/rss/articles/CBMiygFBVV95cUxQMDZDN05KbTY1X09DTjZRSC1WUk1qTUJlOHp4OS1WZVhFQUNYREl1SENkc0tJUmt4ZGRybzJjZmZOcUkyTUNJWHotajB2a3pseFJkWTZ2T01fSW0teG1WNGVObWhDOHZuOGV5MHJJelpzWEtub0QxNzk5OUwyNXMtRkZGS3U5NTd5SWVWS0t4WUdkNkphSGRMSGZ2aTlfNVZpZXhYQklXOE81RHdfTGpVSkRUdWk5VE53QU1felZGb2hhdHJqNUcxdktB?oc=5"" target=""_blank"">Así impactarán las nuevas obras viales en Armenia: cambios, desvíos y beneficios para la ciudad</a>&nbsp;&nbsp;<font color=""#6f6f6f"">Pulzo</font>","""baches"" Bogotá",Google News RSS,2026-09-21T11:45:28-05:00
news_00132,Las calles capitalinas con más huecos: un peligro para los motociclistas; tenga precaución - bogota.alerta.com.co,https://news.google.com/rss/articles/CBMivAFBVV95cUxNX1hVTUdiZ2NVMFUxZnV2N3A0M092WlFNQ1ItcHBoYUtsbEJSMk8wTEcxMmFpRzFmUXVzcjRnRmlrWnNHQUtCV1g3N0h5elVTMjMxY1prQnJxVE1uQ3draDRUMGRkTl9sX3QzOTNFRGMxa3FrQ0VfYkdhamNmOERyU09jWE9Pd3RpR3lqSUhpaTRvSHJNenFpNUsyNnpYeTl4UUdPaDBMSzJ2Z2RIaDV2Wk50ek1DczN1ajI3adIBwAFBVV95cUxQeGJnN20yNWJLbS1vaDJiMk1Sa0lYcjZUU3ZYR2UwZFBUREJWeUV1bS1MWWxvc2J0VnJJTG8zM0l0ZmFyOU1mSlJ1QzktTEoxbElKSFA2R3FKUmdJS3BJX29EOTRZb1pGZzJnb0UtQWY4WmJ2VjlpQjhRNy1tbjVTQ2VCRUxqazQxbmszcG04VFBKaGxoNHNYNWQ4YmtaS2ZlLWZoY05OWmwydE5kZmFkcVBKVkI3dmRYVlQ1M2Jtd3U?oc=5,"Tue, 22 Oct 2024 07:00:00 GMT","<a href=""https://news.google.com/rss/articles/CBMivAFBVV95cUxNX1hVTUdiZ2NVMFUxZnV2N3A0M092WlFNQ1ItcHBoYUtsbEJSMk8wTEcxMmFpRzFmUXVzcjRnRmlrWnNHQUtCV1g3N0h5elVTMjMxY1prQnJxVE1uQ3draDRUMGRkTl9sX3QzOTNFRGMxa3FrQ0VfYkdhamNmOERyU09jWE9Pd3RpR3lqSUhpaTRvSHJNenFpNUsyNnpYeTl4UUdPaDBMSzJ2Z2RIaDV2Wk50ek1DczN1ajI3adIBwAFBVV95cUxQeGJnN20yNWJLbS1vaDJiMk1Sa0lYcjZUU3ZYR2UwZFBUREJWeUV1bS1MWWxvc2J0VnJJTG8zM0l0ZmFyOU1mSlJ1QzktTEoxbElKSFA2R3FKUmdJS3BJX29EOTRZb1pGZzJnb0UtQWY4WmJ2VjlpQjhRNy1tbjVTQ2VCRUxqazQxbmszcG04VFBKaGxoNHNYNWQ4YmtaS2ZlLWZoY05OWmwydE5kZmFkcVBKVkI3dmRYVlQ1M2Jtd3U?oc=5"" target=""_blank"">Las calles capitalinas con más huecos: un peligro para los motociclistas; tenga precaución</a>&nbsp;&nbsp;<font color=""#6f6f6f"">bogota.alerta.com.co</font>","""baches"" Bogotá",Google News RSS,2026-09-21T11:45:28-05:00
news_00133,Mi primera vez frente al miedo en Colombia - BBC,https://news.google.com/rss/articles/CBMigAFBVV95cUxPYjdPYVdoLXB3RUFVUGVMNGNLcUJXMmV5QTRXVXJVUnhUVDJFWkJjUHMxcUFmVGgyWWJ5VnV2RnJRN3ZtYmhwV05jQ0c5bDZuODU4bm5hUjAyakFPVDdLMGxtVHB6YUdXTzdBbDFONEp6cmFnRUo5VXJmNjExYnV6eA?oc=5,"Thu, 07 May 2015 07:00:00 GMT","<a href=""https://news.google.com/rss/articles/CBMigAFBVV95cUxPYjdPYVdoLXB3RUFVUGVMNGNLcUJXMmV5QTRXVXJVUnhUVDJFWkJjUHMxcUFmVGgyWWJ5VnV2RnJRN3ZtYmhwV05jQ0c5bDZuODU4bm5hUjAyakFPVDdLMGxtVHB6YUdXTzdBbDFONEp6cmFnRUo5VXJmNjExYnV6eA?oc=5"" target=""_blank"">Mi primera vez frente al miedo en Colombia</a>&nbsp;&nbsp;<font color=""#6f6f6f"">BBC</font>","""baches"" Bogotá",Google News RSS,2026-09-21T11:45:28-05:00
news_00134,Educación con inclusión: El Colegio Buckingham ofrece becas para niños de bajos recursos - Colombia.com,https://news.google.com/rss/articles/CBMioAFBVV95cUxQdTdOSFNCM0FpaFlheGlvR3NTODhpdTlQZGw2R3Y3WFdHd1FQa3pjM3hYaDJjZVVpYmlUSjRkVTYtcmRPa0VZZ2piQWxKTkZxNWduZWFRV3VrMmhqX21jVjJOc2hSZks3cmp6UVJuY2dNazNtOWo5M1FrZzR4bHVDekx2RHVPdDNaV1NnUndKeVFYdEdrd24zNkNTUTJjWUx1?oc=5,"Fri, 28 Mar 2025 07:00:00 GMT","<a href=""https://news.google.com/rss/articles/CBMioAFBVV95cUxQdTdOSFNCM0FpaFlheGlvR3NTODhpdTlQZGw2R3Y3WFdHd1FQa3pjM3hYaDJjZVVpYmlUSjRkVTYtcmRPa0VZZ2piQWxKTkZxNWduZWFRV3VrMmhqX21jVjJOc2hSZks3cmp6UVJuY2dNazNtOWo5M1FrZzR4bHVDekx2RHVPdDNaV1NnUndKeVFYdEdrd24zNkNTUTJjWUx1?oc=5"" target=""_blank"">Educación con inclusión: El Colegio Buckingham ofrece becas para niños de bajos recursos</a>&nbsp;&nbsp;<font color=""#6f6f6f"">Colombia.com</font>","""baches"" Bogotá",Google News RSS,2026-09-21T11:45:28-05:00
news_00135,"El ""PISA"" 2023 de habilidades socioemocionales: ¿cómo están los adolescentes en América Latina? - World Bank Blogs",https://news.google.com/rss/articles/CBMiugFBVV95cUxNZC1KdzBmd2NqY3ZVdnM5Y3VoYzZpc3h1NTlzbTZZaWJnV1IzQ3NETThlTUl3OWxEUnRCMTVvc2tCVkNDbDk3anVacEl6THYyRzlHczZtNndPYU5leG5XZ1dENW11QTgtb1V1MXN4Nm5nWFBCUUhNaWNOMURvMjJnRk5pb2tydGxzNUhmMnVwU09DWUY1Z1BpeVdnYmp1c0ExWXM5Nm1lRXRjTzZNSEpLamttdWU4Yk11dlE?oc=5,"Tue, 19 Nov 2024 08:00:00 GMT","<a href=""https://news.google.com/rss/articles/CBMiugFBVV95cUxNZC1KdzBmd2NqY3ZVdnM5Y3VoYzZpc3h1NTlzbTZZaWJnV1IzQ3NETThlTUl3OWxEUnRCMTVvc2tCVkNDbDk3anVacEl6THYyRzlHczZtNndPYU5leG5XZ1dENW11QTgtb1V1MXN4Nm5nWFBCUUhNaWNOMURvMjJnRk5pb2tydGxzNUhmMnVwU09DWUY1Z1BpeVdnYmp1c0ExWXM5Nm1lRXRjTzZNSEpLamttdWU4Yk11dlE?oc=5"" target=""_blank"">El ""PISA"" 2023 de habilidades socioemocionales: ¿cómo están los adolescentes en América Latina?</a>&nbsp;&nbsp;<font color=""#6f6f6f"">World Bank Blogs</font>","""baches"" Bogotá",Google News RSS,2026-09-21T11:45:28-05:00
news_00136,Accidente en Bogotá: Vehículo se lleva por delante ocho motocicletas - Agencia de Periodismo Investigativo,https://news.google.com/rss/articles/CBMirgFBVV95cUxOdlY4SjJrQUc5VW5iOFBuSVhyVDdDZkxNcHJuOEhFdUxpcERGM3ZBdUlRMVlJZXlCNzlseWMzNThjVWtsY25CT1RyNjZ6SFNPSEpycS11dWRsUXBaV0FROWJVeWc4cFpKVVFrTlJmdThUZVg0bVhya2tBNEpPU1VjSDRFcG9MU2xmRFlQR0dIaFFFcVc0bTJNRUdKenhZNndOOXVRemVsTi1paU5YUWc?oc=5,"Mon, 25 Sep 2023 07:00:00 GMT","<a href=""https://news.google.com/rss/articles/CBMirgFBVV95cUxOdlY4SjJrQUc5VW5iOFBuSVhyVDdDZkxNcHJuOEhFdUxpcERGM3ZBdUlRMVlJZXlCNzlseWMzNThjVWtsY25CT1RyNjZ6SFNPSEpycS11dWRsUXBaV0FROWJVeWc4cFpKVVFrTlJmdThUZVg0bVhya2tBNEpPU1VjSDRFcG9MU2xmRFlQR0dIaFFFcVc0bTJNRUdKenhZNndOOXVRemVsTi1paU5YUWc?oc=5"" target=""_blank"">Accidente en Bogotá: Vehículo se lleva por delante ocho motocicletas</a>&nbsp;&nbsp;<font color=""#6f6f6f"">Agencia de Periodismo Investigativo</font>","""baches"" Bogotá",Google News RSS,2026-09-21T11:45:28-05:00
news_00137,"Expreso Brasilia, una vez más cae en los huecos de muerte en la Ruta del Sol - Publimotos",https://news.google.com/rss/articles/CBMiuwFBVV95cUxOMWpuVUl5T2Q4ellITzJ5WkdlaHhIcHhyWTFJSkF4WC1veWdBZ3pRc2EzTGRObUx6ZWNEaHEtU0hDZTA4RkNGS3B4eDdoU2NjRVlpS051LTR3UVdrWHJadlV1Mm9sSWtHVHhhSHBXMzFLSjdKX3lYNWp0cU04alpXV3NzZXZLblJCa2hKa2JWN3NRQl9JRmRWMFVyNk5kb2hXNl9QMnc0NW1qc3RlVHFGc3RiMy1EdHhwRGdN?oc=5,"Thu, 12 Jan 2023 08:00:00 GMT","<a href=""https://news.google.com/rss/articles/CBMiuwFBVV95cUxOMWpuVUl5T2Q4ellITzJ5WkdlaHhIcHhyWTFJSkF4WC1veWdBZ3pRc2EzTGRObUx6ZWNEaHEtU0hDZTA4RkNGS3B4eDdoU2NjRVlpS051LTR3UVdrWHJadlV1Mm9sSWtHVHhhSHBXMzFLSjdKX3lYNWp0cU04alpXV3NzZXZLblJCa2hKa2JWN3NRQl9JRmRWMFVyNk5kb2hXNl9QMnc0NW1qc3RlVHFGc3RiMy1EdHhwRGdN?oc=5"" target=""_blank"">Expreso Brasilia, una vez más cae en los huecos de muerte en la Ruta del Sol</a>&nbsp;&nbsp;<font color=""#6f6f6f"">Publimotos</font>","""baches"" Bogotá",Google News RSS,2026-09-21T11:45:28-05:00
news_00138,Doble calzada Bogotá-Tunja avanza en un 98.5% - Caracol Radio,https://news.google.com/rss/articles/CBMiekFVX3lxTE04ZmM5VmlObS05S1F2cUtSemdDOXNPS043UGUtRWRqWG94Y0hmaF83SVBYWG1KSVYzWEZTWnR5QkxoS0lFWjg0V252RVFCb0F4N0wwYVNzaXFDbjdQY2x4cjJkLXdtVlNOdEJmTFhTLWFzMFlralFrQTdR0gGOAUFVX3lxTFBXenU1MEJSckFzMk1JWEhoTi1qUGR3OFJ6YkhkQ1dnNU9PeUg1NE9NcmRDNVBCTGJ5TDRKRHAtTWZVbXM3TE1WdVVuSmpISTZhQ09lbGpDOGl4R3lIbkZIcGR3LWk3Qks0YUV1NmFLajVHTkEtNkE3Q1NkbncwdExsbTh6M2FERDBHT1RBU2c?oc=5,"Fri, 14 Oct 2016 07:00:00 GMT","<a href=""https://news.google.com/rss/articles/CBMiekFVX3lxTE04ZmM5VmlObS05S1F2cUtSemdDOXNPS043UGUtRWRqWG94Y0hmaF83SVBYWG1KSVYzWEZTWnR5QkxoS0lFWjg0V252RVFCb0F4N0wwYVNzaXFDbjdQY2x4cjJkLXdtVlNOdEJmTFhTLWFzMFlralFrQTdR0gGOAUFVX3lxTFBXenU1MEJSckFzMk1JWEhoTi1qUGR3OFJ6YkhkQ1dnNU9PeUg1NE9NcmRDNVBCTGJ5TDRKRHAtTWZVbXM3TE1WdVVuSmpISTZhQ09lbGpDOGl4R3lIbkZIcGR3LWk3Qks0YUV1NmFLajVHTkEtNkE3Q1NkbncwdExsbTh6M2FERDBHT1RBU2c?oc=5"" target=""_blank"">Doble calzada Bogotá-Tunja avanza en un 98.5%</a>&nbsp;&nbsp;<font color=""#6f6f6f"">Caracol Radio</font>","""baches"" Bogotá",Google News RSS,2026-09-21T11:45:28-05:00
news_00139,"Basura, baches y caos vehicular ya son normales para vecinos de Molas López - ultimahora.com",https://news.google.com/rss/articles/CBMiowFBVV95cUxPdmhlZkc4R1Y4YmVmamN1ZkRYc0tGZE5FVnN3U0FnbVBkd2ZfdVdwb0ZGVHVyTFNTcWloSWs5VUtJaXV0Q0YzMnloWUlCVFF5b2dJX2FzaWhyNWZSQ3ppZ2cxNE5hR1JYQ0IwRVc5Z0JxZDVFOTVPaUppWHR2WXk3Z3VyQVpfV3IyeHlXR1IwSDg1czBvcFBybGhValUwdWpRRGhz0gGwAUFVX3lxTE9NSTIyNGJvNExvekkySF95dFQxMHkxcTdFNnFiaWI2V1hXbkk2SHh3amxXdXBrR0I2WVVxU1pRVU4tT1ZaSENjdG5WUlRxaHRWUk05a1ROTzVJbDlYNW8telNlOW80cVUtc3hmam1xVnNMcEJ1cDIwMDdJb3VQbjVwcXhwM1dTTnhhdU54bFEyMVl3d3N4a0YyUjlHTkttVWxmM1Fucm1zTjVvX0dGaG5O?oc=5,"Sat, 14 Mar 2026 07:00:00 GMT","<a href=""https://news.google.com/rss/articles/CBMiowFBVV95cUxPdmhlZkc4R1Y4YmVmamN1ZkRYc0tGZE5FVnN3U0FnbVBkd2ZfdVdwb0ZGVHVyTFNTcWloSWs5VUtJaXV0Q0YzMnloWUlCVFF5b2dJX2FzaWhyNWZSQ3ppZ2cxNE5hR1JYQ0IwRVc5Z0JxZDVFOTVPaUppWHR2WXk3Z3VyQVpfV3IyeHlXR1IwSDg1czBvcFBybGhValUwdWpRRGhz0gGwAUFVX3lxTE9NSTIyNGJvNExvekkySF95dFQxMHkxcTdFNnFiaWI2V1hXbkk2SHh3amxXdXBrR0I2WVVxU1pRVU4tT1ZaSENjdG5WUlRxaHRWUk05a1ROTzVJbDlYNW8telNlOW80cVUtc3hmam1xVnNMcEJ1cDIwMDdJb3VQbjVwcXhwM1dTTnhhdU54bFEyMVl3d3N4a0YyUjlHTkttVWxmM1Fucm1zTjVvX0dGaG5O?oc=5"" target=""_blank"">Basura, baches y caos vehicular ya son normales para vecinos de Molas López</a>&nbsp;&nbsp;<font color=""#6f6f6f"">ultimahora.com</font>","""baches"" Bogotá",Google News RSS,2026-09-21T11:45:28-05:00
news_00140,Una pa' la sed: alternativas para ahorrar en la salida del finde - Colombia.com,https://news.google.com/rss/articles/CBMisAFBVV95cUxPTVgtYjBLZnE5UTBzT0I3bEJXdGtKRTRvNmE5N2tyajV4OHUxLThzazVRZVVlMkJqczV2OEpIeVNZZXNVS2FUTjZuMENOX09GT2lWTDNmdXZlYlRlSVlQRG8yQ1pHY0gtTFlKelA5MUZ2b0lvbnR3aGF5ZmNiemtfcEVxUWpsdXA2SnhlRGFaRXFoanV0bDEtZUN4bFFIUWg1bzVtZ3hoSGJoSjNwUGhEVg?oc=5,"Tue, 22 Jul 2025 07:00:00 GMT","<a href=""https://news.google.com/rss/articles/CBMisAFBVV95cUxPTVgtYjBLZnE5UTBzT0I3bEJXdGtKRTRvNmE5N2tyajV4OHUxLThzazVRZVVlMkJqczV2OEpIeVNZZXNVS2FUTjZuMENOX09GT2lWTDNmdXZlYlRlSVlQRG8yQ1pHY0gtTFlKelA5MUZ2b0lvbnR3aGF5ZmNiemtfcEVxUWpsdXA2SnhlRGFaRXFoanV0bDEtZUN4bFFIUWg1bzVtZ3hoSGJoSjNwUGhEVg?oc=5"" target=""_blank"">Una pa' la sed: alternativas para ahorrar en la salida del finde</a>&nbsp;&nbsp;<font color=""#6f6f6f"">Colombia.com</font>","""baches"" Bogotá",Google News RSS,2026-09-21T11:45:28-05:00
news_00141,Contexto | La Bacheología: una nueva filosofía urbana - El Sol de Toluca - El Sol de México,https://news.google.com/rss/articles/CBMiowFBVV95cUxOSEtQdjJKQ1lwZFVCU0Yzay1EOUpxV3Z1anZFdkFXLXFTNW81bkRDXzNrNWg0UUN6SklQR0dkVVh1NVc1WTBYeUZsaU5GRHpZRk4zSk1rbnVQZm1QLTFsbTZjTXpTU0txbGY2cWxObnlBclc4YTN2UWktd0JTU1ZjTERNUk0tb013VHRXcWZIbVp6dVJmV1M2eTVXWk83VS1CNV9v?oc=5,"Mon, 25 Aug 2025 07:00:00 GMT","<a href=""https://news.google.com/rss/articles/CBMiowFBVV95cUxOSEtQdjJKQ1lwZFVCU0Yzay1EOUpxV3Z1anZFdkFXLXFTNW81bkRDXzNrNWg0UUN6SklQR0dkVVh1NVc1WTBYeUZsaU5GRHpZRk4zSk1rbnVQZm1QLTFsbTZjTXpTU0txbGY2cWxObnlBclc4YTN2UWktd0JTU1ZjTERNUk0tb013VHRXcWZIbVp6dVJmV1M2eTVXWk83VS1CNV9v?oc=5"" target=""_blank"">Contexto | La Bacheología: una nueva filosofía urbana - El Sol de Toluca</a>&nbsp;&nbsp;<font color=""#6f6f6f"">El Sol de México</font>","""baches"" Bogotá",Google News RSS,2026-09-21T11:45:28-05:00
news_00142,Avanza el ripiado de las calles Bogotá y Cerqueira en Resistencia - DataChaco,https://news.google.com/rss/articles/CBMinwFBVV95cUxNZDh6dk1OcDd3ZWVlamVQazQzVkNOQlR2NGZyeW9aZ05WWFh0LXhEaktsUXdwcWUzQjlqWTdTbFU2SFNNcDNUUVpEdEFteGZrR3ZubWVoT3BWZ256ZXRzdFZraFN0bG85VzZ6d04zN3RSRlotLWxMLUNpZkE0djg1ekJDS21lRTBfOVhhMlEwcjJuQWR3Q0FTREt4RzVJLW8?oc=5,"Fri, 04 Apr 2025 07:00:00 GMT","<a href=""https://news.google.com/rss/articles/CBMinwFBVV95cUxNZDh6dk1OcDd3ZWVlamVQazQzVkNOQlR2NGZyeW9aZ05WWFh0LXhEaktsUXdwcWUzQjlqWTdTbFU2SFNNcDNUUVpEdEFteGZrR3ZubWVoT3BWZ256ZXRzdFZraFN0bG85VzZ6d04zN3RSRlotLWxMLUNpZkE0djg1ekJDS21lRTBfOVhhMlEwcjJuQWR3Q0FTREt4RzVJLW8?oc=5"" target=""_blank"">Avanza el ripiado de las calles Bogotá y Cerqueira en Resistencia</a>&nbsp;&nbsp;<font color=""#6f6f6f"">DataChaco</font>","""baches"" Bogotá",Google News RSS,2026-09-21T11:45:28-05:00
news_00143,El mensaje que comenzó a mandar Avianca a los pasajeros de un vuelo de Ezeiza - Sir Chandler,https://news.google.com/rss/articles/CBMiuAFBVV95cUxOdklzdkNCajFpMlRxZHpuNDNGclpXTzYzOVY0ZjN5ZWNlUmVtUTh1amtBNmp0eWdxdm1ka0dMVDVNSkFpX1pGTjJ4MDNFRXQ1cF9CTVNOLWxzSVNkN21Nd0dDMlpVQ3RvYlNsNHZSeURISm5WcnluQWxRRTFGUG5kVjJneEVvZXFaMUE2M0J0SFl3YzFjMGN1Z0lXbEMzclFRbmo2aEU4Z0lIRkUwN2p3OGpxTEIxRFh6?oc=5,"Sun, 20 Jul 2025 07:00:00 GMT","<a href=""https://news.google.com/rss/articles/CBMiuAFBVV95cUxOdklzdkNCajFpMlRxZHpuNDNGclpXTzYzOVY0ZjN5ZWNlUmVtUTh1amtBNmp0eWdxdm1ka0dMVDVNSkFpX1pGTjJ4MDNFRXQ1cF9CTVNOLWxzSVNkN21Nd0dDMlpVQ3RvYlNsNHZSeURISm5WcnluQWxRRTFGUG5kVjJneEVvZXFaMUE2M0J0SFl3YzFjMGN1Z0lXbEMzclFRbmo2aEU4Z0lIRkUwN2p3OGpxTEIxRFh6?oc=5"" target=""_blank"">El mensaje que comenzó a mandar Avianca a los pasajeros de un vuelo de Ezeiza</a>&nbsp;&nbsp;<font color=""#6f6f6f"">Sir Chandler</font>","""baches"" Bogotá",Google News RSS,2026-09-21T11:45:28-05:00
news_00144,"CAJEME Y BOGOTÁ, ¿CÓMO SUPERAR LA VIOLENCIA? (PRIMERA PARTE) - Diario del Yaqui",https://news.google.com/rss/articles/CBMingFBVV95cUxNU1BtQXhLZkh0eG55TlpSWXItaGQ3S3d5ZTl6Y0t2eUZlWVdSUXZQS05yYWhjRzVRT2w1aDN0a0NTaTZqY2piNFNLUUFFTnQxMFNrd1dHeTBvd3FRT2pZUDhvSmc2VDVDYmppcm92bW9ZUkdHT3RFbm96X2w0MGdqMzdWZWxwcUg3ckw5OTExeWZLbEg1eUNUbW16UnZYZw?oc=5,"Sun, 10 Oct 2021 07:00:00 GMT","<a href=""https://news.google.com/rss/articles/CBMingFBVV95cUxNU1BtQXhLZkh0eG55TlpSWXItaGQ3S3d5ZTl6Y0t2eUZlWVdSUXZQS05yYWhjRzVRT2w1aDN0a0NTaTZqY2piNFNLUUFFTnQxMFNrd1dHeTBvd3FRT2pZUDhvSmc2VDVDYmppcm92bW9ZUkdHT3RFbm96X2w0MGdqMzdWZWxwcUg3ckw5OTExeWZLbEg1eUNUbW16UnZYZw?oc=5"" target=""_blank"">CAJEME Y BOGOTÁ, ¿CÓMO SUPERAR LA VIOLENCIA? (PRIMERA PARTE)</a>&nbsp;&nbsp;<font color=""#6f6f6f"">Diario del Yaqui</font>","""baches"" Bogotá",Google News RSS,2026-09-21T11:45:28-05:00
news_00145,Bogotá recupera malla vial local: intervenidos 800 m² de segmento vial en barrio en Villa de los Alpes de San Cristóbal - Bogota.gov.co,https://news.google.com/rss/articles/CBMirgFBVV95cUxNZTNVeGd3VnFFRFFiNE1xOTN5UlR3ZzFUSGt6c1dXWE5kZ3RuQzQ4d2NINzZGYk51bWFjbjJCalNydng2RVNXNWQ1RjJNT0pHdk9YV1lpVGRXYmVtVHhoODlxdkREUWJLMUk0em85cEsybktzTUxLMnhiMHo0QkpJYW9nR2hOVmdXZ1YxbVY4TGc3eEdSc0ppNVh5QU16bTBFVU9wY2toNEFkaG5hd2c?oc=5,"Sun, 20 Sep 2026 19:51:00 GMT","<a href=""https://news.google.com/rss/articles/CBMirgFBVV95cUxNZTNVeGd3VnFFRFFiNE1xOTN5UlR3ZzFUSGt6c1dXWE5kZ3RuQzQ4d2NINzZGYk51bWFjbjJCalNydng2RVNXNWQ1RjJNT0pHdk9YV1lpVGRXYmVtVHhoODlxdkREUWJLMUk0em85cEsybktzTUxLMnhiMHo0QkpJYW9nR2hOVmdXZ1YxbVY4TGc3eEdSc0ppNVh5QU16bTBFVU9wY2toNEFkaG5hd2c?oc=5"" target=""_blank"">Bogotá recupera malla vial local: intervenidos 800 m² de segmento vial en barrio en Villa de los Alpes de San Cristóbal</a>&nbsp;&nbsp;<font color=""#6f6f6f"">Bogota.gov.co</font>","""malla vial"" Bogotá",Google News RSS,2026-09-21T11:45:30-05:00
news_00146,"Radiografía de la malla vial en Bogotá: estas son las localidades con las peores y mejores vías, según el IDU - El Tiempo",https://news.google.com/rss/articles/CBMi0wFBVV95cUxObzB3MkFOUEsyc25xNnRiOFlnUm1oMHFHT09pTlptbk11dEIwNTJkUEUzS0JQSVM0UVJQSS1zNEduT2VKUndzbkZMS1drbXVQMUFQS2FOZWx6Y3RGU0RNZkl0RkJiRkMwQ1h3ZXRfMk5pSDdNSDZPVHFIUjhqWGVUZENqdDFLTkNPQUFReXZ3R2NLTEdaeEhWeE1rNVVsVlRhVXl3OGhTSi1jUTVDNWJMZ2h5cW5kaXJmYjZva1JwTkg5cXJuMWpqbE1BQlpwVHhJd1g00gHYAUFVX3lxTE5JZVU1cFRBOHl5azRZY194Z1d5Q243NE00Rjlzd0pxdUFtcDl6aFBKd1JDdDlzLVpfekxoUHAwZHl1dzhDQ0dNc2swblAwSGtBdHYycnpFVGpvTU0xN241MUlVd3pMdF9XMVI1cVk0ZldjVzg1Yk9ueUIwaTZUMlY3QlloVWt2TnpVVl9zODNidmhCUVVkRGQyZ3NQNTVsVW9SUUwzdE1iNExlejh6TlhUX3N2SjV1dUhSa0tscHB2eDJHNXJuQklHa09zdnpTZDJScmtWQ1ltaQ?oc=5,"Tue, 26 May 2026 07:00:00 GMT","<a href=""https://news.google.com/rss/articles/CBMi0wFBVV95cUxObzB3MkFOUEsyc25xNnRiOFlnUm1oMHFHT09pTlptbk11dEIwNTJkUEUzS0JQSVM0UVJQSS1zNEduT2VKUndzbkZMS1drbXVQMUFQS2FOZWx6Y3RGU0RNZkl0RkJiRkMwQ1h3ZXRfMk5pSDdNSDZPVHFIUjhqWGVUZENqdDFLTkNPQUFReXZ3R2NLTEdaeEhWeE1rNVVsVlRhVXl3OGhTSi1jUTVDNWJMZ2h5cW5kaXJmYjZva1JwTkg5cXJuMWpqbE1BQlpwVHhJd1g00gHYAUFVX3lxTE5JZVU1cFRBOHl5azRZY194Z1d5Q243NE00Rjlzd0pxdUFtcDl6aFBKd1JDdDlzLVpfekxoUHAwZHl1dzhDQ0dNc2swblAwSGtBdHYycnpFVGpvTU0xN241MUlVd3pMdF9XMVI1cVk0ZldjVzg1Yk9ueUIwaTZUMlY3QlloVWt2TnpVVl9zODNidmhCUVVkRGQyZ3NQNTVsVW9SUUwzdE1iNExlejh6TlhUX3N2SjV1dUhSa0tscHB2eDJHNXJuQklHa09zdnpTZDJScmtWQ1ltaQ?oc=5"" target=""_blank"">Radiografía de la malla vial en Bogotá: estas son las localidades con las peores y mejores vías, según el IDU</a>&nbsp;&nbsp;<font color=""#6f6f6f"">El Tiempo</font>","""malla vial"" Bogotá",Google News RSS,2026-09-21T11:45:30-05:00
news_00147,El 18 de junio inician obras de rehabilitación vial en 12 tramos de La Candelaria: Centro Histórico de Bogotá - Secretaría Distrital de Gobierno,https://news.google.com/rss/articles/CBMihgFBVV95cUxNeWV1bHJPeFY3RDVjQVgySDRqcUNiYVc0NjRRTW16em9wLTUtbWRvV2dtUUtnMktubGxadXJkMVB6OURmdkdvVHF2VGdyT19DUV9abmc4RXgwVEpNN2RiOGllRV9KVHJaSmtNSWJVelR2dUQ3QWxpakNNY1JDUW5fNjZyWGs0Zw?oc=5,"Thu, 18 Jun 2026 07:00:00 GMT","<a href=""https://news.google.com/rss/articles/CBMihgFBVV95cUxNeWV1bHJPeFY3RDVjQVgySDRqcUNiYVc0NjRRTW16em9wLTUtbWRvV2dtUUtnMktubGxadXJkMVB6OURmdkdvVHF2VGdyT19DUV9abmc4RXgwVEpNN2RiOGllRV9KVHJaSmtNSWJVelR2dUQ3QWxpakNNY1JDUW5fNjZyWGs0Zw?oc=5"" target=""_blank"">El 18 de junio inician obras de rehabilitación vial en 12 tramos de La Candelaria: Centro Histórico de Bogotá</a>&nbsp;&nbsp;<font color=""#6f6f6f"">Secretaría Distrital de Gobierno</font>","""malla vial"" Bogotá",Google News RSS,2026-09-21T11:45:30-05:00
news_00148,Bogotá mejora vías y movilidad en Villa Hermosa en Ciudad Bolívar 2026 - Bogota.gov.co,https://news.google.com/rss/articles/CBMitAFBVV95cUxQZ1Vad1NBbV9xTVNOU0lONHpqUXZWeVg5bXBiMThMd3pldHhraFhyT0JZNjYtUDlxSzkyVk9DNjFxMjFfYTNVaXZ4YWluby1kRmY3SFlEa2Y4bDZ3Z2pLRGtHaGQ4dWRHd25mbDg0SzVQbndraU1IdHhldjlXT2RSRzlGVHFJYXYtNUFZd3JBWTE3TEFPNHZGYWhxd3FGNTBtZVhMOVF3QUlkOF9UMFR2aGFsQlg?oc=5,"Wed, 02 Sep 2026 20:45:17 GMT","<a href=""https://news.google.com/rss/articles/CBMitAFBVV95cUxQZ1Vad1NBbV9xTVNOU0lONHpqUXZWeVg5bXBiMThMd3pldHhraFhyT0JZNjYtUDlxSzkyVk9DNjFxMjFfYTNVaXZ4YWluby1kRmY3SFlEa2Y4bDZ3Z2pLRGtHaGQ4dWRHd25mbDg0SzVQbndraU1IdHhldjlXT2RSRzlGVHFJYXYtNUFZd3JBWTE3TEFPNHZGYWhxd3FGNTBtZVhMOVF3QUlkOF9UMFR2aGFsQlg?oc=5"" target=""_blank"">Bogotá mejora vías y movilidad en Villa Hermosa en Ciudad Bolívar 2026</a>&nbsp;&nbsp;<font color=""#6f6f6f"">Bogota.gov.co</font>","""malla vial"" Bogotá",Google News RSS,2026-09-21T11:45:30-05:00
news_00149,Localidades con peor malla vial de Bogotá: en la ciudad más del 20% está en mal estado - Noticias RCN,https://news.google.com/rss/articles/CBMiyAFBVV95cUxQVHp6SFBMZzkxYWdIVXZ1OVVjRFYyQUl3V1c0MTBOQ2k1Y0stMEFrN3JPTTNzS1ViSTlVWTlGeDRWWUljTjFWWWIwYmotQ3MxNm9RVnlGd0tIOHVpZW9fb2MxM3pNVENvWVp2dFhJZXBwTFJ1MWMxdy1fcmxHWDdNb0lINHVpeXFXN1RYRHNzcXdoRmFxcm1QanhRNDM2dTh5d19zYWRDYWx6WWNBVElYaWJQZkxXX0dMT0w4MzlrOE1qX3U2a19OTNIByAFBVV95cUxOaTJVaUVNandrbEIzTnZKYy1iRlJ4Z05XMFVKRFBnUG01cUphLVJYRjlqMmN4ZUZtZG5sbWt5T09VRFluYUFzb1hfeUdKb2MzZk9kQjNRNDJpb09SVF83RzhRc0RjU0ZTNjVJR29DX3puRU9KSjVDZUlmV0UzNHlFRGh0c29USUk3UzBqYTRVdmJ5dzRIakdxTDJFcUVaMDdMc0c1TEo2bmVuU0ZsRWJuanp0RGd5YXdDT0QxRnp5WnRHX1FvdXhoeg?oc=5,"Fri, 21 Aug 2026 07:00:00 GMT","<a href=""https://news.google.com/rss/articles/CBMiyAFBVV95cUxQVHp6SFBMZzkxYWdIVXZ1OVVjRFYyQUl3V1c0MTBOQ2k1Y0stMEFrN3JPTTNzS1ViSTlVWTlGeDRWWUljTjFWWWIwYmotQ3MxNm9RVnlGd0tIOHVpZW9fb2MxM3pNVENvWVp2dFhJZXBwTFJ1MWMxdy1fcmxHWDdNb0lINHVpeXFXN1RYRHNzcXdoRmFxcm1QanhRNDM2dTh5d19zYWRDYWx6WWNBVElYaWJQZkxXX0dMT0w4MzlrOE1qX3U2a19OTNIByAFBVV95cUxOaTJVaUVNandrbEIzTnZKYy1iRlJ4Z05XMFVKRFBnUG01cUphLVJYRjlqMmN4ZUZtZG5sbWt5T09VRFluYUFzb1hfeUdKb2MzZk9kQjNRNDJpb09SVF83RzhRc0RjU0ZTNjVJR29DX3puRU9KSjVDZUlmV0UzNHlFRGh0c29USUk3UzBqYTRVdmJ5dzRIakdxTDJFcUVaMDdMc0c1TEo2bmVuU0ZsRWJuanp0RGd5YXdDT0QxRnp5WnRHX1FvdXhoeg?oc=5"" target=""_blank"">Localidades con peor malla vial de Bogotá: en la ciudad más del 20% está en mal estado</a>&nbsp;&nbsp;<font color=""#6f6f6f"">Noticias RCN</font>","""malla vial"" Bogotá",Google News RSS,2026-09-21T11:45:30-05:00
news_00150,"Bogotá invertirá $4,1 billones hasta el 2027 para conservar 10 millones de m2 de malla vial en la ciudad - Portafolio.co",https://news.google.com/rss/articles/CBMi8wFBVV95cUxOWVlXMzdmdWtGeUYybTNhYTZZZUVyZnZoZ21hU3drTm5QTWNMMnl4c2ctcXRJRHhNQWk4d2VTQTRVdEVlYS0teFRNcnptN21fNUdiV0FQeUFrZ3pLdWhDc1F5ZDhTTUdXYVJfMDVlRjNMNEdxUnplSWhPQVBFN2ZxTjdrOHdaV0k3OFZOTWR3QUc5b2YtVnRDenE2bmVDMGFRcG9PTlRHNzlSZHVWbU1nSXJPYnhnU051UjdoUHJtV0lIUUI2MllRX2xGOWhxVFplMW44X0RPTC1EUkJXYi1UOWZhdFpjQ1VlT2xZVzRqa0RWbnfSAfgBQVVfeXFMTnpfT0FycTBwRkVkM194YlVLa1pGa3JlRUdFYWNLUWdDaE11ZUFHZ29saEdHdnp4MVdvOERMTmQ1Z29hZzBFR0VrWF94V05ReHpBQlJFbGdoNVpIcW5lRlZaY2p0MThWY2xCdHl0WkJ3WFg0aHIyNTN3RWx3SDdEUHA5MHl0cU9fVGlVVW9zay1SZ0FrUS1EOW92ZjVZQ3JFdFFoRGJndkFSUllnZWRyeTRiWWgwLU44bUJnaElvU2NkcmJ1QUZueWRvM1ROclNfOFBxY21wTzROVjd2MldhM2xVQnd4ejYyUXZndTExVXpUcVFHRjBiTVY?oc=5,"Wed, 29 Jul 2026 07:00:00 GMT","<a href=""https://news.google.com/rss/articles/CBMi8wFBVV95cUxOWVlXMzdmdWtGeUYybTNhYTZZZUVyZnZoZ21hU3drTm5QTWNMMnl4c2ctcXRJRHhNQWk4d2VTQTRVdEVlYS0teFRNcnptN21fNUdiV0FQeUFrZ3pLdWhDc1F5ZDhTTUdXYVJfMDVlRjNMNEdxUnplSWhPQVBFN2ZxTjdrOHdaV0k3OFZOTWR3QUc5b2YtVnRDenE2bmVDMGFRcG9PTlRHNzlSZHVWbU1nSXJPYnhnU051UjdoUHJtV0lIUUI2MllRX2xGOWhxVFplMW44X0RPTC1EUkJXYi1UOWZhdFpjQ1VlT2xZVzRqa0RWbnfSAfgBQVVfeXFMTnpfT0FycTBwRkVkM194YlVLa1pGa3JlRUdFYWNLUWdDaE11ZUFHZ29saEdHdnp4MVdvOERMTmQ1Z29hZzBFR0VrWF94V05ReHpBQlJFbGdoNVpIcW5lRlZaY2p0MThWY2xCdHl0WkJ3WFg0aHIyNTN3RWx3SDdEUHA5MHl0cU9fVGlVVW9zay1SZ0FrUS1EOW92ZjVZQ3JFdFFoRGJndkFSUllnZWRyeTRiWWgwLU44bUJnaElvU2NkcmJ1QUZueWRvM1ROclNfOFBxY21wTzROVjd2MldhM2xVQnd4ejYyUXZndTExVXpUcVFHRjBiTVY?oc=5"" target=""_blank"">Bogotá invertirá $4,1 billones hasta el 2027 para conservar 10 millones de m2 de malla vial en la ciudad</a>&nbsp;&nbsp;<font color=""#6f6f6f"">Portafolio.co</font>","""malla vial"" Bogotá",Google News RSS,2026-09-21T11:45:30-05:00
news_00151,Las tres localidades de Bogotá con la malla vial más deteriorada - Las2orillas,https://news.google.com/rss/articles/CBMilwFBVV95cUxNMzZRVVM5aWFNU2diNVg3VFFkVkpCQ0lsc1pGand6OWRiYTVCc1ZNNjhHX0xWbmxLcldCNXNEaEFZYi1oQktwOGdiOHhjczcwZE9rT2lOdVdEX0hMTl9aYjl5Vm9kRjFfdTRnX01JYnNabkJRc1ZCNVZRclotSDNrS3YwOUo3cGtpdHp0ZzB0dGgxUDQ5aS0w?oc=5,"Thu, 28 May 2026 07:00:00 GMT","<a href=""https://news.google.com/rss/articles/CBMilwFBVV95cUxNMzZRVVM5aWFNU2diNVg3VFFkVkpCQ0lsc1pGand6OWRiYTVCc1ZNNjhHX0xWbmxLcldCNXNEaEFZYi1oQktwOGdiOHhjczcwZE9rT2lOdVdEX0hMTl9aYjl5Vm9kRjFfdTRnX01JYnNabkJRc1ZCNVZRclotSDNrS3YwOUo3cGtpdHp0ZzB0dGgxUDQ5aS0w?oc=5"" target=""_blank"">Las tres localidades de Bogotá con la malla vial más deteriorada</a>&nbsp;&nbsp;<font color=""#6f6f6f"">Las2orillas</font>","""malla vial"" Bogotá",Google News RSS,2026-09-21T11:45:30-05:00
news_00152,Recuperación de la malla vial en Bogotá: avances en vías principales y persistencia de brechas entre localidades - Pulzo,https://news.google.com/rss/articles/CBMiywFBVV95cUxPWExMbXo1b2NiU3d0WmFyYnBFanF6aV9URjVFSGRpZkRvRVdub09nWEd4MURFbWMydnFHakFCVHRWZnhqaG5IaEdoY25jRTlCUGc0eFNpVWR5UzVLUkZ0YlcyczVsTk5xanJYRGlad3RiNnFpYmFZMWFFWV94OFY4ZmplWnEzMmVVR3J1d3Fqdnh5MG9RbEJjaUlBRnlhRmxoY0VjRm41N1NsNHJUdkhRd24tWjVNVjFVQlBFcElfTXgtSFhIeFNFYU85aw?oc=5,"Sat, 27 Jun 2026 07:00:00 GMT","<a href=""https://news.google.com/rss/articles/CBMiywFBVV95cUxPWExMbXo1b2NiU3d0WmFyYnBFanF6aV9URjVFSGRpZkRvRVdub09nWEd4MURFbWMydnFHakFCVHRWZnhqaG5IaEdoY25jRTlCUGc0eFNpVWR5UzVLUkZ0YlcyczVsTk5xanJYRGlad3RiNnFpYmFZMWFFWV94OFY4ZmplWnEzMmVVR3J1d3Fqdnh5MG9RbEJjaUlBRnlhRmxoY0VjRm41N1NsNHJUdkhRd24tWjVNVjFVQlBFcElfTXgtSFhIeFNFYU85aw?oc=5"" target=""_blank"">Recuperación de la malla vial en Bogotá: avances en vías principales y persistencia de brechas entre localidades</a>&nbsp;&nbsp;<font color=""#6f6f6f"">Pulzo</font>","""malla vial"" Bogotá",Google News RSS,2026-09-21T11:45:30-05:00
news_00153,Bogotá supera los 5 millones de metros cuadrados de malla vial y espacio público recuperados: 'Ya cumplimos esta meta' - El Tiempo,https://news.google.com/rss/articles/CBMi6wFBVV95cUxOSFU3VEVrd3dfZElkaS1VdWpQT2pJVDRsSm9ma1pRMVUwTTZ5V3FnWWcwREgwNWJoanFsbk5rdnVIWnlfdVNxQ0ZvYnZfWmJDbWJhTjFveFA3YjVxY0hFcmxlWTNLbGhadWtTcTRKMWhfaUpDanlzUEFBU25WWkxoMFczOUdZa1hEa09kZkpaLTFZYWpBTjBvS1NWZVo2a0hwSmZCZEswVGxQTU1RTWZ0cDZaTDhTdFBQQ01EZkdheVBhMGcyWnZYM2YtWThEbHJmYkJXbllYVlVFeUdObnQzV1YyM0h5WGpNelFF0gHwAUFVX3lxTE1NY21NbWdYMjZ3dUZDX00tcUgxblNfVzlnbjJCSDlteVhEMmxwQU1lb3F2WHYwMWcyRDZwZ054RE5KTnVSTFh5RnBYampnSU1jMmxMUTFIVFFqSk9WcG54OHYwSFI3eFRFV1Jwc0ViY1JKT0ZsTDJRaDVWeXFsbER2c29vTFlUY1JnU2pZd2o0bWh3dWlRUjhxRE9tNU9jZlR3MlJTOXdNVFJpaVFTcTJVZDdUbnVkYXNoeUVTNDZKd1J5a2FHUzBfM1E3UWJDZTJpYnhGcG1EMTNIZE5UZFdLakxISWc1ejRScmh3SUx6UQ?oc=5,"Fri, 15 May 2026 07:00:00 GMT","<a href=""https://news.google.com/rss/articles/CBMi6wFBVV95cUxOSFU3VEVrd3dfZElkaS1VdWpQT2pJVDRsSm9ma1pRMVUwTTZ5V3FnWWcwREgwNWJoanFsbk5rdnVIWnlfdVNxQ0ZvYnZfWmJDbWJhTjFveFA3YjVxY0hFcmxlWTNLbGhadWtTcTRKMWhfaUpDanlzUEFBU25WWkxoMFczOUdZa1hEa09kZkpaLTFZYWpBTjBvS1NWZVo2a0hwSmZCZEswVGxQTU1RTWZ0cDZaTDhTdFBQQ01EZkdheVBhMGcyWnZYM2YtWThEbHJmYkJXbllYVlVFeUdObnQzV1YyM0h5WGpNelFF0gHwAUFVX3lxTE1NY21NbWdYMjZ3dUZDX00tcUgxblNfVzlnbjJCSDlteVhEMmxwQU1lb3F2WHYwMWcyRDZwZ054RE5KTnVSTFh5RnBYampnSU1jMmxMUTFIVFFqSk9WcG54OHYwSFI3eFRFV1Jwc0ViY1JKT0ZsTDJRaDVWeXFsbER2c29vTFlUY1JnU2pZd2o0bWh3dWlRUjhxRE9tNU9jZlR3MlJTOXdNVFJpaVFTcTJVZDdUbnVkYXNoeUVTNDZKd1J5a2FHUzBfM1E3UWJDZTJpYnhGcG1EMTNIZE5UZFdLakxISWc1ejRScmh3SUx6UQ?oc=5"" target=""_blank"">Bogotá supera los 5 millones de metros cuadrados de malla vial y espacio público recuperados: 'Ya cumplimos esta meta'</a>&nbsp;&nbsp;<font color=""#6f6f6f"">El Tiempo</font>","""malla vial"" Bogotá",Google News RSS,2026-09-21T11:45:30-05:00
news_00154,"En el barrio La Gaitana de Suba, la UMV renovará la malla vial de más de 10 cuadras - Bogota.gov.co",https://news.google.com/rss/articles/CBMirgFBVV95cUxQYVNlakpScHpuQ1lsSE1ZUHl1V3JiQ0pZYTJzcVJzd1R2dmtjVGc0bmQ4cTRfdGJ1eGcwRVJnSmpmcDlrR0Mtem9PZ2FuRUVCbnFwS2JKeGRHc3pIWHFMSlM3NEZwc2p6dllMaXBCdUpKQXZJNjQ0aGpLUDVHY1FoSF9IaDltN1ItdVhSSHpzcGJxV2NyVTRZWmd5RHowOGZuYkVNUXRRX005WUc5MGc?oc=5,"Wed, 10 Jun 2026 01:00:58 GMT","<a href=""https://news.google.com/rss/articles/CBMirgFBVV95cUxQYVNlakpScHpuQ1lsSE1ZUHl1V3JiQ0pZYTJzcVJzd1R2dmtjVGc0bmQ4cTRfdGJ1eGcwRVJnSmpmcDlrR0Mtem9PZ2FuRUVCbnFwS2JKeGRHc3pIWHFMSlM3NEZwc2p6dllMaXBCdUpKQXZJNjQ0aGpLUDVHY1FoSF9IaDltN1ItdVhSSHpzcGJxV2NyVTRZWmd5RHowOGZuYkVNUXRRX005WUc5MGc?oc=5"" target=""_blank"">En el barrio La Gaitana de Suba, la UMV renovará la malla vial de más de 10 cuadras</a>&nbsp;&nbsp;<font color=""#6f6f6f"">Bogota.gov.co</font>","""malla vial"" Bogotá",Google News RSS,2026-09-21T11:45:30-05:00
news_00155,"En Bogotá se ha conservado y reparado más de 5 millones de m² de vías, espacio público y ciclorrutas desde 2024 - Bogota.gov.co",https://news.google.com/rss/articles/CBMisAFBVV95cUxNcnFYRGxDMWxBQUQtQUYzUkJ2ZjJmNzlxVXRBLThndkZiR2FRQUQwOUp3TWtXNEI1Wkx1YjNQM1NxWV9RMXlWSVMtcWdnTzdQZy1IVUszSENhZWlYemFlcXd1LWllLUJlck4zUEZxSURqblRzM25fVU1SMEd3MHY3MG9Cc3hTU3ZSNGtjZURoMzVTRUhqSjlpZWVXSGFYZ0hxV1ZlVngtb08wRDhfejFKNg?oc=5,"Fri, 15 May 2026 11:52:29 GMT","<a href=""https://news.google.com/rss/articles/CBMisAFBVV95cUxNcnFYRGxDMWxBQUQtQUYzUkJ2ZjJmNzlxVXRBLThndkZiR2FRQUQwOUp3TWtXNEI1Wkx1YjNQM1NxWV9RMXlWSVMtcWdnTzdQZy1IVUszSENhZWlYemFlcXd1LWllLUJlck4zUEZxSURqblRzM25fVU1SMEd3MHY3MG9Cc3hTU3ZSNGtjZURoMzVTRUhqSjlpZWVXSGFYZ0hxV1ZlVngtb08wRDhfejFKNg?oc=5"" target=""_blank"">En Bogotá se ha conservado y reparado más de 5 millones de m² de vías, espacio público y ciclorrutas desde 2024</a>&nbsp;&nbsp;<font color=""#6f6f6f"">Bogota.gov.co</font>","""malla vial"" Bogotá",Google News RSS,2026-09-21T11:45:30-05:00
news_00156,"Bogotá supera los 6 millones de m² conservados de vías, espacio público y andenes desde enero de 2024 - Bogota.gov.co",https://news.google.com/rss/articles/CBMirwFBVV95cUxQNnpYclpwdGZiNTFxbVNRbE9oUFRmZFpndnNmTWY1aHZzS3hGbHBzNTI0SFNpZ0xTR0hPaTNqRmcwU3VHX3FWZzJua0xBLVZmTndCMHI1ZDFoMU9aT3czYVN2MG1HaUJLSGVYQVpkOHdnbUFNNjIzREQ0YUp1THVpRVc2cjlIQ1g5SlR5X3dxdGFCVHBLOGM1YzBPaTdRay0xWFhrX04wWF9hbDRnMl84?oc=5,"Wed, 29 Jul 2026 07:00:00 GMT","<a href=""https://news.google.com/rss/articles/CBMirwFBVV95cUxQNnpYclpwdGZiNTFxbVNRbE9oUFRmZFpndnNmTWY1aHZzS3hGbHBzNTI0SFNpZ0xTR0hPaTNqRmcwU3VHX3FWZzJua0xBLVZmTndCMHI1ZDFoMU9aT3czYVN2MG1HaUJLSGVYQVpkOHdnbUFNNjIzREQ0YUp1THVpRVc2cjlIQ1g5SlR5X3dxdGFCVHBLOGM1YzBPaTdRay0xWFhrX04wWF9hbDRnMl84?oc=5"" target=""_blank"">Bogotá supera los 6 millones de m² conservados de vías, espacio público y andenes desde enero de 2024</a>&nbsp;&nbsp;<font color=""#6f6f6f"">Bogota.gov.co</font>","""malla vial"" Bogotá",Google News RSS,2026-09-21T11:45:30-05:00
news_00157,Por obras de conservación de malla vial hay cierre de un carril en la avenida calle 26 entre carreras 34A y 36 - Bogota.gov.co,https://news.google.com/rss/articles/CBMisgFBVV95cUxOMEhLNW5vSXRzZVJuNEY0TUVtcDljR1NrWEcwd3lhenFJdmNNNDNSRnBHRVY2djl4M2lYQWU3UFZreGVaWnZScjAyeDlOaGpBNFRtZzJrdVdjMmxob3ZBb0lNWG5LNXM2X2pESnlETTA5NlU5ZnZIckFIeXZ2YWR4R1RZSC1IbHQydU5Ma0hRUElnVjFRWVhZakZGdEN0a2ZOdGtZc3dMbHduZEZ6R1RGbkxR?oc=5,"Thu, 04 Jun 2026 16:29:04 GMT","<a href=""https://news.google.com/rss/articles/CBMisgFBVV95cUxOMEhLNW5vSXRzZVJuNEY0TUVtcDljR1NrWEcwd3lhenFJdmNNNDNSRnBHRVY2djl4M2lYQWU3UFZreGVaWnZScjAyeDlOaGpBNFRtZzJrdVdjMmxob3ZBb0lNWG5LNXM2X2pESnlETTA5NlU5ZnZIckFIeXZ2YWR4R1RZSC1IbHQydU5Ma0hRUElnVjFRWVhZakZGdEN0a2ZOdGtZc3dMbHduZEZ6R1RGbkxR?oc=5"" target=""_blank"">Por obras de conservación de malla vial hay cierre de un carril en la avenida calle 26 entre carreras 34A y 36</a>&nbsp;&nbsp;<font color=""#6f6f6f"">Bogota.gov.co</font>","""malla vial"" Bogotá",Google News RSS,2026-09-21T11:45:30-05:00
news_00158,Se renueva la malla vial local de Bogotá: obras que mejoran sus vías y espacios en el barrio Fátima - Bogota.gov.co,https://news.google.com/rss/articles/CBMirwFBVV95cUxPZlJuUDgxdFAyWkcydHR3TUo1WmJNYWVVOEFqMEFEZEtyMnJILXN3a3oxeHFuZ0dnV29vQmhMMzRmOWwyd3V0UXRxcnFocFliaHcwU00tVEMzbGhoOUdpLXFzQVg5X0o2Qnl5RExZOG1DWUNKS1N3WndObnlkcXJxOFBYNVRRSEg0SEpsRkdEQ0hhVXU5UEpyRkpIX3BGal96WlVEc0k4X0p2WmQ5VjhJ?oc=5,"Thu, 20 Aug 2026 21:40:48 GMT","<a href=""https://news.google.com/rss/articles/CBMirwFBVV95cUxPZlJuUDgxdFAyWkcydHR3TUo1WmJNYWVVOEFqMEFEZEtyMnJILXN3a3oxeHFuZ0dnV29vQmhMMzRmOWwyd3V0UXRxcnFocFliaHcwU00tVEMzbGhoOUdpLXFzQVg5X0o2Qnl5RExZOG1DWUNKS1N3WndObnlkcXJxOFBYNVRRSEg0SEpsRkdEQ0hhVXU5UEpyRkpIX3BGal96WlVEc0k4X0p2WmQ5VjhJ?oc=5"" target=""_blank"">Se renueva la malla vial local de Bogotá: obras que mejoran sus vías y espacios en el barrio Fátima</a>&nbsp;&nbsp;<font color=""#6f6f6f"">Bogota.gov.co</font>","""malla vial"" Bogotá",Google News RSS,2026-09-21T11:45:30-05:00
news_00159,Bogotá renueva su malla vial local: intervenida vía en La Grovana de San Cristóbal - Bogota.gov.co,https://news.google.com/rss/articles/CBMisAFBVV95cUxQMmkzQ3BmWXpJUmlrbElMdHptU1JRY3JCZXh5aEVHRjdzekdGTXRMWWFRTlhHLV9uUF8tNXdqeFN0V2pwQjA5QW9tazRFUHlrWHJwLWc1T3dSMG00V2VRbGZYcW1aZ001ZTJybGNVWGZ1TzlTMHFjMDI0WjF4cERBbkpiZ2RQRWppWG90elNLZHgxQjF0aTZsS1VibnhzN2swRGZEeVlINVVrVkNaSk9oTw?oc=5,"Thu, 11 Jun 2026 09:00:37 GMT","<a href=""https://news.google.com/rss/articles/CBMisAFBVV95cUxQMmkzQ3BmWXpJUmlrbElMdHptU1JRY3JCZXh5aEVHRjdzekdGTXRMWWFRTlhHLV9uUF8tNXdqeFN0V2pwQjA5QW9tazRFUHlrWHJwLWc1T3dSMG00V2VRbGZYcW1aZ001ZTJybGNVWGZ1TzlTMHFjMDI0WjF4cERBbkpiZ2RQRWppWG90elNLZHgxQjF0aTZsS1VibnhzN2swRGZEeVlINVVrVkNaSk9oTw?oc=5"" target=""_blank"">Bogotá renueva su malla vial local: intervenida vía en La Grovana de San Cristóbal</a>&nbsp;&nbsp;<font color=""#6f6f6f"">Bogota.gov.co</font>","""malla vial"" Bogotá",Google News RSS,2026-09-21T11:45:30-05:00
news_00160,San Cristóbal avanza en la recuperación de su malla vial y fortalece la seguridad vial - Bogota.gov.co,https://news.google.com/rss/articles/CBMingFBVV95cUxNdExIMTVwLVM5Tlpra2p5cFQza3pKX3dxbmhqSkJCWGh3Vk5CdFpDczFOMmV1QWhTbUc4b0dJNWdwdk1qLXd6M3AxemNyeVZsOF8wT0ZnOFRJc0VocGZ3WjNuR0tLNDZ3YVA0VEYwNWxhUjZoS3NSSWpSSUc5VGlIQXJaOXNnM3lSX0x4d0tmcmlGWHRJOU1vV1R6YWUzdw?oc=5,"Fri, 22 May 2026 21:32:35 GMT","<a href=""https://news.google.com/rss/articles/CBMingFBVV95cUxNdExIMTVwLVM5Tlpra2p5cFQza3pKX3dxbmhqSkJCWGh3Vk5CdFpDczFOMmV1QWhTbUc4b0dJNWdwdk1qLXd6M3AxemNyeVZsOF8wT0ZnOFRJc0VocGZ3WjNuR0tLNDZ3YVA0VEYwNWxhUjZoS3NSSWpSSUc5VGlIQXJaOXNnM3lSX0x4d0tmcmlGWHRJOU1vV1R6YWUzdw?oc=5"" target=""_blank"">San Cristóbal avanza en la recuperación de su malla vial y fortalece la seguridad vial</a>&nbsp;&nbsp;<font color=""#6f6f6f"">Bogota.gov.co</font>","""malla vial"" Bogotá",Google News RSS,2026-09-21T11:45:30-05:00
news_00161,Bogotá interviene su malla vial local: rehabilitadas vías en El Refugio y Versalles en Fontibón - Bogota.gov.co,https://news.google.com/rss/articles/CBMirgFBVV95cUxOdjMyMWVGeTVlbXBidFJndDZ4T1VLZXRQZ2t6dXJob0VNdUViWEJ6MzFEaVh5SURHaEVhYzVrT243RVZadUhfeHdfd3h5UVdkbXVaaTVNck5TM2hEV085cUxSVE9NNDA1WEV0d1Z4NGFOZUtnSm9qcWlRZTUzZzdMVlFQZkVnZW9yRU9XR1g1QlJDaFk1V2ZsUVc0LVlFa2dEZ0x0Ym1jODRzM3lKVWc?oc=5,"Tue, 30 Jun 2026 07:00:00 GMT","<a href=""https://news.google.com/rss/articles/CBMirgFBVV95cUxOdjMyMWVGeTVlbXBidFJndDZ4T1VLZXRQZ2t6dXJob0VNdUViWEJ6MzFEaVh5SURHaEVhYzVrT243RVZadUhfeHdfd3h5UVdkbXVaaTVNck5TM2hEV085cUxSVE9NNDA1WEV0d1Z4NGFOZUtnSm9qcWlRZTUzZzdMVlFQZkVnZW9yRU9XR1g1QlJDaFk1V2ZsUVc0LVlFa2dEZ0x0Ym1jODRzM3lKVWc?oc=5"" target=""_blank"">Bogotá interviene su malla vial local: rehabilitadas vías en El Refugio y Versalles en Fontibón</a>&nbsp;&nbsp;<font color=""#6f6f6f"">Bogota.gov.co</font>","""malla vial"" Bogotá",Google News RSS,2026-09-21T11:45:30-05:00
news_00162,"Se renueva malla vial rural de Bogotá: en vereda La Unión, en Usme, se fortalece la conectividad con bioingeniería - Bogota.gov.co",https://news.google.com/rss/articles/CBMisAFBVV95cUxPNW9EaU96UGV2Tm5YOWlPWDNEVVdyOWhHZzBYRWpGUFBkQkJrVE5TSG42VHV4T2QyeDhZYWRISlNFekFyU2FXcHhUWGF2WGEzY25QWTBUZllFTFk1VmpMMXJUdDRXZTN4SWlXQU01RUJ1SzR5NlNUNjY2TGZQUEViQWotT1hpSlI2Z0FEaWVwd0FtcTdWem1mZ1l6YTRoSTlnMko4YUxFZ2pLeDZHdlhSdA?oc=5,"Mon, 20 Apr 2026 15:52:10 GMT","<a href=""https://news.google.com/rss/articles/CBMisAFBVV95cUxPNW9EaU96UGV2Tm5YOWlPWDNEVVdyOWhHZzBYRWpGUFBkQkJrVE5TSG42VHV4T2QyeDhZYWRISlNFekFyU2FXcHhUWGF2WGEzY25QWTBUZllFTFk1VmpMMXJUdDRXZTN4SWlXQU01RUJ1SzR5NlNUNjY2TGZQUEViQWotT1hpSlI2Z0FEaWVwd0FtcTdWem1mZ1l6YTRoSTlnMko4YUxFZ2pLeDZHdlhSdA?oc=5"" target=""_blank"">Se renueva malla vial rural de Bogotá: en vereda La Unión, en Usme, se fortalece la conectividad con bioingeniería</a>&nbsp;&nbsp;<font color=""#6f6f6f"">Bogota.gov.co</font>","""malla vial"" Bogotá",Google News RSS,2026-09-21T11:45:30-05:00
news_00163,Bogotá supera los seis millones de m² de malla vial y espacio público conservados - El Nuevo Siglo,https://news.google.com/rss/articles/CBMivAFBVV95cUxNSzQycURJU3ZhWGIwWC1ncXhFM21lVExXNWRUZHhPbTFfNm8wWGg1dl9YRkZ6RWRVWWphSThSUmhRM2NkUmZGQ3hZckE5MVRQYW55T1EwaEpWZ01fMWNROTRVTW1CSC0zVHZzazBEVnViVzJmNks2aVdvbnFlMTN5N1NIbEhxZUc2dUdrNG1fbk1lVW5rVVlGX3ZJdENaUnlQQnFJZk13bUQ5d1B1Q3ByV2N3bGlWVjFnRFlTXw?oc=5,"Wed, 29 Jul 2026 07:00:00 GMT","<a href=""https://news.google.com/rss/articles/CBMivAFBVV95cUxNSzQycURJU3ZhWGIwWC1ncXhFM21lVExXNWRUZHhPbTFfNm8wWGg1dl9YRkZ6RWRVWWphSThSUmhRM2NkUmZGQ3hZckE5MVRQYW55T1EwaEpWZ01fMWNROTRVTW1CSC0zVHZzazBEVnViVzJmNks2aVdvbnFlMTN5N1NIbEhxZUc2dUdrNG1fbk1lVW5rVVlGX3ZJdENaUnlQQnFJZk13bUQ5d1B1Q3ByV2N3bGlWVjFnRFlTXw?oc=5"" target=""_blank"">Bogotá supera los seis millones de m² de malla vial y espacio público conservados</a>&nbsp;&nbsp;<font color=""#6f6f6f"">El Nuevo Siglo</font>","""malla vial"" Bogotá",Google News RSS,2026-09-21T11:45:30-05:00
news_00164,Bogotá mejora su malla vial local: nuevas vías en barrios La Campiña y Nueva York de Kennedy - Bogota.gov.co,https://news.google.com/rss/articles/CBMiqgFBVV95cUxNQWRodlN2X3VmUUxIVGFvTnptYk82N05JTDYxVFFDUzAxYnBMVnF2OVM0TzBTNFYwNEwwQ1FRaEVzRmFMUVNOT2pkM0lLLTNYMkxwa01BZHh0dVNGUUhjTWkxRDVXcWExdld4OGVlVUd2eFZWbE50ekIwcEhhSWJxY2drdWtYSXpnZUZOU1RxZHB4bjlBODhObTdVYXZacDZIYUxPdDRXS2RZZw?oc=5,"Mon, 11 May 2026 19:30:26 GMT","<a href=""https://news.google.com/rss/articles/CBMiqgFBVV95cUxNQWRodlN2X3VmUUxIVGFvTnptYk82N05JTDYxVFFDUzAxYnBMVnF2OVM0TzBTNFYwNEwwQ1FRaEVzRmFMUVNOT2pkM0lLLTNYMkxwa01BZHh0dVNGUUhjTWkxRDVXcWExdld4OGVlVUd2eFZWbE50ekIwcEhhSWJxY2drdWtYSXpnZUZOU1RxZHB4bjlBODhObTdVYXZacDZIYUxPdDRXS2RZZw?oc=5"" target=""_blank"">Bogotá mejora su malla vial local: nuevas vías en barrios La Campiña y Nueva York de Kennedy</a>&nbsp;&nbsp;<font color=""#6f6f6f"">Bogota.gov.co</font>","""malla vial"" Bogotá",Google News RSS,2026-09-21T11:45:30-05:00
news_00165,Se renueva la malla vial local de Bogotá: entregada en Kennedy nueva vía con inversión cercana a $ 150 millones - Bogota.gov.co,https://news.google.com/rss/articles/CBMipwFBVV95cUxOMjRBdGhKcjJ2blZzYk9YLTcwOTF2R3gwZkdjV2JlaVZmVlA1UlBUYmQ2UUV0Z3EwUnRudXZIb0Q0SjBPUjdOeHJxcG5tRTdjS0VPLVVWS252RDJPM2ZTRzA3Vm85ajZ3dEhRZl9mTnBGTFZWMlN3R2pNRm4xcDhsc2Q5SFlUSE01cV9wNE53ZC1WV21TeGRaS0s1OXZodHRheGFQdkVrYw?oc=5,"Mon, 20 Apr 2026 09:08:14 GMT","<a href=""https://news.google.com/rss/articles/CBMipwFBVV95cUxOMjRBdGhKcjJ2blZzYk9YLTcwOTF2R3gwZkdjV2JlaVZmVlA1UlBUYmQ2UUV0Z3EwUnRudXZIb0Q0SjBPUjdOeHJxcG5tRTdjS0VPLVVWS252RDJPM2ZTRzA3Vm85ajZ3dEhRZl9mTnBGTFZWMlN3R2pNRm4xcDhsc2Q5SFlUSE01cV9wNE53ZC1WV21TeGRaS0s1OXZodHRheGFQdkVrYw?oc=5"" target=""_blank"">Se renueva la malla vial local de Bogotá: entregada en Kennedy nueva vía con inversión cercana a $ 150 millones</a>&nbsp;&nbsp;<font color=""#6f6f6f"">Bogota.gov.co</font>","""malla vial"" Bogotá",Google News RSS,2026-09-21T11:45:30-05:00
news_00166,Por mantenimiento de malla vial: cierre de calzada TransMilenio de av. Villavicencio entre calles 48C sur y 51 sur - Bogota.gov.co,https://news.google.com/rss/articles/CBMipwFBVV95cUxNd0pJN0hLV2x6NS0yQlg2cE5IWEpVRXQwY255aXVCVVRMSjVXUS1vdVZ5djFrQmpDcmFOZE5LV0toVUNUX1VMSzlVRGYzbGg3bUJfWlJ3czlqQXdmLTkxcXdPREE2MFRFSFFPVngyS3NDYXQwQmxweExpeG9CMmhscTJULW1IUDJtd014TWV4azRyVXhvZzFJZ042OHUwWkI4U0RDbk9OMA?oc=5,"Fri, 10 Jul 2026 17:09:20 GMT","<a href=""https://news.google.com/rss/articles/CBMipwFBVV95cUxNd0pJN0hLV2x6NS0yQlg2cE5IWEpVRXQwY255aXVCVVRMSjVXUS1vdVZ5djFrQmpDcmFOZE5LV0toVUNUX1VMSzlVRGYzbGg3bUJfWlJ3czlqQXdmLTkxcXdPREE2MFRFSFFPVngyS3NDYXQwQmxweExpeG9CMmhscTJULW1IUDJtd014TWV4azRyVXhvZzFJZ042OHUwWkI4U0RDbk9OMA?oc=5"" target=""_blank"">Por mantenimiento de malla vial: cierre de calzada TransMilenio de av. Villavicencio entre calles 48C sur y 51 sur</a>&nbsp;&nbsp;<font color=""#6f6f6f"">Bogota.gov.co</font>","""malla vial"" Bogotá",Google News RSS,2026-09-21T11:45:30-05:00
news_00167,"Mejorará mucho la movilidad: Édgar Pérez, beneficiario de intervención de la UMV en Versalles - Bogota.gov.co",https://news.google.com/rss/articles/CBMirwFBVV95cUxOcXB5NzJYUU5RWTFvN0dJRlk2YlZpRlZMZ2daQ3VvdjBuRVYyQ0xWTG5zbWdVRExKakZxcFh5aFg5Uk1fTFYydmxGOHNsN3E2Znc0NXlaUVB2ZlNjU05PTUdhOExwLUxuUjNPb2dHd0s0Zl9VQXhBR0FlUGhoUnhCRGJJRlJ2TExTdW5OTnBzaWg1RU5IbnFENVZ1NWc4MXVKb1hkU0xSQXpNVVl4N0k4?oc=5,"Thu, 23 Apr 2026 13:03:08 GMT","<a href=""https://news.google.com/rss/articles/CBMirwFBVV95cUxOcXB5NzJYUU5RWTFvN0dJRlk2YlZpRlZMZ2daQ3VvdjBuRVYyQ0xWTG5zbWdVRExKakZxcFh5aFg5Uk1fTFYydmxGOHNsN3E2Znc0NXlaUVB2ZlNjU05PTUdhOExwLUxuUjNPb2dHd0s0Zl9VQXhBR0FlUGhoUnhCRGJJRlJ2TExTdW5OTnBzaWg1RU5IbnFENVZ1NWc4MXVKb1hkU0xSQXpNVVl4N0k4?oc=5"" target=""_blank"">Mejorará mucho la movilidad: Édgar Pérez, beneficiario de intervención de la UMV en Versalles</a>&nbsp;&nbsp;<font color=""#6f6f6f"">Bogota.gov.co</font>","""malla vial"" Bogotá",Google News RSS,2026-09-21T11:45:30-05:00
news_00168,Se renueva la malla vial local de Bogotá: 120 metros de vía serán intervenidos en San Martín de Porres en Chapinero - Bogota.gov.co,https://news.google.com/rss/articles/CBMisAFBVV95cUxOWTNBYWpVd3gwbVJ5aWMzQ0oxVG82V2hfb2F3SEx4WVdZdWhmR1oxeWpJUnNFQVUzOEVpWkwxcWZMOWhWUEU0X0trMVRyaGVlZWxhbFpIMF9qSXg2NU9pRzFvTFlrWmVBWXhJT19rT0R2YU80TG1EZDNEN21Sc3FrdnA1VGJTUGVSRVN6bmo5dkhDbEhDNGFTekpHMTQyenVnY2FPbUJ0c28xQ1M3RlpiYg?oc=5,"Thu, 16 Apr 2026 21:04:27 GMT","<a href=""https://news.google.com/rss/articles/CBMisAFBVV95cUxOWTNBYWpVd3gwbVJ5aWMzQ0oxVG82V2hfb2F3SEx4WVdZdWhmR1oxeWpJUnNFQVUzOEVpWkwxcWZMOWhWUEU0X0trMVRyaGVlZWxhbFpIMF9qSXg2NU9pRzFvTFlrWmVBWXhJT19rT0R2YU80TG1EZDNEN21Sc3FrdnA1VGJTUGVSRVN6bmo5dkhDbEhDNGFTekpHMTQyenVnY2FPbUJ0c28xQ1M3RlpiYg?oc=5"" target=""_blank"">Se renueva la malla vial local de Bogotá: 120 metros de vía serán intervenidos en San Martín de Porres en Chapinero</a>&nbsp;&nbsp;<font color=""#6f6f6f"">Bogota.gov.co</font>","""malla vial"" Bogotá",Google News RSS,2026-09-21T11:45:30-05:00
news_00169,Alcaldía de La Candelaria inicia renovación de vías en el centro de Bogotá con obras nocturnas desde el 18 de junio - Pulzo,https://news.google.com/rss/articles/CBMiyAFBVV95cUxQd1NLcmtwaV9QTU1WNlE4em1yX3BHSnNqSktnUFhCLUM2djdOcXV1QVAzWU4zTW5pcVE4dTZPMHJHdXROd3JDVmJGYzh4QUI4U1BUa1VsMW9YZ1BkOVp0Q1lwRkVNTmwxdTFjLWIzMm1KdlcxT0ZLQ2VUa00xNHVzckc2MzJYaFdEeXRTUHF4ek1EX3gyTXloMTlmOWJwcHpzX1hiOF83S0U3RzFFR1dPbTZGaThzVUUxMXBnT21aa0x0cjZPNGxNSw?oc=5,"Thu, 18 Jun 2026 10:51:43 GMT","<a href=""https://news.google.com/rss/articles/CBMiyAFBVV95cUxQd1NLcmtwaV9QTU1WNlE4em1yX3BHSnNqSktnUFhCLUM2djdOcXV1QVAzWU4zTW5pcVE4dTZPMHJHdXROd3JDVmJGYzh4QUI4U1BUa1VsMW9YZ1BkOVp0Q1lwRkVNTmwxdTFjLWIzMm1KdlcxT0ZLQ2VUa00xNHVzckc2MzJYaFdEeXRTUHF4ek1EX3gyTXloMTlmOWJwcHpzX1hiOF83S0U3RzFFR1dPbTZGaThzVUUxMXBnT21aa0x0cjZPNGxNSw?oc=5"" target=""_blank"">Alcaldía de La Candelaria inicia renovación de vías en el centro de Bogotá con obras nocturnas desde el 18 de junio</a>&nbsp;&nbsp;<font color=""#6f6f6f"">Pulzo</font>","""malla vial"" Bogotá",Google News RSS,2026-09-21T11:45:30-05:00
news_00170,"Por obras mantenimiento de la malla vial hay cierres en la estación de TransMilenio Santa Lucía, al sur de Bogotá - Bogota.gov.co",https://news.google.com/rss/articles/CBMirwFBVV95cUxPVFlWVm5RMDQxMXJCc1Y2RGI5VGFYdURQa1lxSGozWmdaMzVtM3pXMWRVMWFrczZjVm5VcEgzZDhXWXBnU0FkWTlVZTZKaHhTMWxkT0ZNQkFkdlk5SzhtOGVZRDFSSWVSdVF0ZU1hY2FZVzFQWTJFSnpmM0k3SzY3eERhc0ZUVU5KWHZmdEpsaFlzNkVOdE5KYlNaNEo5c3Yza29ZZXE4RG85X1laVnp3?oc=5,"Sun, 10 May 2026 07:00:00 GMT","<a href=""https://news.google.com/rss/articles/CBMirwFBVV95cUxPVFlWVm5RMDQxMXJCc1Y2RGI5VGFYdURQa1lxSGozWmdaMzVtM3pXMWRVMWFrczZjVm5VcEgzZDhXWXBnU0FkWTlVZTZKaHhTMWxkT0ZNQkFkdlk5SzhtOGVZRDFSSWVSdVF0ZU1hY2FZVzFQWTJFSnpmM0k3SzY3eERhc0ZUVU5KWHZmdEpsaFlzNkVOdE5KYlNaNEo5c3Yza29ZZXE4RG85X1laVnp3?oc=5"" target=""_blank"">Por obras mantenimiento de la malla vial hay cierres en la estación de TransMilenio Santa Lucía, al sur de Bogotá</a>&nbsp;&nbsp;<font color=""#6f6f6f"">Bogota.gov.co</font>","""malla vial"" Bogotá",Google News RSS,2026-09-21T11:45:30-05:00
news_00171,"Por mantenimiento de la malla vial en Bogotá, ruta TransMiZonal 2-3 San Antonio modifica su operación en Usaquén - Bogota.gov.co",https://news.google.com/rss/articles/CBMiqwFBVV95cUxQd3JseUw1bmJ1Y09EMVd3SmpzUHd1ZnBWcGotSlMtQXpOa3o2VG9FMmx5RVd1U01EeDkxcVNaaUM0YnRPZndfUjNsemc5MjF1MVFHOC1HcFJ5RmR2NHFYWlg4UUI0dEpkS3I1ZlVrQWt5bHpRSXlsaGtsb2dkLXlxSjVNRVY4Y0NZZVhlSnAzRGlTMEZ5NFdIMHlpMmJHcjJGY1JBVHFFX241VEk?oc=5,"Fri, 19 Jun 2026 13:00:17 GMT","<a href=""https://news.google.com/rss/articles/CBMiqwFBVV95cUxQd3JseUw1bmJ1Y09EMVd3SmpzUHd1ZnBWcGotSlMtQXpOa3o2VG9FMmx5RVd1U01EeDkxcVNaaUM0YnRPZndfUjNsemc5MjF1MVFHOC1HcFJ5RmR2NHFYWlg4UUI0dEpkS3I1ZlVrQWt5bHpRSXlsaGtsb2dkLXlxSjVNRVY4Y0NZZVhlSnAzRGlTMEZ5NFdIMHlpMmJHcjJGY1JBVHFFX241VEk?oc=5"" target=""_blank"">Por mantenimiento de la malla vial en Bogotá, ruta TransMiZonal 2-3 San Antonio modifica su operación en Usaquén</a>&nbsp;&nbsp;<font color=""#6f6f6f"">Bogota.gov.co</font>","""malla vial"" Bogotá",Google News RSS,2026-09-21T11:45:30-05:00
news_00172,Bogotá entregó la nueva calle 222: más de 12.800 m² de malla vial intervenidos - Revista Semana,https://news.google.com/rss/articles/CBMiwwFBVV95cUxQNnFlNUpsek5XVzZYNWZsMmNaOXNidklyZHlza0Fta0E0LU9HR05mUEpEOVBkWktVbU9jUEMyMU5SdEs3UlNFcUJudTN4TE1zN0l6ZjhoOGpEUnU0Vm16SmxDN2djN3lSSk15eWpZSUtuTWJZUUh4YldtTUZYdnJTZ3JHajBSTFB2NXBTMHJWak1XRWlwellGdFViZDRfV3JORmNOQ2x3REgwN2EyYlhBQTdmcEZISWxZV19POVZOTFFkZ3M?oc=5,"Sun, 17 May 2026 07:00:00 GMT","<a href=""https://news.google.com/rss/articles/CBMiwwFBVV95cUxQNnFlNUpsek5XVzZYNWZsMmNaOXNidklyZHlza0Fta0E0LU9HR05mUEpEOVBkWktVbU9jUEMyMU5SdEs3UlNFcUJudTN4TE1zN0l6ZjhoOGpEUnU0Vm16SmxDN2djN3lSSk15eWpZSUtuTWJZUUh4YldtTUZYdnJTZ3JHajBSTFB2NXBTMHJWak1XRWlwellGdFViZDRfV3JORmNOQ2x3REgwN2EyYlhBQTdmcEZISWxZV19POVZOTFFkZ3M?oc=5"" target=""_blank"">Bogotá entregó la nueva calle 222: más de 12.800 m² de malla vial intervenidos</a>&nbsp;&nbsp;<font color=""#6f6f6f"">Revista Semana</font>","""malla vial"" Bogotá",Google News RSS,2026-09-21T11:45:30-05:00
news_00173,La nueva calle 222 es una realidad: la UMV finalizó los trabajos en la vía - Bogota.gov.co,https://news.google.com/rss/articles/CBMijwFBVV95cUxOVEhHeXNaYlVUVEdKdExEQUg4N0dhblFLckd1Mks5ZlpzVTVzNm9xVlFINXpoSnlkVzZhN1pLN0hpZlNBdWlYQncxNWxnRDJNVmVrbDE4eFZURThSR2lfS2xvbVVjQVVjaThyN0tUVWp1b3h0N1pTSVQybUVOSjVJNkU1am9xbmJ1XzdLNmo3QQ?oc=5,"Sun, 17 May 2026 07:00:00 GMT","<a href=""https://news.google.com/rss/articles/CBMijwFBVV95cUxOVEhHeXNaYlVUVEdKdExEQUg4N0dhblFLckd1Mks5ZlpzVTVzNm9xVlFINXpoSnlkVzZhN1pLN0hpZlNBdWlYQncxNWxnRDJNVmVrbDE4eFZURThSR2lfS2xvbVVjQVVjaThyN0tUVWp1b3h0N1pTSVQybUVOSjVJNkU1am9xbmJ1XzdLNmo3QQ?oc=5"" target=""_blank"">La nueva calle 222 es una realidad: la UMV finalizó los trabajos en la vía</a>&nbsp;&nbsp;<font color=""#6f6f6f"">Bogota.gov.co</font>","""malla vial"" Bogotá",Google News RSS,2026-09-21T11:45:30-05:00
news_00174,El 79% de la inversión en infraestructura de Bogotá se concentra en transporte masivo con $35 billones - Portafolio.co,https://news.google.com/rss/articles/CBMi7wFBVV95cUxQdDU0TXJsaHdfZzY4bGlPV0tOeUdnNzQ5aGloQzdJa1d0MlFEeXBjNFU1dmtPVnNuR3c0QVV0NWxJWE0yM1pQSWUtaDBGam1reS16MkZBeWVMSXN4Zy00YU5jVWRVVUwycXB2MW5YMm5JRHBJSkZXNElGTDBrMFpqeWtnR0lBU0JTSHFnLUlOUDRfLTgtQU5naHk5a25YM2lVVHlmMk1lelFGOVdGVXNjRkdCWFJCdmgzZnplN3QyZlBkWGNnRjJVWjJkN1lyOFBBbWh4Z29sclBMX0I5Q0U2N2pmQmI2amluaE1BYXlIdw?oc=5,"Wed, 10 Jun 2026 07:00:00 GMT","<a href=""https://news.google.com/rss/articles/CBMi7wFBVV95cUxQdDU0TXJsaHdfZzY4bGlPV0tOeUdnNzQ5aGloQzdJa1d0MlFEeXBjNFU1dmtPVnNuR3c0QVV0NWxJWE0yM1pQSWUtaDBGam1reS16MkZBeWVMSXN4Zy00YU5jVWRVVUwycXB2MW5YMm5JRHBJSkZXNElGTDBrMFpqeWtnR0lBU0JTSHFnLUlOUDRfLTgtQU5naHk5a25YM2lVVHlmMk1lelFGOVdGVXNjRkdCWFJCdmgzZnplN3QyZlBkWGNnRjJVWjJkN1lyOFBBbWh4Z29sclBMX0I5Q0U2N2pmQmI2amluaE1BYXlIdw?oc=5"" target=""_blank"">El 79% de la inversión en infraestructura de Bogotá se concentra en transporte masivo con $35 billones</a>&nbsp;&nbsp;<font color=""#6f6f6f"">Portafolio.co</font>","""malla vial"" Bogotá",Google News RSS,2026-09-21T11:45:30-05:00
news_00175,Buenas noticias para los bogotanos: se renueva la malla vial local con una inversión cercana a $150 millones - Revista Semana,https://news.google.com/rss/articles/CBMi8gFBVV95cUxPdWpiYm9ETG9UTjhZNW9XcWRFbWtZTkhUVDhkaFVIQlk1a1o4bzRqNGNIaGpxdXdSaFRHbXVhYUJPNUFXVmU1YkJvR3JoRm41Q2xkTkQxdnNRck5KcTZCTFZabGlSVU43bFNudEtlSWI1dUVqd2g5V1RRbk5CdThUSUl3VVNWQWt6VnY0eEZ3RVFEZkpjTWlzYUlMS0pkR1FzRFBCb2RmcUxxREo5a1M5OVRZQkJxZkxKS0pGb1JWQ2p3TzBhVUE5WG13WlQ3cVNneXdFVzRwQTJNVktUcGhpdVVpNFBTejlwV21xZVZPVW1TZ9IB9wFBVV95cUxPdlkzcDlmYURlTkNPOHotVEpfc0dvVkdHY1ByUnZIbzFMZk9lMzJaczhISElRZmx2VEtRX2dKa0NuZ3hzZ1daMk1xbnBiWlFrZk1FVXUtcWJTNWtmSXJ1b1J1UFp0LXlRalNlOE5UeXJCUzB0V1RtamxtdHhqdm5aaWNmR25PYjJDRm9TUDZRN1ZZZm9GczNWdzFJQ2xhSHdtcUJDSVNLTUdCX2dIbldCNVZQcnFjWkdUZkFoRUFoZjk3Z3FiNEhadUFZTkFvQkNKdkpja3dWcko4QU9GY2dRNHNDb0dzOE9FTWJ4c0tpcXpLcGg5R0Fz?oc=5,"Mon, 20 Apr 2026 07:00:00 GMT","<a href=""https://news.google.com/rss/articles/CBMi8gFBVV95cUxPdWpiYm9ETG9UTjhZNW9XcWRFbWtZTkhUVDhkaFVIQlk1a1o4bzRqNGNIaGpxdXdSaFRHbXVhYUJPNUFXVmU1YkJvR3JoRm41Q2xkTkQxdnNRck5KcTZCTFZabGlSVU43bFNudEtlSWI1dUVqd2g5V1RRbk5CdThUSUl3VVNWQWt6VnY0eEZ3RVFEZkpjTWlzYUlMS0pkR1FzRFBCb2RmcUxxREo5a1M5OVRZQkJxZkxKS0pGb1JWQ2p3TzBhVUE5WG13WlQ3cVNneXdFVzRwQTJNVktUcGhpdVVpNFBTejlwV21xZVZPVW1TZ9IB9wFBVV95cUxPdlkzcDlmYURlTkNPOHotVEpfc0dvVkdHY1ByUnZIbzFMZk9lMzJaczhISElRZmx2VEtRX2dKa0NuZ3hzZ1daMk1xbnBiWlFrZk1FVXUtcWJTNWtmSXJ1b1J1UFp0LXlRalNlOE5UeXJCUzB0V1RtamxtdHhqdm5aaWNmR25PYjJDRm9TUDZRN1ZZZm9GczNWdzFJQ2xhSHdtcUJDSVNLTUdCX2dIbldCNVZQcnFjWkdUZkFoRUFoZjk3Z3FiNEhadUFZTkFvQkNKdkpja3dWcko4QU9GY2dRNHNDb0dzOE9FTWJ4c0tpcXpLcGg5R0Fz?oc=5"" target=""_blank"">Buenas noticias para los bogotanos: se renueva la malla vial local con una inversión cercana a $150 millones</a>&nbsp;&nbsp;<font color=""#6f6f6f"">Revista Semana</font>","""malla vial"" Bogotá",Google News RSS,2026-09-21T11:45:30-05:00
news_00176,Bogotá entregó vía mejorada que beneficiará el tránsito en el norte de la ciudad: así luce la nueva calle 222 - Infobae,https://news.google.com/rss/articles/CBMi6AFBVV95cUxPTzVIcUlXczlmZmVrSF9mYUgwVV9tMTVJbXAtSmRZd3F6ajNHd2R0WDNZU2hNeTVKelFKcm4wa0JTU0ItWDNDRDFKZG9ZTE1kLVAzdjJQV01KOVUtUTNQUUFzZ19oMWF2N29KREJzQ0c0ckJpTk9faVcyNXpudmVUS1FIWndEcWs3bGplQ0Nja25sYlI5TXliQ1Z4VjdKTUFEV2pRa3NsUE5kcWF6ZmktNE1fR3ZRVFVyQnVCbzVnX2p4aWl2MFhJTnRGZ2tBN2REenc5OWxiTU51eVNsY3ZFdU10WS1fNE9t0gGDAkFVX3lxTFBSZEVtTGJ2QWxpQ1ljeUg4OFZ1am5Qa2pmeWZ4ZFZsNHpMQWdJSEpFcHpCX3FUalBKTG45dnFBVUkxLXBURTdKbmdydEFyZkM2dU5ZR3RlTnVTdmI5SjNRN0JfUWNCUzBKdW1fVmhLczlyRzdycnQzTWlPYXNBYkNWaGN4UFFjNUYtTmdqWUpkVEd0enIwUjZFQ1RpSW8wQ2pQWDFXdzNmX1M2S2d3b1pZMDNscGwwQ3p5MUZUOXhzbFJVbEJlU2dVdjZxaXdsQlkwN2RnaWc3N1BpRTVYb21DNzdaVDQyOG15Qk9vUWFEOXJEVVZFbU5ja2dPTFJkZzlGeHM?oc=5,"Sun, 17 May 2026 07:00:00 GMT","<a href=""https://news.google.com/rss/articles/CBMi6AFBVV95cUxPTzVIcUlXczlmZmVrSF9mYUgwVV9tMTVJbXAtSmRZd3F6ajNHd2R0WDNZU2hNeTVKelFKcm4wa0JTU0ItWDNDRDFKZG9ZTE1kLVAzdjJQV01KOVUtUTNQUUFzZ19oMWF2N29KREJzQ0c0ckJpTk9faVcyNXpudmVUS1FIWndEcWs3bGplQ0Nja25sYlI5TXliQ1Z4VjdKTUFEV2pRa3NsUE5kcWF6ZmktNE1fR3ZRVFVyQnVCbzVnX2p4aWl2MFhJTnRGZ2tBN2REenc5OWxiTU51eVNsY3ZFdU10WS1fNE9t0gGDAkFVX3lxTFBSZEVtTGJ2QWxpQ1ljeUg4OFZ1am5Qa2pmeWZ4ZFZsNHpMQWdJSEpFcHpCX3FUalBKTG45dnFBVUkxLXBURTdKbmdydEFyZkM2dU5ZR3RlTnVTdmI5SjNRN0JfUWNCUzBKdW1fVmhLczlyRzdycnQzTWlPYXNBYkNWaGN4UFFjNUYtTmdqWUpkVEd0enIwUjZFQ1RpSW8wQ2pQWDFXdzNmX1M2S2d3b1pZMDNscGwwQ3p5MUZUOXhzbFJVbEJlU2dVdjZxaXdsQlkwN2RnaWc3N1BpRTVYb21DNzdaVDQyOG15Qk9vUWFEOXJEVVZFbU5ja2dPTFJkZzlGeHM?oc=5"" target=""_blank"">Bogotá entregó vía mejorada que beneficiará el tránsito en el norte de la ciudad: así luce la nueva calle 222</a>&nbsp;&nbsp;<font color=""#6f6f6f"">Infobae</font>","""malla vial"" Bogotá",Google News RSS,2026-09-21T11:45:30-05:00
news_00177,Cierres viales en Bogotá durante este puente festivo: por qué y cuáles son los desvíos - Revista Semana,https://news.google.com/rss/articles/CBMixgFBVV95cUxPc3NQcmRMTEVYODBPOFFQdExSLVFXOGwtd2loRGRLWWdVNmRKVzU3RlZmVWk0dzFVLVhlOXRSclRyaTZCc19nTjJGTkJaVEI1OEpVMEdNMTBQV1pMa09YOW1IVXhSaGlHUm5xUzFNU0ZLR2gyWEhPZWJNZ0R3U3FBSnhQT0JLTTQzd0FVUmRmOEMwQUtVUnpWZlBwTnBKWHNFS2dER0JmZFVvS1Q0ZExpU3gzZVlTQnVRS0U4WEFwTUZCR21VY3c?oc=5,"Fri, 10 Jul 2026 07:00:00 GMT","<a href=""https://news.google.com/rss/articles/CBMixgFBVV95cUxPc3NQcmRMTEVYODBPOFFQdExSLVFXOGwtd2loRGRLWWdVNmRKVzU3RlZmVWk0dzFVLVhlOXRSclRyaTZCc19nTjJGTkJaVEI1OEpVMEdNMTBQV1pMa09YOW1IVXhSaGlHUm5xUzFNU0ZLR2gyWEhPZWJNZ0R3U3FBSnhQT0JLTTQzd0FVUmRmOEMwQUtVUnpWZlBwTnBKWHNFS2dER0JmZFVvS1Q0ZExpU3gzZVlTQnVRS0U4WEFwTUZCR21VY3c?oc=5"" target=""_blank"">Cierres viales en Bogotá durante este puente festivo: por qué y cuáles son los desvíos</a>&nbsp;&nbsp;<font color=""#6f6f6f"">Revista Semana</font>","""malla vial"" Bogotá",Google News RSS,2026-09-21T11:45:30-05:00
news_00178,Por rehabilitación de la malla vial: hay cierre del vagón 1 de la estación Quiroga de TransMilenio desde este 4 de junio - Bogota.gov.co,https://news.google.com/rss/articles/CBMisgFBVV95cUxQTEh5VnNpZVhLTVc4NUlzVmZubjE5bnFjNjE3YTVsUTJvU0JDejFtRlN0RVVHeU11OUhrNlI5QjB5NV80YVE5SGVDOVA3Q1RGZWVfSjJwajFHbncwRlRhaGpiNjY0Q0pzZjJPUmtyblI5Yzc1ZktHUGNkVy1aZG10VUxNVE5fM0FkbEp3OC1fMUVSbl9sTm93cFJEWGhQQ3p2QzVMQWJOUGI2eldOd2I4RjNR?oc=5,"Wed, 03 Jun 2026 07:00:00 GMT","<a href=""https://news.google.com/rss/articles/CBMisgFBVV95cUxQTEh5VnNpZVhLTVc4NUlzVmZubjE5bnFjNjE3YTVsUTJvU0JDejFtRlN0RVVHeU11OUhrNlI5QjB5NV80YVE5SGVDOVA3Q1RGZWVfSjJwajFHbncwRlRhaGpiNjY0Q0pzZjJPUmtyblI5Yzc1ZktHUGNkVy1aZG10VUxNVE5fM0FkbEp3OC1fMUVSbl9sTm93cFJEWGhQQ3p2QzVMQWJOUGI2eldOd2I4RjNR?oc=5"" target=""_blank"">Por rehabilitación de la malla vial: hay cierre del vagón 1 de la estación Quiroga de TransMilenio desde este 4 de junio</a>&nbsp;&nbsp;<font color=""#6f6f6f"">Bogota.gov.co</font>","""malla vial"" Bogotá",Google News RSS,2026-09-21T11:45:30-05:00
news_00179,"Engativá renueva sus barrios: vías, parques y espacios comunales transforman la vida de 634 mil habitantes - Pulzo",https://news.google.com/rss/articles/CBMizgFBVV95cUxNN0t1OWx4SUNyX1g3X3Jfb0JDazZrMTZvSUdPWEVFNlVRc2Jza1k4eFhSSGZweGZhTC1vaHB4U1ZtbjFVZ2VycHRuTmpCUGhBaWVDSnV3a3pFbHFkM0hoUC1VYzJNdTdOR0Y3QWlyWVNLckFaY1g0Q0NnZHVMeDBOdWNZVlJwNkpabjZWU1dOSzhZYnRkUXdheU9na0tUbUtuSUh6TkxrZVRhcUJQZVhNN0oxX1o3LVZLaFBYYW9PS2tqZWhqY1lEZXV2RzZWZw?oc=5,"Sun, 12 Apr 2026 07:00:00 GMT","<a href=""https://news.google.com/rss/articles/CBMizgFBVV95cUxNN0t1OWx4SUNyX1g3X3Jfb0JDazZrMTZvSUdPWEVFNlVRc2Jza1k4eFhSSGZweGZhTC1vaHB4U1ZtbjFVZ2VycHRuTmpCUGhBaWVDSnV3a3pFbHFkM0hoUC1VYzJNdTdOR0Y3QWlyWVNLckFaY1g0Q0NnZHVMeDBOdWNZVlJwNkpabjZWU1dOSzhZYnRkUXdheU9na0tUbUtuSUh6TkxrZVRhcUJQZVhNN0oxX1o3LVZLaFBYYW9PS2tqZWhqY1lEZXV2RzZWZw?oc=5"" target=""_blank"">Engativá renueva sus barrios: vías, parques y espacios comunales transforman la vida de 634 mil habitantes</a>&nbsp;&nbsp;<font color=""#6f6f6f"">Pulzo</font>","""malla vial"" Bogotá",Google News RSS,2026-09-21T11:45:30-05:00
news_00180,Bloqueo total en la vía a Mesitas: Comunidad armó la pelotera por malla vial - bogota.alerta.com.co,https://news.google.com/rss/articles/CBMiogFBVV95cUxOOG40cmpyMmNFZkFid3JEUTFmRGVxTXl5TGNQRWVBYVI1WVZLNHVOY3h0UE1fbmhod1E0bFRrelBldzY1NW9MVkx0T3JfMHdLcXZ5dXdfTEJlRkgydkZTWUhJODlLVFRIWTBCWkc5OF9oVnlGTUcxeDFoek40NHEtTmxBRld2TENSRGVGMVpSVk1JRk9JTzBTNVotQmpWWWdWT3fSAaYBQVVfeXFMTlc1Y2JpLXFmWUhBT09jaTUtck13UFY2b1VmZjdlTm1UT3VGWkdOdjJ0UzNkT0p2UGE3MVNRMllrMFBoMWhETTZ6TzRmZGNOSkRxY3NCSDFQVkgtYjRoM3p3bXVxZ0x3Qkc1bkNiMXhmNmRKOURPTWNCSTI1WTJLeDE1dl93LUJyaTZHbHFHMnJ5bFBqMUs5ZDNpRE90U1k1VEpqQXJ6QQ?oc=5,"Wed, 06 May 2026 07:00:00 GMT","<a href=""https://news.google.com/rss/articles/CBMiogFBVV95cUxOOG40cmpyMmNFZkFid3JEUTFmRGVxTXl5TGNQRWVBYVI1WVZLNHVOY3h0UE1fbmhod1E0bFRrelBldzY1NW9MVkx0T3JfMHdLcXZ5dXdfTEJlRkgydkZTWUhJODlLVFRIWTBCWkc5OF9oVnlGTUcxeDFoek40NHEtTmxBRld2TENSRGVGMVpSVk1JRk9JTzBTNVotQmpWWWdWT3fSAaYBQVVfeXFMTlc1Y2JpLXFmWUhBT09jaTUtck13UFY2b1VmZjdlTm1UT3VGWkdOdjJ0UzNkT0p2UGE3MVNRMllrMFBoMWhETTZ6TzRmZGNOSkRxY3NCSDFQVkgtYjRoM3p3bXVxZ0x3Qkc1bkNiMXhmNmRKOURPTWNCSTI1WTJLeDE1dl93LUJyaTZHbHFHMnJ5bFBqMUs5ZDNpRE90U1k1VEpqQXJ6QQ?oc=5"" target=""_blank"">Bloqueo total en la vía a Mesitas: Comunidad armó la pelotera por malla vial</a>&nbsp;&nbsp;<font color=""#6f6f6f"">bogota.alerta.com.co</font>","""malla vial"" Bogotá",Google News RSS,2026-09-21T11:45:30-05:00
news_00181,Así avanza la recuperación nocturna de vías en Sosiego Sur: mejor movilidad y desarrollo en barrio clave de Bogotá - Pulzo,https://news.google.com/rss/articles/CBMi6wFBVV95cUxQVE13QmFmeklnS2VQNVViUnV1OEZXY2NaZkhrUXpLOGQ2NWY5UkxPeUdzQmE2Y01fRm1pZDdPMFk2c0syUGM1eWxsOGVkZFFaUnhkVE5RajJfbTVWaDV1YVAzcEwtdUg4NVowajV5UVVwUlBSZGJhcmJuaW55eEhoSlJYNFlWX3R2RXFaVEF1Mm5DOTRJRm9CMkY4TzJzblFXWnhSbWxiYVpmUms4dUNnXzB4MmJOMGtxZklRODBqYkxCQUpCZHFTWV9hSUhqNmlmTWdWOWtfcmRPU3Z0SmxoS1Jtc0FqY3d4MlRF?oc=5,"Tue, 31 Mar 2026 07:00:00 GMT","<a href=""https://news.google.com/rss/articles/CBMi6wFBVV95cUxQVE13QmFmeklnS2VQNVViUnV1OEZXY2NaZkhrUXpLOGQ2NWY5UkxPeUdzQmE2Y01fRm1pZDdPMFk2c0syUGM1eWxsOGVkZFFaUnhkVE5RajJfbTVWaDV1YVAzcEwtdUg4NVowajV5UVVwUlBSZGJhcmJuaW55eEhoSlJYNFlWX3R2RXFaVEF1Mm5DOTRJRm9CMkY4TzJzblFXWnhSbWxiYVpmUms4dUNnXzB4MmJOMGtxZklRODBqYkxCQUpCZHFTWV9hSUhqNmlmTWdWOWtfcmRPU3Z0SmxoS1Jtc0FqY3d4MlRF?oc=5"" target=""_blank"">Así avanza la recuperación nocturna de vías en Sosiego Sur: mejor movilidad y desarrollo en barrio clave de Bogotá</a>&nbsp;&nbsp;<font color=""#6f6f6f"">Pulzo</font>","""malla vial"" Bogotá",Google News RSS,2026-09-21T11:45:30-05:00
news_00182,Bogotá: Alcaldía de Kennedy entrega nuevo tramo vial y acelera el paso a las obras que transforman la localidad - noticiasdiaadia.com,https://news.google.com/rss/articles/CBMie0FVX3lxTE1ZN05YeF9yZlZIbUVHYkRVcVdNZVhjSzFEOHZXVzdhLUlyQjd1SGpBcmZFYlo4SG5PeXpyY04weWI1dVMza2NwdEQzQVVpREJ5TlcyZjREVUoyaWhWLXpiaUdsY1ZKWmlkN1RGQ3F6OFlxTGNvOV84WG1EYw?oc=5,"Thu, 02 Apr 2026 07:00:00 GMT","<a href=""https://news.google.com/rss/articles/CBMie0FVX3lxTE1ZN05YeF9yZlZIbUVHYkRVcVdNZVhjSzFEOHZXVzdhLUlyQjd1SGpBcmZFYlo4SG5PeXpyY04weWI1dVMza2NwdEQzQVVpREJ5TlcyZjREVUoyaWhWLXpiaUdsY1ZKWmlkN1RGQ3F6OFlxTGNvOV84WG1EYw?oc=5"" target=""_blank"">Bogotá: Alcaldía de Kennedy entrega nuevo tramo vial y acelera el paso a las obras que transforman la localidad</a>&nbsp;&nbsp;<font color=""#6f6f6f"">noticiasdiaadia.com</font>","""malla vial"" Bogotá",Google News RSS,2026-09-21T11:45:30-05:00
news_00183,Contraloría de Bogotá pone la lupa en obras de malla vial en Puente Aranda - Caracol Radio,https://news.google.com/rss/articles/CBMirgFBVV95cUxOd3NnZHF4RW8wVmpoZVZuSzE1ZzlBQ3RSZWFDMTFnNzAyOWZxczdLZVJxSG03TGtjeUR5bUdxZkJQN04yTzlyeGdKS3pYcmZSeGgtQ0ZXcmg3S3NrZUducTZwb2h2U0xpWERSZUV2WktoSzBoUnhucjNtVzk0S2p4Q24wUGprR0ZBQ3RHRXRsUllmai0yQndUX0VvUDhvS2lQOFNBUHhVcnB2OTdpRmfSAcIBQVVfeXFMTV9EaE83U3hrS1lUbVlXcHd2SWE2RnJUTmlKSXNybXFsa0Z3VEdPVUJQckgwX0dBNUh0b0VoMnhLQ3Q1dWZ2WkdNRlRPemlpYm94SzJwUUVjSzRKSTg0NjdCcjdMQTUzcWpsbXdwd2trY1hkeTAtVHQtbHJoMWdxYzVUSWNlelhxZGFodjI5WFRmaWR0eGJFemdlSUMxbFpxbnVVNjNxRWJXcXlaQmdIcWdvUkl0T3JyM1ZvZmlab1hmZ2c?oc=5,"Thu, 26 Mar 2026 07:00:00 GMT","<a href=""https://news.google.com/rss/articles/CBMirgFBVV95cUxOd3NnZHF4RW8wVmpoZVZuSzE1ZzlBQ3RSZWFDMTFnNzAyOWZxczdLZVJxSG03TGtjeUR5bUdxZkJQN04yTzlyeGdKS3pYcmZSeGgtQ0ZXcmg3S3NrZUducTZwb2h2U0xpWERSZUV2WktoSzBoUnhucjNtVzk0S2p4Q24wUGprR0ZBQ3RHRXRsUllmai0yQndUX0VvUDhvS2lQOFNBUHhVcnB2OTdpRmfSAcIBQVVfeXFMTV9EaE83U3hrS1lUbVlXcHd2SWE2RnJUTmlKSXNybXFsa0Z3VEdPVUJQckgwX0dBNUh0b0VoMnhLQ3Q1dWZ2WkdNRlRPemlpYm94SzJwUUVjSzRKSTg0NjdCcjdMQTUzcWpsbXdwd2trY1hkeTAtVHQtbHJoMWdxYzVUSWNlelhxZGFodjI5WFRmaWR0eGJFemdlSUMxbFpxbnVVNjNxRWJXcXlaQmdIcWdvUkl0T3JyM1ZvZmlab1hmZ2c?oc=5"" target=""_blank"">Contraloría de Bogotá pone la lupa en obras de malla vial en Puente Aranda</a>&nbsp;&nbsp;<font color=""#6f6f6f"">Caracol Radio</font>","""malla vial"" Bogotá",Google News RSS,2026-09-21T11:45:30-05:00
news_00184,Inician obras prioritarias de la malla vial en el sector de Mochuelo - Bogota.gov.co,https://news.google.com/rss/articles/CBMirwFBVV95cUxPdnhERktDWlI1c0NxVWtmOUZQRS13VUF3eFpWblJTMlRNaEJTY21QeXYzVFYzc0hkVTBtaFczeFhHSWhQQlVTcWVfeHVhWjJMel9YNGN3U1NUZXVhbTk5Ni03cXcxclpSaTRZUnZJa1JRcFNCWENrYURUeVNyZjk5U2Zab1hEbmhvbnVsZXVRSGg0bWFUY2lyTHhsOEk0OTNMLTZjVXAycmdlRl92bUtV?oc=5,"Sun, 15 Mar 2026 18:36:57 GMT","<a href=""https://news.google.com/rss/articles/CBMirwFBVV95cUxPdnhERktDWlI1c0NxVWtmOUZQRS13VUF3eFpWblJTMlRNaEJTY21QeXYzVFYzc0hkVTBtaFczeFhHSWhQQlVTcWVfeHVhWjJMel9YNGN3U1NUZXVhbTk5Ni03cXcxclpSaTRZUnZJa1JRcFNCWENrYURUeVNyZjk5U2Zab1hEbmhvbnVsZXVRSGg0bWFUY2lyTHhsOEk0OTNMLTZjVXAycmdlRl92bUtV?oc=5"" target=""_blank"">Inician obras prioritarias de la malla vial en el sector de Mochuelo</a>&nbsp;&nbsp;<font color=""#6f6f6f"">Bogota.gov.co</font>","""malla vial"" Bogotá",Google News RSS,2026-09-21T11:45:30-05:00
news_00185,Contraloría de Bogotá detectó irregularidades en obras de malla vial en Puente Aranda - El Espectador,https://news.google.com/rss/articles/CBMivwFBVV95cUxPWkpocTF6Ql9XUDNlaThOUkdXdDFrM0I3SG96MF8xMGhaOFh6aGJNaE85WnFWSTRBaFh3OVNZREFZZW9uMWF0bE9WYzJ6c1RCbEV1X09kTnNSY3FILXV4SV9yQVFiWGZ2dWQzcTJPTFBzQ0FJMTJkRkZ5VVg4ZHk4VnJFNkJFMkNIOTBLQjFuZ0N0ZGtQV0E3Qmk0ZlU5dkNMOUFsNmJEUUxlR0E4OGZ4QzQtTnB3dk10RExFZEd3b9IB0wFBVV95cUxQN2tGYjZlMEVLLUpodFVDeHNTcGFBNnhNVVphWDI2MUdFRmZqMHR6VkFYTWQ2dF95SHY3Z3g1T29kUGdOdkhFZUxoOFdPRm5DTEZXUi1DdTZIdDVsQWtRVFdTQU94NEZqR01zcmtVSXRieGtuQkdaaXlaM2NaNEFScmx4TnRZLWc3VGdSRDVOOHJpbXpzbHM3QUtlNXhkTVMxTHBfb2k0a0h5YkxVMW1PZlJ4V0t2NHVlT1lVYVd0b1Z4cC1hekh5VUdRZUNzNUdObWx3?oc=5,"Thu, 26 Mar 2026 07:00:00 GMT","<a href=""https://news.google.com/rss/articles/CBMivwFBVV95cUxPWkpocTF6Ql9XUDNlaThOUkdXdDFrM0I3SG96MF8xMGhaOFh6aGJNaE85WnFWSTRBaFh3OVNZREFZZW9uMWF0bE9WYzJ6c1RCbEV1X09kTnNSY3FILXV4SV9yQVFiWGZ2dWQzcTJPTFBzQ0FJMTJkRkZ5VVg4ZHk4VnJFNkJFMkNIOTBLQjFuZ0N0ZGtQV0E3Qmk0ZlU5dkNMOUFsNmJEUUxlR0E4OGZ4QzQtTnB3dk10RExFZEd3b9IB0wFBVV95cUxQN2tGYjZlMEVLLUpodFVDeHNTcGFBNnhNVVphWDI2MUdFRmZqMHR6VkFYTWQ2dF95SHY3Z3g1T29kUGdOdkhFZUxoOFdPRm5DTEZXUi1DdTZIdDVsQWtRVFdTQU94NEZqR01zcmtVSXRieGtuQkdaaXlaM2NaNEFScmx4TnRZLWc3VGdSRDVOOHJpbXpzbHM3QUtlNXhkTVMxTHBfb2k0a0h5YkxVMW1PZlJ4V0t2NHVlT1lVYVd0b1Z4cC1hekh5VUdRZUNzNUdObWx3?oc=5"" target=""_blank"">Contraloría de Bogotá detectó irregularidades en obras de malla vial en Puente Aranda</a>&nbsp;&nbsp;<font color=""#6f6f6f"">El Espectador</font>","""malla vial"" Bogotá",Google News RSS,2026-09-21T11:45:30-05:00
news_00186,Así avanza la recuperación de la malla vial en la carrera Séptima en Bogotá - Bogota.gov.co,https://news.google.com/rss/articles/CBMipgFBVV95cUxQZjhCU3pwcWdScXZWeHFGaGRZcXA1Wk91UWFQa1NOeEJzaU8wQjVmeWhkV0FTNXl3NmNrZVpaTUl2X1owVHN4c1NfQjhaOUZDc29HNU1rRGNhN0doTG1lbE5ROS1ZbWlqQnVSZEpCQVd4dmRiWFF6cGlPaHlndFlFVGlya1NnalVUYVIxUDE1VVBxbVhVSUxhaERmN0twaUFFQlhrSl9B?oc=5,"Wed, 11 Feb 2026 16:19:20 GMT","<a href=""https://news.google.com/rss/articles/CBMipgFBVV95cUxQZjhCU3pwcWdScXZWeHFGaGRZcXA1Wk91UWFQa1NOeEJzaU8wQjVmeWhkV0FTNXl3NmNrZVpaTUl2X1owVHN4c1NfQjhaOUZDc29HNU1rRGNhN0doTG1lbE5ROS1ZbWlqQnVSZEpCQVd4dmRiWFF6cGlPaHlndFlFVGlya1NnalVUYVIxUDE1VVBxbVhVSUxhaERmN0twaUFFQlhrSl9B?oc=5"" target=""_blank"">Así avanza la recuperación de la malla vial en la carrera Séptima en Bogotá</a>&nbsp;&nbsp;<font color=""#6f6f6f"">Bogota.gov.co</font>","""malla vial"" Bogotá",Google News RSS,2026-09-21T11:45:30-05:00
news_00187,Contraloría abre procesos fiscales por $1.439 millones relacionados con contratos de malla vial en Puente Aranda - El Tiempo,https://news.google.com/rss/articles/CBMi5gFBVV95cUxONDJMaG83UTl4VmJYXzZmZkxkRENBVFljMmZFLVRucnJjak00aExNUjM1cXBqUzRtLTJmam02T25iWXhGMC1pNWdPUUpsRXdDYldjX2hEb2Qtbm1pMzItUHRDSTM0bVlvd1I5S3ItdHhabm80WmdnWldvN2xsbFJuX2toTDhOcmJhMUtadmx2YkNLcnJsV05GRG55aFhFVHppeVgycjZxaXRqTUxielREMnhWVDFuR1daUm9aNlc5c3hxanYzdnp3aHU2bklCU1hkdXRYYk1TNk9RbF9EYjgzb0s5ajU2QdIB6wFBVV95cUxPQzhLVXl1UnA3UTBTWDlyX0ZZZ29wWTlhWkQ3SjVCNlFFb2k2RTV0V1F6SE5NOEdTb3E3eHhXNmFMZUVqTWxLN1MyYjFlT0VTV3pBVm84Q18tNlRhVVJmSFRQWU1sYnFJLWVhb3BzeFU0Rm8yeFhLdWdNVWdQLWtDMkhKbU9wMWxFOW1tVTJ1ekEwQmEzQ2wtMHFEcHhEV3dsWFoxTDJNMmlMVXM3NkRCc05kMDRkRVduelpYZGJGN3VMSzI2N0gyLXhKTFd4ZjU0Y2gwU3VITlBnY0xob2JTY29qRmcxYmFpZEdN?oc=5,"Thu, 26 Mar 2026 07:00:00 GMT","<a href=""https://news.google.com/rss/articles/CBMi5gFBVV95cUxONDJMaG83UTl4VmJYXzZmZkxkRENBVFljMmZFLVRucnJjak00aExNUjM1cXBqUzRtLTJmam02T25iWXhGMC1pNWdPUUpsRXdDYldjX2hEb2Qtbm1pMzItUHRDSTM0bVlvd1I5S3ItdHhabm80WmdnWldvN2xsbFJuX2toTDhOcmJhMUtadmx2YkNLcnJsV05GRG55aFhFVHppeVgycjZxaXRqTUxielREMnhWVDFuR1daUm9aNlc5c3hxanYzdnp3aHU2bklCU1hkdXRYYk1TNk9RbF9EYjgzb0s5ajU2QdIB6wFBVV95cUxPQzhLVXl1UnA3UTBTWDlyX0ZZZ29wWTlhWkQ3SjVCNlFFb2k2RTV0V1F6SE5NOEdTb3E3eHhXNmFMZUVqTWxLN1MyYjFlT0VTV3pBVm84Q18tNlRhVVJmSFRQWU1sYnFJLWVhb3BzeFU0Rm8yeFhLdWdNVWdQLWtDMkhKbU9wMWxFOW1tVTJ1ekEwQmEzQ2wtMHFEcHhEV3dsWFoxTDJNMmlMVXM3NkRCc05kMDRkRVduelpYZGJGN3VMSzI2N0gyLXhKTFd4ZjU0Y2gwU3VITlBnY0xob2JTY29qRmcxYmFpZEdN?oc=5"" target=""_blank"">Contraloría abre procesos fiscales por $1.439 millones relacionados con contratos de malla vial en Puente Aranda</a>&nbsp;&nbsp;<font color=""#6f6f6f"">El Tiempo</font>","""malla vial"" Bogotá",Google News RSS,2026-09-21T11:45:30-05:00
news_00188,Obras malla vial y espacio público del barrio 12 de Octubre en Bogotá - Bogota.gov.co,https://news.google.com/rss/articles/CBMisAFBVV95cUxNQ2VlUnJYN3ZVaUpnTDNDTFJsRTJrdFluR3pDRE8yb2tFZ2VzM1ZyTF9tYXdOT3ZQaUhxYUNfMHZldTJTQURid1VnRkt3Zm12ejhaeGVjSTY3RjRKTWh5V0k1dzdNclB0M0xaRmNGTE4tWnMwX3YzTWo2b0RScFpMUjZwa1Jyb2Nla25XRUwtNHdWb25HeEtzWmdZMmhpNjBZQ0I1VzVwM3FSM1BiVm9HVw?oc=5,"Sat, 31 Jan 2026 08:00:00 GMT","<a href=""https://news.google.com/rss/articles/CBMisAFBVV95cUxNQ2VlUnJYN3ZVaUpnTDNDTFJsRTJrdFluR3pDRE8yb2tFZ2VzM1ZyTF9tYXdOT3ZQaUhxYUNfMHZldTJTQURid1VnRkt3Zm12ejhaeGVjSTY3RjRKTWh5V0k1dzdNclB0M0xaRmNGTE4tWnMwX3YzTWo2b0RScFpMUjZwa1Jyb2Nla25XRUwtNHdWb25HeEtzWmdZMmhpNjBZQ0I1VzVwM3FSM1BiVm9HVw?oc=5"" target=""_blank"">Obras malla vial y espacio público del barrio 12 de Octubre en Bogotá</a>&nbsp;&nbsp;<font color=""#6f6f6f"">Bogota.gov.co</font>","""malla vial"" Bogotá",Google News RSS,2026-09-21T11:45:30-05:00
news_00189,"Sector Movilidad cerró el 2025 con resultados históricos en seguridad vial, infraestructura y transporte sostenible - movilidadbogota.gov.co",https://news.google.com/rss/articles/CBMixgFBVV95cUxNNklyUGEyTFYyU2dGNTF0VHl1Uk1kdXpxZGxPbExKYWdxd2pHR2wxVlJXQkFkOGRWU1JOOF92eU5Hb0xZV2tCbVZuYzhxT05OcVQzMUhOVDhzMzJiQ1ZHS3V1UzhQYWRTQTBCTDVaSzRuZHRyX1VmZzFiQ09iQlVJSThoYWNkOUJibjgzc3R4bmRzYlFoVFJNaGx6TzZ0MDlPdXk3SHhTRHBiVE1iR2txSGlfeThJdnlMc1lzUGItQWczVVRwU0E?oc=5,"Fri, 27 Feb 2026 08:00:00 GMT","<a href=""https://news.google.com/rss/articles/CBMixgFBVV95cUxNNklyUGEyTFYyU2dGNTF0VHl1Uk1kdXpxZGxPbExKYWdxd2pHR2wxVlJXQkFkOGRWU1JOOF92eU5Hb0xZV2tCbVZuYzhxT05OcVQzMUhOVDhzMzJiQ1ZHS3V1UzhQYWRTQTBCTDVaSzRuZHRyX1VmZzFiQ09iQlVJSThoYWNkOUJibjgzc3R4bmRzYlFoVFJNaGx6TzZ0MDlPdXk3SHhTRHBiVE1iR2txSGlfeThJdnlMc1lzUGItQWczVVRwU0E?oc=5"" target=""_blank"">Sector Movilidad cerró el 2025 con resultados históricos en seguridad vial, infraestructura y transporte sostenible</a>&nbsp;&nbsp;<font color=""#6f6f6f"">movilidadbogota.gov.co</font>","""malla vial"" Bogotá",Google News RSS,2026-09-21T11:45:30-05:00
news_00190,Las razones por las que la Contraloría de Bogotá puso el foco en obras de malla vial en Puente Aranda - Revista Semana,https://news.google.com/rss/articles/CBMi6wFBVV95cUxNTnZYbTU5cWIwOVdlSDdqTkFlckNCYWJ4eU9PX0d2VktoQ0pqTHFJa1FROTM3MXhrSVhfZk40b0lOOFVaZGpwOFBpZFJVWkhnWmd1UzV6X2pYQXV6Wms0VTZ3UEFUUWQzRl9OclY1ZE9Palpsb2FWWmF1X1AzdHNmeEp4WkdtRDYzR1pEM2tYbS1XX3JGR1NvMEtKbUJaNk9oQ1BuYjZLZk5Ga1hWTE5hcUJrcXVBNWFkOWZQU2RZNS1UVDczczRqOGRlYlNfSUFRV2tmNnJFWkhDWGludDdNaEVYYVRZYzZRVFZB0gHwAUFVX3lxTFAycmtuMWNqZVUySFlUOFRNdFRBZkpSMnVidFFKbXRTTWRxMU5fM0Ntam05d2c2b244cjh5YXhTa3ZXNlRraDV2MVl6djdaVE1fUTlSbmdoWlF5R1Z3LW4xaHE3Qzc5NnpGZk1tUDRmNjhMRlUwXzlLcmlqbi12NlZvMXJ2dU5mUWZHczBPa3Rhc05tSl9Bb2tJLXlZVjdUWjlJNXFneE9MakpIc2MzWUhNeDB1Sl9vcXVmdERyenRlRHdhV0VWdXcxaExMS24zdE1kUjJqd2ROd3I0WGNNcDhSNnRuSW1QcW5ESVlqckxYcg?oc=5,"Thu, 26 Mar 2026 07:00:00 GMT","<a href=""https://news.google.com/rss/articles/CBMi6wFBVV95cUxNTnZYbTU5cWIwOVdlSDdqTkFlckNCYWJ4eU9PX0d2VktoQ0pqTHFJa1FROTM3MXhrSVhfZk40b0lOOFVaZGpwOFBpZFJVWkhnWmd1UzV6X2pYQXV6Wms0VTZ3UEFUUWQzRl9OclY1ZE9Palpsb2FWWmF1X1AzdHNmeEp4WkdtRDYzR1pEM2tYbS1XX3JGR1NvMEtKbUJaNk9oQ1BuYjZLZk5Ga1hWTE5hcUJrcXVBNWFkOWZQU2RZNS1UVDczczRqOGRlYlNfSUFRV2tmNnJFWkhDWGludDdNaEVYYVRZYzZRVFZB0gHwAUFVX3lxTFAycmtuMWNqZVUySFlUOFRNdFRBZkpSMnVidFFKbXRTTWRxMU5fM0Ntam05d2c2b244cjh5YXhTa3ZXNlRraDV2MVl6djdaVE1fUTlSbmdoWlF5R1Z3LW4xaHE3Qzc5NnpGZk1tUDRmNjhMRlUwXzlLcmlqbi12NlZvMXJ2dU5mUWZHczBPa3Rhc05tSl9Bb2tJLXlZVjdUWjlJNXFneE9MakpIc2MzWUhNeDB1Sl9vcXVmdERyenRlRHdhV0VWdXcxaExMS24zdE1kUjJqd2ROd3I0WGNNcDhSNnRuSW1QcW5ESVlqckxYcg?oc=5"" target=""_blank"">Las razones por las que la Contraloría de Bogotá puso el foco en obras de malla vial en Puente Aranda</a>&nbsp;&nbsp;<font color=""#6f6f6f"">Revista Semana</font>","""malla vial"" Bogotá",Google News RSS,2026-09-21T11:45:30-05:00
news_00191,¿Cómo reportar una vía en mal estado en Bogotá? Conoce los canales de atención - Bogota.gov.co,https://news.google.com/rss/articles/CBMilgFBVV95cUxQSEdWM2V4OURsNUFNWWNkNFBrSGIzUGNDOWR0dEVrbUJOYUR4b0xQOC1qRVJXaXBUM3lUeUYxcFktSUU4RjhvZGlxbHFiRXZDMnV3Y1pVRzhHLVc2dlFkbnhaUDQ0dmUwMmJNeW5mRncteVpDWlp6S3E1cnpKNFhQc1EyS1Rqa1FNbUFJNlI5RHBFWDhTb3c?oc=5,"Thu, 05 Feb 2026 08:00:00 GMT","<a href=""https://news.google.com/rss/articles/CBMilgFBVV95cUxQSEdWM2V4OURsNUFNWWNkNFBrSGIzUGNDOWR0dEVrbUJOYUR4b0xQOC1qRVJXaXBUM3lUeUYxcFktSUU4RjhvZGlxbHFiRXZDMnV3Y1pVRzhHLVc2dlFkbnhaUDQ0dmUwMmJNeW5mRncteVpDWlp6S3E1cnpKNFhQc1EyS1Rqa1FNbUFJNlI5RHBFWDhTb3c?oc=5"" target=""_blank"">¿Cómo reportar una vía en mal estado en Bogotá? Conoce los canales de atención</a>&nbsp;&nbsp;<font color=""#6f6f6f"">Bogota.gov.co</font>","""malla vial"" Bogotá",Google News RSS,2026-09-21T11:45:30-05:00
news_00192,"La UMV mejora importante corredor vial en Suba para el beneficio de residentes, transeúntes y deportistas - Bogota.gov.co",https://news.google.com/rss/articles/CBMimwFBVV95cUxPbzlCeVdaMGM3Ujl2ay1yOE5uelFKel9ZbGxsYW9KUklHMmVJMktYYnBiSk1aZW5IbHVWVUNGM2ZXRm5XVzA4WnpPRHg2Z2ZpZ0xLVEhoRXpWNWxDdHdDam1XMVo5RDFZNy13YlgydUdMQXQ3Zy1BeGRxUVY0bFFrLUFZeUotQXZ6Z3NuWllfbzNJUVRzR013SVo2dw?oc=5,"Wed, 11 Mar 2026 15:40:07 GMT","<a href=""https://news.google.com/rss/articles/CBMimwFBVV95cUxPbzlCeVdaMGM3Ujl2ay1yOE5uelFKel9ZbGxsYW9KUklHMmVJMktYYnBiSk1aZW5IbHVWVUNGM2ZXRm5XVzA4WnpPRHg2Z2ZpZ0xLVEhoRXpWNWxDdHdDam1XMVo5RDFZNy13YlgydUdMQXQ3Zy1BeGRxUVY0bFFrLUFZeUotQXZ6Z3NuWllfbzNJUVRzR013SVo2dw?oc=5"" target=""_blank"">La UMV mejora importante corredor vial en Suba para el beneficio de residentes, transeúntes y deportistas</a>&nbsp;&nbsp;<font color=""#6f6f6f"">Bogota.gov.co</font>","""malla vial"" Bogotá",Google News RSS,2026-09-21T11:45:30-05:00
news_00193,Obras en Bogotá rehabilitación de malla vial calle 68 y transversal 1 - Bogota.gov.co,https://news.google.com/rss/articles/CBMirwFBVV95cUxNMUN2ODgxNE12RGRHckQyOXZPUExZS3JxVGp3Z0lRRW9SUXVITGxldTVMRWVsWGR5YnBndTlySE9wQ3haZ2VoSUhucDF1eldnUC1yMkRwdVlqV0IwMjNNNE4zR0N1TXZHTl9nUWhUVHlSbkdLTHRGSHBrXzRIRmRJcmtybVRSdXlqUGtHWFkyV1hKTXplODZKN28tWEZuT3gyQ0laeWQ3R2lBTG5YdXRN?oc=5,"Tue, 23 Dec 2025 20:42:45 GMT","<a href=""https://news.google.com/rss/articles/CBMirwFBVV95cUxNMUN2ODgxNE12RGRHckQyOXZPUExZS3JxVGp3Z0lRRW9SUXVITGxldTVMRWVsWGR5YnBndTlySE9wQ3haZ2VoSUhucDF1eldnUC1yMkRwdVlqV0IwMjNNNE4zR0N1TXZHTl9nUWhUVHlSbkdLTHRGSHBrXzRIRmRJcmtybVRSdXlqUGtHWFkyV1hKTXplODZKN28tWEZuT3gyQ0laeWQ3R2lBTG5YdXRN?oc=5"" target=""_blank"">Obras en Bogotá rehabilitación de malla vial calle 68 y transversal 1</a>&nbsp;&nbsp;<font color=""#6f6f6f"">Bogota.gov.co</font>","""malla vial"" Bogotá",Google News RSS,2026-09-21T11:45:30-05:00
news_00194,Obras bajo la lupa en Bogotá: los hallazgos que encendieron alertas en Puente Aranda - Infobae,https://news.google.com/rss/articles/CBMixwFBVV95cUxPN0JUSkR3YzVVbnVXMGNrUmFQeUk3bmwtZUxRV1NuUWJoeTBUdlNacGtmZnU2Mi12YmV3aUp1NEVTM2d5cW5ta194b0w1aHJVNUpaWG9ZeDhGbXh4TUdVWFUyejRaREh6Y3h4eGRpdUJ5cGU4alRYU3p1Rmxmb3U3S2gzNTVYWVNRRVk2cXRDTi1mUl9tT29MTVhrUG1kejVUVHJWbklNSGdvbXE2Z21TZldZY3lOc19ramxRa2ZpTE9rV1dYenFJ0gHiAUFVX3lxTE4zcVM2VDhPYVJub0RaNmxDU3R3engtRVBmYmc0d2ZHZ3dWY0phcE9hYzdsVlFvLVpRT0hCQWljUWlTbXpIOVEzbnhZenVsak9VQVVkR2taWU5QU0NDZ3owdHhoTFBtV2lQbmo0eDVOQlNtT2FZSUgzT3RjSzEtcE5GQjhwU1gyR1hHbFVHdE4xMmVTTTNSYUZITEZIY0Vra2c4bE0xaWQ1eGxpQV80V1NjLW5Rd3FxTEVjUEF4aldQYW1nQ2hLQVZ2VzVDSjMwOExhRF9DcjVZeHdqOFZjRnNWLXc?oc=5,"Fri, 27 Mar 2026 07:00:00 GMT","<a href=""https://news.google.com/rss/articles/CBMixwFBVV95cUxPN0JUSkR3YzVVbnVXMGNrUmFQeUk3bmwtZUxRV1NuUWJoeTBUdlNacGtmZnU2Mi12YmV3aUp1NEVTM2d5cW5ta194b0w1aHJVNUpaWG9ZeDhGbXh4TUdVWFUyejRaREh6Y3h4eGRpdUJ5cGU4alRYU3p1Rmxmb3U3S2gzNTVYWVNRRVk2cXRDTi1mUl9tT29MTVhrUG1kejVUVHJWbklNSGdvbXE2Z21TZldZY3lOc19ramxRa2ZpTE9rV1dYenFJ0gHiAUFVX3lxTE4zcVM2VDhPYVJub0RaNmxDU3R3engtRVBmYmc0d2ZHZ3dWY0phcE9hYzdsVlFvLVpRT0hCQWljUWlTbXpIOVEzbnhZenVsak9VQVVkR2taWU5QU0NDZ3owdHhoTFBtV2lQbmo0eDVOQlNtT2FZSUgzT3RjSzEtcE5GQjhwU1gyR1hHbFVHdE4xMmVTTTNSYUZITEZIY0Vra2c4bE0xaWQ1eGxpQV80V1NjLW5Rd3FxTEVjUEF4aldQYW1nQ2hLQVZ2VzVDSjMwOExhRF9DcjVZeHdqOFZjRnNWLXc?oc=5"" target=""_blank"">Obras bajo la lupa en Bogotá: los hallazgos que encendieron alertas en Puente Aranda</a>&nbsp;&nbsp;<font color=""#6f6f6f"">Infobae</font>","""malla vial"" Bogotá",Google News RSS,2026-09-21T11:45:30-05:00
news_00195,"La UMV inició intervenciones viales nocturnas en el barrio La Estrada, localidad de Engativá - Bogota.gov.co",https://news.google.com/rss/articles/CBMirgFBVV95cUxNWmszNWlKZ1ZDYlh5MzdTaTFyNENDdVhOdU1WWjlXXy1JMEJRNlpDWU8xUjZUdkxUcDNiX2R5OEF5cWYxb0g5RVhoTlkxWmp4b2VXWFVKS1M4UW5SSGhQNnJGTi1INTVSQ3QxRGc4eHZSM1N5MFdBSkRYMERnNTJiUFYyRWpmTHppdGxGYzNtdUpzRlk0dHRubVZKOUxrY0ZIc09GQ0RfUl9TM05PNlE?oc=5,"Wed, 04 Mar 2026 03:01:57 GMT","<a href=""https://news.google.com/rss/articles/CBMirgFBVV95cUxNWmszNWlKZ1ZDYlh5MzdTaTFyNENDdVhOdU1WWjlXXy1JMEJRNlpDWU8xUjZUdkxUcDNiX2R5OEF5cWYxb0g5RVhoTlkxWmp4b2VXWFVKS1M4UW5SSGhQNnJGTi1INTVSQ3QxRGc4eHZSM1N5MFdBSkRYMERnNTJiUFYyRWpmTHppdGxGYzNtdUpzRlk0dHRubVZKOUxrY0ZIc09GQ0RfUl9TM05PNlE?oc=5"" target=""_blank"">La UMV inició intervenciones viales nocturnas en el barrio La Estrada, localidad de Engativá</a>&nbsp;&nbsp;<font color=""#6f6f6f"">Bogota.gov.co</font>","""malla vial"" Bogotá",Google News RSS,2026-09-21T11:45:30-05:00
news_00196,"Así se compone la malla vial, ciclorrutas y el espacio público de Bogotá - Bogota.gov.co",https://news.google.com/rss/articles/CBMiowFBVV95cUxOdnZLMDVrYldveV9WZkpvc1dWeXRtcFBCT2QzWGNIczJ6MjV4b1lyNExkbGlZTFp1LURGRVJQakoxaGxpTlJWNWN5cDVUTXhJb3BCdTlkSk5ZMzZpTC1OYmNqS3RkZTZEUmFfWnptTmlieXBvdEtJNGg5UFUyaFE2SE1XT1l2dXJVb3pIclNNSzdDOFZyZnVabnN5cDJra255RHRn?oc=5,"Wed, 13 Mar 2024 16:50:10 GMT","<a href=""https://news.google.com/rss/articles/CBMiowFBVV95cUxOdnZLMDVrYldveV9WZkpvc1dWeXRtcFBCT2QzWGNIczJ6MjV4b1lyNExkbGlZTFp1LURGRVJQakoxaGxpTlJWNWN5cDVUTXhJb3BCdTlkSk5ZMzZpTC1OYmNqS3RkZTZEUmFfWnptTmlieXBvdEtJNGg5UFUyaFE2SE1XT1l2dXJVb3pIclNNSzdDOFZyZnVabnN5cDJra255RHRn?oc=5"" target=""_blank"">Así se compone la malla vial, ciclorrutas y el espacio público de Bogotá</a>&nbsp;&nbsp;<font color=""#6f6f6f"">Bogota.gov.co</font>","""malla vial"" Bogotá",Google News RSS,2026-09-21T11:45:30-05:00
news_00197,"La UMV anuncia intervención y rehabilitación de 15 cuadras adicionales en el sector de Unir, en Engativá - Bogota.gov.co",https://news.google.com/rss/articles/CBMiqwFBVV95cUxQdURHcmNXaG1ZRTk2LTltZmdsVS1fVmpRM3RJYjkwYzBDVVN4by1TM0tWbkVxYzN6U1VLV19oR1Vzd2RlZW1aWmVJOGJVRTRrV24yWjlGVkVZa3l0WDVzT2lINy1nZU82Y3ZZZ2JvUXNQTVh0TEJGOVBZNzhSZUVHMVJZYlc5dk5UbEdVMEM0ZHpTbjJKU2dxME42UEs3b1RUQWp0UTVxM05NU0U?oc=5,"Wed, 25 Mar 2026 00:14:32 GMT","<a href=""https://news.google.com/rss/articles/CBMiqwFBVV95cUxQdURHcmNXaG1ZRTk2LTltZmdsVS1fVmpRM3RJYjkwYzBDVVN4by1TM0tWbkVxYzN6U1VLV19oR1Vzd2RlZW1aWmVJOGJVRTRrV24yWjlGVkVZa3l0WDVzT2lINy1nZU82Y3ZZZ2JvUXNQTVh0TEJGOVBZNzhSZUVHMVJZYlc5dk5UbEdVMEM0ZHpTbjJKU2dxME42UEs3b1RUQWp0UTVxM05NU0U?oc=5"" target=""_blank"">La UMV anuncia intervención y rehabilitación de 15 cuadras adicionales en el sector de Unir, en Engativá</a>&nbsp;&nbsp;<font color=""#6f6f6f"">Bogota.gov.co</font>","""malla vial"" Bogotá",Google News RSS,2026-09-21T11:45:30-05:00
news_00198,Adelantan procesos de control fiscal por millonarios contratos de malla vial en Bogotá - Canal 1 En vivo,https://news.google.com/rss/articles/CBMiwwFBVV95cUxPRFlTSTZ5N3pGRktIZzBnNm9OUVpGaXZFQ0szMkptWV9LaTFPRzZoVXVqbG1NUHF2RDlYM1ZxNFZ2a29yVmxkQW9xWkt3RG0wdEJUN05JaDZGRGJ1N0p0Mko2bHIydjdkYUVLdy1RS3l0anNiWVY5U1djYUhxRUJ2MjVaTkp2b0JhZms0b0U3TnJyeHIwZHlSd1RrZWZOZl9KNTctNExCaTJocG83cDM0MndnLVNhNEdwbFZsNkNnM1plaDjSAcgBQVVfeXFMTkFhUC1SV2RERTNEcFRqVXJvTnFQdk4xR3RxT0RaT08zR0oxWEtfckhfU1dQaF9OWDR6UGpPclYxRlJQYzh2bVQ0U0pkSUVDdTdwRExqWktJV1dNa3hBcDM4RVliT1lSQUJZeUtOZ1FtajRqQ3ROYkVkbTViWTItTjFrb0hkMWdibFlldElxUklhLU1qbjJYUFRiUjZ6TmdpY3h5ZGFsQWx2ZVVaZ01vaVZObEVNY0tHZEVmSlhteDNOMld3Wk4zUXI?oc=5,"Thu, 26 Mar 2026 07:00:00 GMT","<a href=""https://news.google.com/rss/articles/CBMiwwFBVV95cUxPRFlTSTZ5N3pGRktIZzBnNm9OUVpGaXZFQ0szMkptWV9LaTFPRzZoVXVqbG1NUHF2RDlYM1ZxNFZ2a29yVmxkQW9xWkt3RG0wdEJUN05JaDZGRGJ1N0p0Mko2bHIydjdkYUVLdy1RS3l0anNiWVY5U1djYUhxRUJ2MjVaTkp2b0JhZms0b0U3TnJyeHIwZHlSd1RrZWZOZl9KNTctNExCaTJocG83cDM0MndnLVNhNEdwbFZsNkNnM1plaDjSAcgBQVVfeXFMTkFhUC1SV2RERTNEcFRqVXJvTnFQdk4xR3RxT0RaT08zR0oxWEtfckhfU1dQaF9OWDR6UGpPclYxRlJQYzh2bVQ0U0pkSUVDdTdwRExqWktJV1dNa3hBcDM4RVliT1lSQUJZeUtOZ1FtajRqQ3ROYkVkbTViWTItTjFrb0hkMWdibFlldElxUklhLU1qbjJYUFRiUjZ6TmdpY3h5ZGFsQWx2ZVVaZ01vaVZObEVNY0tHZEVmSlhteDNOMld3Wk4zUXI?oc=5"" target=""_blank"">Adelantan procesos de control fiscal por millonarios contratos de malla vial en Bogotá</a>&nbsp;&nbsp;<font color=""#6f6f6f"">Canal 1 En vivo</font>","""malla vial"" Bogotá",Google News RSS,2026-09-21T11:45:30-05:00
news_00199,Así van las obras en Bogotá: reparcheo y mantenimiento de la malla vial de la ciudad supera cuatro millones de metros cuadrados - El Tiempo,https://news.google.com/rss/articles/CBMi8gFBVV95cUxOWWFYQUVEX3Zpdl8tMTVBUllwRlloYmFoVUlSeU1ucG9sa3NtdHMxUC1IWVlEZTItU2x5VXgwbnBsaldXbTZRVjFseElsRklid1NuV0tIQ3hhRGxhVnp5SDVVSGpzX3pubExzZmpiM2hzQ1Fjb1MxS25WcXNRaFFyTWlXTldKZU1aNlEycXBmZnA4Z2lDaTVyMFY0V010b1I3ekNKRUdGanJHMFdNTFNBQzhTZkZpYWxuV3FVUE92S2FCa2NtMU9wNC1zY1A5dHlWX0oxVkZKUG5lRmlKU0xKWmgzT053X004aHpPN2NIeUxqZ9IB9wFBVV95cUxPdTRoZEZPMmN1dmdlVGlVcFF6bWJyaUNZY1RlaVNHa19FWjBpMHdvX0ZoV3BkQXFtcnhyWHE5M0lEVUh5TVh2SXM1aWpCLTBIblVwV2xJYkJDY1RHLU04aTV2Mm13NTJJY0dfTkdDeVlxZHRBTWg0TTdwWVp2SWkwcnYwX1g3a0ZVR1ZOSnBtTXdoWHI5bThpOHY2S0Nxc2IxSEhwVFlMenNOM3NrTU9LakVGSGd0cjRJWUJLajVndkhFcXZna2t1N041cXRKQm1qcXU2U19JTVFmLVV0LTB3YVJoUEtWUGxqTDU0dk1pMk9oSzZvY29J?oc=5,"Sat, 21 Feb 2026 08:00:00 GMT","<a href=""https://news.google.com/rss/articles/CBMi8gFBVV95cUxOWWFYQUVEX3Zpdl8tMTVBUllwRlloYmFoVUlSeU1ucG9sa3NtdHMxUC1IWVlEZTItU2x5VXgwbnBsaldXbTZRVjFseElsRklid1NuV0tIQ3hhRGxhVnp5SDVVSGpzX3pubExzZmpiM2hzQ1Fjb1MxS25WcXNRaFFyTWlXTldKZU1aNlEycXBmZnA4Z2lDaTVyMFY0V010b1I3ekNKRUdGanJHMFdNTFNBQzhTZkZpYWxuV3FVUE92S2FCa2NtMU9wNC1zY1A5dHlWX0oxVkZKUG5lRmlKU0xKWmgzT053X004aHpPN2NIeUxqZ9IB9wFBVV95cUxPdTRoZEZPMmN1dmdlVGlVcFF6bWJyaUNZY1RlaVNHa19FWjBpMHdvX0ZoV3BkQXFtcnhyWHE5M0lEVUh5TVh2SXM1aWpCLTBIblVwV2xJYkJDY1RHLU04aTV2Mm13NTJJY0dfTkdDeVlxZHRBTWg0TTdwWVp2SWkwcnYwX1g3a0ZVR1ZOSnBtTXdoWHI5bThpOHY2S0Nxc2IxSEhwVFlMenNOM3NrTU9LakVGSGd0cjRJWUJLajVndkhFcXZna2t1N041cXRKQm1qcXU2U19JTVFmLVV0LTB3YVJoUEtWUGxqTDU0dk1pMk9oSzZvY29J?oc=5"" target=""_blank"">Así van las obras en Bogotá: reparcheo y mantenimiento de la malla vial de la ciudad supera cuatro millones de metros cuadrados</a>&nbsp;&nbsp;<font color=""#6f6f6f"">El Tiempo</font>","""malla vial"" Bogotá",Google News RSS,2026-09-21T11:45:30-05:00
news_00200,Avanza la recuperación de la malla vial en la Carrera Séptima ¿Cuándo terminarán las obras? - El Tiempo,https://news.google.com/rss/articles/CBMiyAFBVV95cUxQVEl4Ujg3WXBPWkZob2hYb1N3YWdXSE45V0hmRzhvc040R2FUaGM0bWhuT2VabEo2XzBOSVhzeGkxSUpmY29tTmk2RGp3aUtNZzA5dFRNbndXRE9PWnM4UWdtTTZ1Z1R5MWIyYlVYRFJYY1lTMktQLW5MNXJfSVZLRW0tZkNJX29kZjhkLVJSQno2WVhpQ1dzRk9hNmtWYTl5U1gybFk1WFNEYnZVb2QzN0pLMkFERUhNQ0o1ekZVQ3J5dEF3Vzg4bNIBzgFBVV95cUxPLU1wajdBR0Y3VmJ1T3ZMenYyUkNRV1VxM1lkdE00SHQzTmxmU2RQQzNEUXRZam04VWpFeUhGNURUUHdVc0Z5aGc5cUFLd0xXMHA2c0Y5cllHODE5UURsdXJCSDdjT1hHZVIxUGd0d0M0b0IwTmd3WU1pZ3pESmt2WTd5V2Q5bEk5RV9ZRU5UZi1neXFmZmQ3ZjdQaEpLSWxxREpTM19PUjNKOU9aeEFzUVFiSkNLcHFweVdjZV90ZXcyYzZuT1M2VzJJNUE4Zw?oc=5,"Wed, 11 Feb 2026 08:00:00 GMT","<a href=""https://news.google.com/rss/articles/CBMiyAFBVV95cUxQVEl4Ujg3WXBPWkZob2hYb1N3YWdXSE45V0hmRzhvc040R2FUaGM0bWhuT2VabEo2XzBOSVhzeGkxSUpmY29tTmk2RGp3aUtNZzA5dFRNbndXRE9PWnM4UWdtTTZ1Z1R5MWIyYlVYRFJYY1lTMktQLW5MNXJfSVZLRW0tZkNJX29kZjhkLVJSQno2WVhpQ1dzRk9hNmtWYTl5U1gybFk1WFNEYnZVb2QzN0pLMkFERUhNQ0o1ekZVQ3J5dEF3Vzg4bNIBzgFBVV95cUxPLU1wajdBR0Y3VmJ1T3ZMenYyUkNRV1VxM1lkdE00SHQzTmxmU2RQQzNEUXRZam04VWpFeUhGNURUUHdVc0Z5aGc5cUFLd0xXMHA2c0Y5cllHODE5UURsdXJCSDdjT1hHZVIxUGd0d0M0b0IwTmd3WU1pZ3pESmt2WTd5V2Q5bEk5RV9ZRU5UZi1neXFmZmQ3ZjdQaEpLSWxxREpTM19PUjNKOU9aeEFzUVFiSkNLcHFweVdjZV90ZXcyYzZuT1M2VzJJNUE4Zw?oc=5"" target=""_blank"">Avanza la recuperación de la malla vial en la Carrera Séptima ¿Cuándo terminarán las obras?</a>&nbsp;&nbsp;<font color=""#6f6f6f"">El Tiempo</font>","""malla vial"" Bogotá",Google News RSS,2026-09-21T11:45:30-05:00
news_00201,Mal estado de la malla vial: Un problema sin aparente solución - Concejo de Bogotá,https://news.google.com/rss/articles/CBMivwFBVV95cUxQUUFHZmpjVGE1dGcwMTJGcGhseEJXRndqeS1CMmVjWmx3R2syRmpNb0xhNEhVYVlCU2pCNjQzR0FtOEhKOGZLU2JZQWdHT2FxVHp5VDd2WDZpLW82dXpzLWNVeEtTMklyTFV1cVJ6M3BiVzNTbV9HM285QXloNjNxeFkxZzMwUzFvaGFyeDcwcklXcm1BNjI0UlFBZ2VJTU11LTNjdkNUM2VYallSVTE1alBObE1BX29lb0JWWU1Sdw?oc=5,"Tue, 18 Apr 2023 07:33:36 GMT","<a href=""https://news.google.com/rss/articles/CBMivwFBVV95cUxQUUFHZmpjVGE1dGcwMTJGcGhseEJXRndqeS1CMmVjWmx3R2syRmpNb0xhNEhVYVlCU2pCNjQzR0FtOEhKOGZLU2JZQWdHT2FxVHp5VDd2WDZpLW82dXpzLWNVeEtTMklyTFV1cVJ6M3BiVzNTbV9HM285QXloNjNxeFkxZzMwUzFvaGFyeDcwcklXcm1BNjI0UlFBZ2VJTU11LTNjdkNUM2VYallSVTE1alBObE1BX29lb0JWWU1Sdw?oc=5"" target=""_blank"">Mal estado de la malla vial: Un problema sin aparente solución</a>&nbsp;&nbsp;<font color=""#6f6f6f"">Concejo de Bogotá</font>","""malla vial"" Bogotá",Google News RSS,2026-09-21T11:45:30-05:00
news_00202,"Van 1 millón 500 mil m2 malla vial, ciclorrutas y espacio público intervenidos - Bogota.gov.co",https://news.google.com/rss/articles/CBMirwFBVV95cUxPQ25pOTRzZ1p1anNOMHlEZldqYjZBVG9fS2dOcldTR0ZsQTdOakxIQTlZVi1pYkdRSjhHcXVUdC1aT29BclBORE0yVnkteWV1ZHFKd2FpTzlZMDlveTJtWnJZeTJfZWdMaHk5UlU3ZmJiY3lpVF9zY0dpMW1Mb0l6MklHZEo0cVY0MThBN1d3SHlnazN2Ujl6NjhPSVlMVm9OMjR6U2ZBU0xPd0hncTZ3?oc=5,"Thu, 05 Dec 2024 17:11:50 GMT","<a href=""https://news.google.com/rss/articles/CBMirwFBVV95cUxPQ25pOTRzZ1p1anNOMHlEZldqYjZBVG9fS2dOcldTR0ZsQTdOakxIQTlZVi1pYkdRSjhHcXVUdC1aT29BclBORE0yVnkteWV1ZHFKd2FpTzlZMDlveTJtWnJZeTJfZWdMaHk5UlU3ZmJiY3lpVF9zY0dpMW1Mb0l6MklHZEo0cVY0MThBN1d3SHlnazN2Ujl6NjhPSVlMVm9OMjR6U2ZBU0xPd0hncTZ3?oc=5"" target=""_blank"">Van 1 millón 500 mil m2 malla vial, ciclorrutas y espacio público intervenidos</a>&nbsp;&nbsp;<font color=""#6f6f6f"">Bogota.gov.co</font>","""malla vial"" Bogotá",Google News RSS,2026-09-21T11:45:30-05:00
news_00203,"Por obras de conservación de la malla vial, hay cierre de un carril autopista Sur con carrera 51, al sur de Bogotá - Bogota.gov.co",https://news.google.com/rss/articles/CBMisAFBVV95cUxOZkdJN1Byb19RVXVsNHE1Sm1oS29vX3pPZkRDdGlCbzNJM2FVYTg5WHZDRmhESi1BdVhoOW00dFZvXzJDUVlwbThtaEhKQ2JvZ3p5aHd3aE1oOE9PajgzWi0zWDlkRGNCUXY3WlpPUllqZHB6N0VJSGgzcjZhNi1ma3BwREtpMTY2MlVCcWNuai1ocHhIdWx6eUwtZV9vdEtrdWhkVEtHb044emRJX2IyLQ?oc=5,"Fri, 13 Mar 2026 17:16:37 GMT","<a href=""https://news.google.com/rss/articles/CBMisAFBVV95cUxOZkdJN1Byb19RVXVsNHE1Sm1oS29vX3pPZkRDdGlCbzNJM2FVYTg5WHZDRmhESi1BdVhoOW00dFZvXzJDUVlwbThtaEhKQ2JvZ3p5aHd3aE1oOE9PajgzWi0zWDlkRGNCUXY3WlpPUllqZHB6N0VJSGgzcjZhNi1ma3BwREtpMTY2MlVCcWNuai1ocHhIdWx6eUwtZV9vdEtrdWhkVEtHb044emRJX2IyLQ?oc=5"" target=""_blank"">Por obras de conservación de la malla vial, hay cierre de un carril autopista Sur con carrera 51, al sur de Bogotá</a>&nbsp;&nbsp;<font color=""#6f6f6f"">Bogota.gov.co</font>","""malla vial"" Bogotá",Google News RSS,2026-09-21T11:45:30-05:00
news_00204,Se renueva la malla vial local de Suba en Bogotá: Caja de Vivienda Popular interviene vías y parques en Bilbao - Bogota.gov.co,https://news.google.com/rss/articles/CBMirgFBVV95cUxOb2tHQnBRcnVmR3VSbU9FSVdjQTV4SFktU1F2ejRtSWctcmY1X19QM0lnWFd2TGExYWlrX0R5eGNsaEZuOEJIR29sZ2pZaF96RFV1LVpXRjg0STdWcHJTZ0JsdDhwMEtuTHAzeExxb0g0VTA3cXNoLUpDVk95NVdERzRRdHFoZFRQSndDR3BtSHN4a2FDVGNuMXdwSmpGWmlUQ3JpenZ2N1ZObFROYVE?oc=5,"Fri, 23 Jan 2026 17:30:20 GMT","<a href=""https://news.google.com/rss/articles/CBMirgFBVV95cUxOb2tHQnBRcnVmR3VSbU9FSVdjQTV4SFktU1F2ejRtSWctcmY1X19QM0lnWFd2TGExYWlrX0R5eGNsaEZuOEJIR29sZ2pZaF96RFV1LVpXRjg0STdWcHJTZ0JsdDhwMEtuTHAzeExxb0g0VTA3cXNoLUpDVk95NVdERzRRdHFoZFRQSndDR3BtSHN4a2FDVGNuMXdwSmpGWmlUQ3JpenZ2N1ZObFROYVE?oc=5"" target=""_blank"">Se renueva la malla vial local de Suba en Bogotá: Caja de Vivienda Popular interviene vías y parques en Bilbao</a>&nbsp;&nbsp;<font color=""#6f6f6f"">Bogota.gov.co</font>","""malla vial"" Bogotá",Google News RSS,2026-09-21T11:45:30-05:00
news_00205,"Bogotá supera los 4 millones de m2 intervenidos en vías, andenes y ciclorrutas - Secretaría Distrital de Gobierno",https://news.google.com/rss/articles/CBMihwFBVV95cUxOS3hwc2plamdLeW9OX0lSYmlBcFoyWjhGTnZKbklnSXBqZTVRZm9yakUwd0hLblVCYVV2SWNWaUJJcGtJY1VLc1V4X3FFVnd6b3JKRVVLWG5DZnYxOFItXzlaTkRJbXItRlNLUDVrMjJpNjl1NWp2TDRQZTZsdHM2RDBycHR2ckk?oc=5,"Fri, 26 Dec 2025 08:00:00 GMT","<a href=""https://news.google.com/rss/articles/CBMihwFBVV95cUxOS3hwc2plamdLeW9OX0lSYmlBcFoyWjhGTnZKbklnSXBqZTVRZm9yakUwd0hLblVCYVV2SWNWaUJJcGtJY1VLc1V4X3FFVnd6b3JKRVVLWG5DZnYxOFItXzlaTkRJbXItRlNLUDVrMjJpNjl1NWp2TDRQZTZsdHM2RDBycHR2ckk?oc=5"" target=""_blank"">Bogotá supera los 4 millones de m2 intervenidos en vías, andenes y ciclorrutas</a>&nbsp;&nbsp;<font color=""#6f6f6f"">Secretaría Distrital de Gobierno</font>","""malla vial"" Bogotá",Google News RSS,2026-09-21T11:45:30-05:00
news_00206,"Equipo Tapahuecos supera el millón de metros cuadrados reparados y Bogotá ya suma más de 4,7 millones intervenidos en la malla vial - El Tiempo",https://news.google.com/rss/articles/CBMigAJBVV95cUxPOFRpa0o4cVVVOWpFdWJISjZSR2hxNU9ULWg4NkFSdEUxbjkyV0l5Y2RkNVpjWmw5QUNfdzQyWkZYajFQWmVyOGFqSERiU28xYTFPS05RbGthWk5HU2tpaTFiUTNmVWlJa0piY0NrSVhyN2w2cjBkZ2hJUlV4S3ZzUjJNYzdkSDBLUUJsb2hobXBlV0U0dUhaRjhqMEl4aEUwRWZoLUFGT05BbXpvaHRYMkRyMXh4aHVDSkIzLWR0SVZtRERwYm9hQ0RVaUMzYnFldFpwdlBVRmJ2c19DNVZoeExtYlVISUd5WFptZlB1TEFXQ3ZYeEtvdE1mc1NVb2It0gGGAkFVX3lxTE5zd0dhNVFaT1ExYjRZWW5nbjhwYmRreHdneUFkdThJendSYUF1dV9fNWJNREhyUVluM3cyU3FXQVF2SHcyQU1qNEE2eDZPeXJUTXRpMGU2NmZYNWpNakJRS3N4eTR6UllWd2xuOGRaY0ZsMXdKaUdhQVFDbl9OZmdpcUhBZ1h3OXRNdnFuZEE3TDJ6YjFtd1ItSU91V3hzXzB4dDMyZXVEVEc1M0hqaE9DM0JKTEp4ZmZaY1c2LUxEVlUyWm9lMXpYX2FHNlZPd1EwckRxWThKYkFzRWdjVy1xMGhqRWpreGpjdTFtR2hlVVBxY0x4dFRSUzdWbEtUX3BSVi1OV3c?oc=5,"Tue, 10 Mar 2026 07:00:00 GMT","<a href=""https://news.google.com/rss/articles/CBMigAJBVV95cUxPOFRpa0o4cVVVOWpFdWJISjZSR2hxNU9ULWg4NkFSdEUxbjkyV0l5Y2RkNVpjWmw5QUNfdzQyWkZYajFQWmVyOGFqSERiU28xYTFPS05RbGthWk5HU2tpaTFiUTNmVWlJa0piY0NrSVhyN2w2cjBkZ2hJUlV4S3ZzUjJNYzdkSDBLUUJsb2hobXBlV0U0dUhaRjhqMEl4aEUwRWZoLUFGT05BbXpvaHRYMkRyMXh4aHVDSkIzLWR0SVZtRERwYm9hQ0RVaUMzYnFldFpwdlBVRmJ2c19DNVZoeExtYlVISUd5WFptZlB1TEFXQ3ZYeEtvdE1mc1NVb2It0gGGAkFVX3lxTE5zd0dhNVFaT1ExYjRZWW5nbjhwYmRreHdneUFkdThJendSYUF1dV9fNWJNREhyUVluM3cyU3FXQVF2SHcyQU1qNEE2eDZPeXJUTXRpMGU2NmZYNWpNakJRS3N4eTR6UllWd2xuOGRaY0ZsMXdKaUdhQVFDbl9OZmdpcUhBZ1h3OXRNdnFuZEE3TDJ6YjFtd1ItSU91V3hzXzB4dDMyZXVEVEc1M0hqaE9DM0JKTEp4ZmZaY1c2LUxEVlUyWm9lMXpYX2FHNlZPd1EwckRxWThKYkFzRWdjVy1xMGhqRWpreGpjdTFtR2hlVVBxY0x4dFRSUzdWbEtUX3BSVi1OV3c?oc=5"" target=""_blank"">Equipo Tapahuecos supera el millón de metros cuadrados reparados y Bogotá ya suma más de 4,7 millones intervenidos en la malla vial</a>&nbsp;&nbsp;<font color=""#6f6f6f"">El Tiempo</font>","""malla vial"" Bogotá",Google News RSS,2026-09-21T11:45:30-05:00
news_00207,Unidad de Mantenimiento Vial interviene 1.600 m² de malla vial en La Estrellita - Bogota.gov.co,https://news.google.com/rss/articles/CBMirAFBVV95cUxOOXJwZS1tcEYxWlBqWVhJWXJmWmFpalh2dEhDZWItdGItTDdlcjg1TWNGZ21XeE5JakI3YV9Jd1RzWUt0bGUxcjdrejJ1VF9IWWZURUwzSl9RZEZ0RzctbFpwZXR3VkJ6eFRHU19QQXIwZUN6b2dGaG9uZ3Jtb2pYWERZeFBZSEl4OTA3c0k0eHU5RlltU1FnblNoUk85eUktR3h1RDJxZjlaT2Y0?oc=5,"Fri, 23 Jan 2026 15:49:04 GMT","<a href=""https://news.google.com/rss/articles/CBMirAFBVV95cUxOOXJwZS1tcEYxWlBqWVhJWXJmWmFpalh2dEhDZWItdGItTDdlcjg1TWNGZ21XeE5JakI3YV9Jd1RzWUt0bGUxcjdrejJ1VF9IWWZURUwzSl9RZEZ0RzctbFpwZXR3VkJ6eFRHU19QQXIwZUN6b2dGaG9uZ3Jtb2pYWERZeFBZSEl4OTA3c0k0eHU5RlltU1FnblNoUk85eUktR3h1RDJxZjlaT2Y0?oc=5"" target=""_blank"">Unidad de Mantenimiento Vial interviene 1.600 m² de malla vial en La Estrellita</a>&nbsp;&nbsp;<font color=""#6f6f6f"">Bogota.gov.co</font>","""malla vial"" Bogotá",Google News RSS,2026-09-21T11:45:30-05:00
news_00208,Mónica Rueda se posesiona como nueva directora de Unidad de Mantenimiento Vial - Bogota.gov.co,https://news.google.com/rss/articles/CBMisgFBVV95cUxNU19UZWd4WUVXcUpmQ0J1dzZkNmFnY1VTazlKdnMtNi01ZUFVaV9LdExaQmhLX3AyTmZWdTU4Y21abWUtM2FucjdrLUg4U3hiYVF6R2sweklWT0o3OVZ5Qkc1UWhrMkZoaWdTR3NpekVhTTd3dDBZU3M0cV8zbmtvLUJiVWc5MlBEbS1ja3h5ZU1aOW9NUHhjeU8xcy1KWmF5RVpDQ0pqZ3Fvd0hBRmlXc3FB?oc=5,"Wed, 28 May 2025 07:00:00 GMT","<a href=""https://news.google.com/rss/articles/CBMisgFBVV95cUxNU19UZWd4WUVXcUpmQ0J1dzZkNmFnY1VTazlKdnMtNi01ZUFVaV9LdExaQmhLX3AyTmZWdTU4Y21abWUtM2FucjdrLUg4U3hiYVF6R2sweklWT0o3OVZ5Qkc1UWhrMkZoaWdTR3NpekVhTTd3dDBZU3M0cV8zbmtvLUJiVWc5MlBEbS1ja3h5ZU1aOW9NUHhjeU8xcy1KWmF5RVpDQ0pqZ3Fvd0hBRmlXc3FB?oc=5"" target=""_blank"">Mónica Rueda se posesiona como nueva directora de Unidad de Mantenimiento Vial</a>&nbsp;&nbsp;<font color=""#6f6f6f"">Bogota.gov.co</font>","""malla vial"" Bogotá",Google News RSS,2026-09-21T11:45:30-05:00
news_00209,Kennedy avanza en malla vial con 1.059 m² renovados en sector de Patio Bonito - Bogota.gov.co,https://news.google.com/rss/articles/CBMimgFBVV95cUxPU3V6UTlEaTRtQ3M3cjlIamRwRzZvN0ZnNVNjNXhHX0E0RHNMd00wLWVHbkFOWkZQNHpWU3dPOFIwZnY5ME5KUzByMWRVLVYxWnpQbG1ZcUgxdFBCRjJlZGx5ZzFOWF9xbUdZRlpLZ1o1UVFQNEVna01VYW5RcmZSdy12UTNSbTZWbkh6Tl9rM0NiTWxiU1MwMFVB?oc=5,"Tue, 17 Mar 2026 15:39:15 GMT","<a href=""https://news.google.com/rss/articles/CBMimgFBVV95cUxPU3V6UTlEaTRtQ3M3cjlIamRwRzZvN0ZnNVNjNXhHX0E0RHNMd00wLWVHbkFOWkZQNHpWU3dPOFIwZnY5ME5KUzByMWRVLVYxWnpQbG1ZcUgxdFBCRjJlZGx5ZzFOWF9xbUdZRlpLZ1o1UVFQNEVna01VYW5RcmZSdy12UTNSbTZWbkh6Tl9rM0NiTWxiU1MwMFVB?oc=5"" target=""_blank"">Kennedy avanza en malla vial con 1.059 m² renovados en sector de Patio Bonito</a>&nbsp;&nbsp;<font color=""#6f6f6f"">Bogota.gov.co</font>","""malla vial"" Bogotá",Google News RSS,2026-09-21T11:45:30-05:00
news_00210,Avanzan obras de malla vial en Chapinero: más de $7.400 millones impulsan la modernización de vías y andenes - Bogota.gov.co,https://news.google.com/rss/articles/CBMirAFBVV95cUxQbDlCWFB1VERJZEVUTy1mVHpZZE5rX1RFMFcweFBCVlFySWtZOVlyeFdDMzRsZGh6NmZVYnBERVJOaEZZQU5rZ0lUU3NPSnBQZ01ZeVU2U1ZBVXRXR1Y2c2V0RjF5dmtOQnZYWTM4d0gwNGpQcHZhMzc1MzZySWZkQmdyRnF2eHpKdzBKWUdoM0hwd19sVWxMRXZscWZUN2JTU0liNEdlVzd1TzNG?oc=5,"Wed, 29 Oct 2025 20:53:08 GMT","<a href=""https://news.google.com/rss/articles/CBMirAFBVV95cUxQbDlCWFB1VERJZEVUTy1mVHpZZE5rX1RFMFcweFBCVlFySWtZOVlyeFdDMzRsZGh6NmZVYnBERVJOaEZZQU5rZ0lUU3NPSnBQZ01ZeVU2U1ZBVXRXR1Y2c2V0RjF5dmtOQnZYWTM4d0gwNGpQcHZhMzc1MzZySWZkQmdyRnF2eHpKdzBKWUdoM0hwd19sVWxMRXZscWZUN2JTU0liNEdlVzd1TzNG?oc=5"" target=""_blank"">Avanzan obras de malla vial en Chapinero: más de $7.400 millones impulsan la modernización de vías y andenes</a>&nbsp;&nbsp;<font color=""#6f6f6f"">Bogota.gov.co</font>","""malla vial"" Bogotá",Google News RSS,2026-09-21T11:45:30-05:00
news_00211,Unidad de Mantenimiento Vial acompaña la estrategia Barrios Vitales en Teusaquillo - Bogota.gov.co,https://news.google.com/rss/articles/CBMirwFBVV95cUxNTEtkQmdVZGtFMUh1eXE0ZWhUNGxNTEo4Qi11MndNWjMwa3Rxc3h5VS1Wa192akRkWC13a19IR3JWdmdJMkFPNVZSRjVDcU9jdmEzaG1uclJPbHR0ZU9Cc1RnWUZ5M2Y5X2hZcndDMFJtX3ppZF9VOHVsN2dmT2dnVlhDRVFkZ01YYzRzV2JyZ3FZTWptSjZyQzVXa3hsV0pSTEo3VWhkT0tIckJwdmhv?oc=5,"Wed, 17 Sep 2025 11:02:21 GMT","<a href=""https://news.google.com/rss/articles/CBMirwFBVV95cUxNTEtkQmdVZGtFMUh1eXE0ZWhUNGxNTEo4Qi11MndNWjMwa3Rxc3h5VS1Wa192akRkWC13a19IR3JWdmdJMkFPNVZSRjVDcU9jdmEzaG1uclJPbHR0ZU9Cc1RnWUZ5M2Y5X2hZcndDMFJtX3ppZF9VOHVsN2dmT2dnVlhDRVFkZ01YYzRzV2JyZ3FZTWptSjZyQzVXa3hsV0pSTEo3VWhkT0tIckJwdmhv?oc=5"" target=""_blank"">Unidad de Mantenimiento Vial acompaña la estrategia Barrios Vitales en Teusaquillo</a>&nbsp;&nbsp;<font color=""#6f6f6f"">Bogota.gov.co</font>","""malla vial"" Bogotá",Google News RSS,2026-09-21T11:45:30-05:00
news_00212,Bogotá cierra el año con importantes entregas y avances en infraestructura vial - Bogota.gov.co,https://news.google.com/rss/articles/CBMirgFBVV95cUxPT0xIa1lDUmpyZGZEaUlJWjRfVTA4d3VaOEIwRWJvTGxSdGJuUXdvYURzY2w5cFJDRWVBWnZtQVp6M2RnMFZBcUZ3RlkwbkZVc19hYmpXTF82THBSTVFYVVRBV0dHNEMyYjFfZTNRSWNjVm94czZ5dnhhQ0x0WmFEd1ctcUwtRU1nQ1RiU0kzaXZ5cUFVNFV1cmdfY1FmZHd2TEZjNGJTOU5YbzdZbEE?oc=5,"Fri, 19 Dec 2025 08:00:00 GMT","<a href=""https://news.google.com/rss/articles/CBMirgFBVV95cUxPT0xIa1lDUmpyZGZEaUlJWjRfVTA4d3VaOEIwRWJvTGxSdGJuUXdvYURzY2w5cFJDRWVBWnZtQVp6M2RnMFZBcUZ3RlkwbkZVc19hYmpXTF82THBSTVFYVVRBV0dHNEMyYjFfZTNRSWNjVm94czZ5dnhhQ0x0WmFEd1ctcUwtRU1nQ1RiU0kzaXZ5cUFVNFV1cmdfY1FmZHd2TEZjNGJTOU5YbzdZbEE?oc=5"" target=""_blank"">Bogotá cierra el año con importantes entregas y avances en infraestructura vial</a>&nbsp;&nbsp;<font color=""#6f6f6f"">Bogota.gov.co</font>","""malla vial"" Bogotá",Google News RSS,2026-09-21T11:45:30-05:00
news_00213,"Más de 4 millones de metros cuadrados de vías, andenes y ciclorrutas han sido intervenidos en dos años en Bogotá - El Tiempo",https://news.google.com/rss/articles/CBMi5gFBVV95cUxQU2NJN2hmQWcySlNqSTVyWjFKOXZuSWE5NWlfdXRVdGRKUVRhbkRDUHotRGhyaEpEQlI2bkViZnd4dllZcGc1R19NNERmdmxzZDFmWVR3b3Z4OWVYdmYzZXRYRjVMUXlMMEhqSFBwMXFnNEdtWnBJaTFtZHNvemJaOHJBMVZzcXgyNXdVZmMyZXFkNG94YkZMS1NXWWt5MHB1N29xSmkyQm13Vy1jaV9zZ0l1R3l0Uk51ZjR6RG1jOEdPZ2ZKSFhQczIwN3FsMGg1WHlHc0tBNmROM2xWMERidXVjUDBtQdIB6wFBVV95cUxOVVh5TXBqVUZIN19OYWgzR3pIWDJDX0NGZ3JQd1dUYjltTUpUODJnT3l4VXQzejVNcG9lZWt6OHN0Q0NkRG9mbDl1aFZjZGR1TGk2QjBDTHAzU2hqTTFRNl9pZUhyRUpNN0Z0Z3FySEVwS24ybGlqU0lGUS10Y0ZhckR4OGlLcjJXQmpYQmhYcG1wZUo0WWRtZ3JLOGxYeGtVa0hUSUF0UW5jaGcyVlhfMGUydkVEa2lGX1FRT0lOV0pYOGhLb1BMYVNOVDRSQkV5bkZZXzBiUlE3QkRrRnBWb0ZsT3BMTzdNS3k0?oc=5,"Fri, 26 Dec 2025 08:00:00 GMT","<a href=""https://news.google.com/rss/articles/CBMi5gFBVV95cUxQU2NJN2hmQWcySlNqSTVyWjFKOXZuSWE5NWlfdXRVdGRKUVRhbkRDUHotRGhyaEpEQlI2bkViZnd4dllZcGc1R19NNERmdmxzZDFmWVR3b3Z4OWVYdmYzZXRYRjVMUXlMMEhqSFBwMXFnNEdtWnBJaTFtZHNvemJaOHJBMVZzcXgyNXdVZmMyZXFkNG94YkZMS1NXWWt5MHB1N29xSmkyQm13Vy1jaV9zZ0l1R3l0Uk51ZjR6RG1jOEdPZ2ZKSFhQczIwN3FsMGg1WHlHc0tBNmROM2xWMERidXVjUDBtQdIB6wFBVV95cUxOVVh5TXBqVUZIN19OYWgzR3pIWDJDX0NGZ3JQd1dUYjltTUpUODJnT3l4VXQzejVNcG9lZWt6OHN0Q0NkRG9mbDl1aFZjZGR1TGk2QjBDTHAzU2hqTTFRNl9pZUhyRUpNN0Z0Z3FySEVwS24ybGlqU0lGUS10Y0ZhckR4OGlLcjJXQmpYQmhYcG1wZUo0WWRtZ3JLOGxYeGtVa0hUSUF0UW5jaGcyVlhfMGUydkVEa2lGX1FRT0lOV0pYOGhLb1BMYVNOVDRSQkV5bkZZXzBiUlE3QkRrRnBWb0ZsT3BMTzdNS3k0?oc=5"" target=""_blank"">Más de 4 millones de metros cuadrados de vías, andenes y ciclorrutas han sido intervenidos en dos años en Bogotá</a>&nbsp;&nbsp;<font color=""#6f6f6f"">El Tiempo</font>","""malla vial"" Bogotá",Google News RSS,2026-09-21T11:45:30-05:00
news_00214,El Equipo Tapahuecos ha intervenido 593.511 m2 de malla vial en Bogotá - Bogota.gov.co,https://news.google.com/rss/articles/CBMisgFBVV95cUxNQjhOcm1HWHVlXzBPa2tjeHdDWDc5Q3dzNU5ZR191VTdSM0hsZUlkRUN5WV95cGpfczNfaEdwX1JZZ3lDdm9KZjZDdGhZYjhSQmpDNW9wWFlDa21qcDAtOUdGZ2U3d200NW9EUlROVHRhVzVQNGlBSmJZVVZ3WDhXXzA2ZWhsMlgwSzEtajZnWjNHOGh4NWluN1pRSDhxV2thVGdCVHlvUll3Zk5kSG9CWW9n?oc=5,"Tue, 22 Jul 2025 17:07:00 GMT","<a href=""https://news.google.com/rss/articles/CBMisgFBVV95cUxNQjhOcm1HWHVlXzBPa2tjeHdDWDc5Q3dzNU5ZR191VTdSM0hsZUlkRUN5WV95cGpfczNfaEdwX1JZZ3lDdm9KZjZDdGhZYjhSQmpDNW9wWFlDa21qcDAtOUdGZ2U3d200NW9EUlROVHRhVzVQNGlBSmJZVVZ3WDhXXzA2ZWhsMlgwSzEtajZnWjNHOGh4NWluN1pRSDhxV2thVGdCVHlvUll3Zk5kSG9CWW9n?oc=5"" target=""_blank"">El Equipo Tapahuecos ha intervenido 593.511 m2 de malla vial en Bogotá</a>&nbsp;&nbsp;<font color=""#6f6f6f"">Bogota.gov.co</font>","""malla vial"" Bogotá",Google News RSS,2026-09-21T11:45:30-05:00
news_00215,"Avanza la recuperación de malla vial en la Carrera Séptima entre la 170 y 134, ¿cuándo terminarán las obras? - Revista Semana",https://news.google.com/rss/articles/CBMi8AFBVV95cUxOZTdDclh6UjNTSTliSC1Pdmd4MjlVaTZTVVJCV0w2bXgtWlpQcFgzOHBGdjQzOWdqZFQ0OUFBOHNRSXpkXzgxX01CbXJkRlV1cTJ3V2stc01TVlhKakJIYm9RYzhhTVlDM19nRnp6c19NaVhRVms2em9uaW16QjdrenBmVWlBT1VnbG5sZVpwR1lvSVc3QUVOSTM2UkQ1aVRLMTZEb0g4TWpMTldBV2h5Vk1ubmtFMHJqWF9rTmQ2b204Ym1TVkVEbUNoX2JjRDUzckhZc19yVVlSVnFoZ3FQYnZWbU5vN1dBLWZMV0M2d0bSAfYBQVVfeXFMT2xIRnp0ZGo1STFhaURPMmtqTUhBa2tzekdZenU0Zl80N2pHVldQQ1pISTVPdzR5MXVvaVYxZHQxeXZZS2RtZHZNZ2pyaWR3TUVrRUFXbnhobXNCaUVrMjczRlhKVV9TMTc1bV9hWEg3UVBjTG1yUVJFSy13dXphd3JIc29KenhrUFpuVW0zTWtBdFZza1JvS3hoVW1aWkhMbEVWdk16MVl5Wm1XWUVUYk1sa1FOWVdfRXVTUHBHel9jWDRJaE1raHotUkNXYXF0RHhPa2tUSDl3MHJNdS04RmlLQ0VOdHB6VmFVaG5XUVZUTHVIeFVR?oc=5,"Wed, 11 Feb 2026 08:00:00 GMT","<a href=""https://news.google.com/rss/articles/CBMi8AFBVV95cUxOZTdDclh6UjNTSTliSC1Pdmd4MjlVaTZTVVJCV0w2bXgtWlpQcFgzOHBGdjQzOWdqZFQ0OUFBOHNRSXpkXzgxX01CbXJkRlV1cTJ3V2stc01TVlhKakJIYm9RYzhhTVlDM19nRnp6c19NaVhRVms2em9uaW16QjdrenBmVWlBT1VnbG5sZVpwR1lvSVc3QUVOSTM2UkQ1aVRLMTZEb0g4TWpMTldBV2h5Vk1ubmtFMHJqWF9rTmQ2b204Ym1TVkVEbUNoX2JjRDUzckhZc19yVVlSVnFoZ3FQYnZWbU5vN1dBLWZMV0M2d0bSAfYBQVVfeXFMT2xIRnp0ZGo1STFhaURPMmtqTUhBa2tzekdZenU0Zl80N2pHVldQQ1pISTVPdzR5MXVvaVYxZHQxeXZZS2RtZHZNZ2pyaWR3TUVrRUFXbnhobXNCaUVrMjczRlhKVV9TMTc1bV9hWEg3UVBjTG1yUVJFSy13dXphd3JIc29KenhrUFpuVW0zTWtBdFZza1JvS3hoVW1aWkhMbEVWdk16MVl5Wm1XWUVUYk1sa1FOWVdfRXVTUHBHel9jWDRJaE1raHotUkNXYXF0RHhPa2tUSDl3MHJNdS04RmlLQ0VOdHB6VmFVaG5XUVZUTHVIeFVR?oc=5"" target=""_blank"">Avanza la recuperación de malla vial en la Carrera Séptima entre la 170 y 134, ¿cuándo terminarán las obras?</a>&nbsp;&nbsp;<font color=""#6f6f6f"">Revista Semana</font>","""malla vial"" Bogotá",Google News RSS,2026-09-21T11:45:30-05:00
news_00216,Bogotá interviene calles y malla vial en localidad de Engativá 2025 - Bogota.gov.co,https://news.google.com/rss/articles/CBMirgFBVV95cUxPMmtocWFmMkNYOS1VOVkydDEyYlFsRmo4LTgxRjFhV2FYa1ByRUIySHZBQVNOYmpkYUthY1dzWFFNZmE1enNsY0syOW03aTdqd203Ym9rc2t4RWdNT2ZtYk9RZmFFaklzYWZVZzNRR3hEU1ZaVW1sb0RESW05bzdzckhFOUtCdWl4SFF0UkZVMFdOY2hBVnRrMmRYSFM0aGlDcG9mRWZCZjdfNUNfUUE?oc=5,"Thu, 10 Jul 2025 20:50:11 GMT","<a href=""https://news.google.com/rss/articles/CBMirgFBVV95cUxPMmtocWFmMkNYOS1VOVkydDEyYlFsRmo4LTgxRjFhV2FYa1ByRUIySHZBQVNOYmpkYUthY1dzWFFNZmE1enNsY0syOW03aTdqd203Ym9rc2t4RWdNT2ZtYk9RZmFFaklzYWZVZzNRR3hEU1ZaVW1sb0RESW05bzdzckhFOUtCdWl4SFF0UkZVMFdOY2hBVnRrMmRYSFM0aGlDcG9mRWZCZjdfNUNfUUE?oc=5"" target=""_blank"">Bogotá interviene calles y malla vial en localidad de Engativá 2025</a>&nbsp;&nbsp;<font color=""#6f6f6f"">Bogota.gov.co</font>","""malla vial"" Bogotá",Google News RSS,2026-09-21T11:45:30-05:00
news_00217,Se reactivan obras de mejoramiento vial en la entrada a Suba por la calle 80 - Bogota.gov.co,https://news.google.com/rss/articles/CBMipwFBVV95cUxOTXN1RDZEempIZldSUWFiNHBZeWZtcER0UW1sV2JoQ3VPZXQ2SzZSQjYxUmtQQ3VrM1RyVE41NE9SQXRBNHRPOXdwdzgyYlVzSFlUcVlXZ29ZOEZJWjNUZ3RuRGFVaDVEb3BMU2pqbUFBZ0dRa0VYQ1o3aW5tb0pDZHAxSWM5MVBLQzJMTW5QNUtQMVJmWHNqeE9pMG5UalR2NmN4SmMxOA?oc=5,"Sun, 11 Jan 2026 15:38:30 GMT","<a href=""https://news.google.com/rss/articles/CBMipwFBVV95cUxOTXN1RDZEempIZldSUWFiNHBZeWZtcER0UW1sV2JoQ3VPZXQ2SzZSQjYxUmtQQ3VrM1RyVE41NE9SQXRBNHRPOXdwdzgyYlVzSFlUcVlXZ29ZOEZJWjNUZ3RuRGFVaDVEb3BMU2pqbUFBZ0dRa0VYQ1o3aW5tb0pDZHAxSWM5MVBLQzJMTW5QNUtQMVJmWHNqeE9pMG5UalR2NmN4SmMxOA?oc=5"" target=""_blank"">Se reactivan obras de mejoramiento vial en la entrada a Suba por la calle 80</a>&nbsp;&nbsp;<font color=""#6f6f6f"">Bogota.gov.co</font>","""malla vial"" Bogotá",Google News RSS,2026-09-21T11:45:30-05:00
news_00218,Bogotá enfrenta un déficit de $12 billones para recuperar su red vial - Portafolio.co,https://news.google.com/rss/articles/CBMiuwFBVV95cUxPWFMzN2hLMEJQLUpIN0lGeDk2bjRhdGFJSkxGSmhnMGVlUUdLNS1Da0tWdFhEaFVHYW9uZUZ4SVlwZVE3ZURVdUxuMXNFY0pXQ3owQ3Y2REdEUnRZcWFGc1MyY3h1RzhhNUFpT0JPaS1Gbm5ydWM1X2l3T0xWMTZ1M1g1TWd2YzNiN1ZDUjB4cXM3VXdvZGo1eGFUam1wR3R0V2hORUxqdE1ET05MU01SclNObkc5cXd1ajRJ0gHAAUFVX3lxTFBocF8wRTBMX1kxWDR6ZVh3VVN2TEFZU3gydUdzYTMzV1NNVUhEWWVVTUwxTmxQMG5PMjhEc1liajNmajl2UDJVSjl4bVVFMUtYakZGbTZXV3g1ck1mVy1GcTlyTTBZUjk2UWZ4MGx5S3FfR04xSDBYLUlxM2d0UUpGNWotMmhKNmVDOVJvektHR2ktTUhWalpiMy1ncXdodVNDQ212UWhHUjl6akZxX2d0YURNZjZCRzdVSVYwM285Rg?oc=5,"Mon, 03 Nov 2025 08:00:00 GMT","<a href=""https://news.google.com/rss/articles/CBMiuwFBVV95cUxPWFMzN2hLMEJQLUpIN0lGeDk2bjRhdGFJSkxGSmhnMGVlUUdLNS1Da0tWdFhEaFVHYW9uZUZ4SVlwZVE3ZURVdUxuMXNFY0pXQ3owQ3Y2REdEUnRZcWFGc1MyY3h1RzhhNUFpT0JPaS1Gbm5ydWM1X2l3T0xWMTZ1M1g1TWd2YzNiN1ZDUjB4cXM3VXdvZGo1eGFUam1wR3R0V2hORUxqdE1ET05MU01SclNObkc5cXd1ajRJ0gHAAUFVX3lxTFBocF8wRTBMX1kxWDR6ZVh3VVN2TEFZU3gydUdzYTMzV1NNVUhEWWVVTUwxTmxQMG5PMjhEc1liajNmajl2UDJVSjl4bVVFMUtYakZGbTZXV3g1ck1mVy1GcTlyTTBZUjk2UWZ4MGx5S3FfR04xSDBYLUlxM2d0UUpGNWotMmhKNmVDOVJvektHR2ktTUhWalpiMy1ncXdodVNDQ212UWhHUjl6akZxX2d0YURNZjZCRzdVSVYwM285Rg?oc=5"" target=""_blank"">Bogotá enfrenta un déficit de $12 billones para recuperar su red vial</a>&nbsp;&nbsp;<font color=""#6f6f6f"">Portafolio.co</font>","""malla vial"" Bogotá",Google News RSS,2026-09-21T11:45:30-05:00
news_00219,Equipo ‘Tapahuecos’ alcanza histórico registro en 2026; más de un millón de metros cuadrados intervenidos - Revista Semana,https://news.google.com/rss/articles/CBMi7AFBVV95cUxPYVN6MWRCaGJfU1VXcTJDS0xwUlBjNWxWNzNLakNFZ3JOVWxXSG1DaVdCSGoyVzZvVHA4NDV1QlBoYXJyZ1U3MHhXbXo0U09kbVUwdzZTX3lzd0RPMkdkQnNJNDRPVmlMZDlEbmkzdGxoaDVfYVlkVkQ0bWxTVm04NU9lTGotcXhyRFE4OGVDVjhsenlOZV8zOFM4aHJ3aUVtb0htbVdLeXp0U21oOENxdi11ZmN4b2FLb19uaVh3dzJpNEhUdEd4NlZJYmlDUGpyd3BBcDBpZ2RIbzE3WmFydl9qQUJQR2lrQlJNaNIB8gFBVV95cUxOdkFHYkJwc2xvVTh6YjBhbzZrSzlBbm9BUnhWY1RrZDU1cWxPSU9fQXFPWUZWNDI4Qlp0VGV0dTU3d1YzTDRnUTdfaDBEWHhlNUt1VVY1dFJ4NUtmRlk0WWxtWGlraVpKUnFGLUR4WUMyaTFCdGZhS3VDMERsYldmcGFBWjFpMnRhaHBGZ01PNktsRUVxTDBFdG5KV2huaW1ZTU9Ndl93azBGS2VSM1Y5ZkR0bnJXaW9ubk9HcUN4Y2RrV28xd0ZOMDZuN2xLT29NOFZuTTJFSGNwWDh4SlNKS3ZoRzJxNDRFSWdvRWUxRkhyQQ?oc=5,"Tue, 10 Mar 2026 07:00:00 GMT","<a href=""https://news.google.com/rss/articles/CBMi7AFBVV95cUxPYVN6MWRCaGJfU1VXcTJDS0xwUlBjNWxWNzNLakNFZ3JOVWxXSG1DaVdCSGoyVzZvVHA4NDV1QlBoYXJyZ1U3MHhXbXo0U09kbVUwdzZTX3lzd0RPMkdkQnNJNDRPVmlMZDlEbmkzdGxoaDVfYVlkVkQ0bWxTVm04NU9lTGotcXhyRFE4OGVDVjhsenlOZV8zOFM4aHJ3aUVtb0htbVdLeXp0U21oOENxdi11ZmN4b2FLb19uaVh3dzJpNEhUdEd4NlZJYmlDUGpyd3BBcDBpZ2RIbzE3WmFydl9qQUJQR2lrQlJNaNIB8gFBVV95cUxOdkFHYkJwc2xvVTh6YjBhbzZrSzlBbm9BUnhWY1RrZDU1cWxPSU9fQXFPWUZWNDI4Qlp0VGV0dTU3d1YzTDRnUTdfaDBEWHhlNUt1VVY1dFJ4NUtmRlk0WWxtWGlraVpKUnFGLUR4WUMyaTFCdGZhS3VDMERsYldmcGFBWjFpMnRhaHBGZ01PNktsRUVxTDBFdG5KV2huaW1ZTU9Ndl93azBGS2VSM1Y5ZkR0bnJXaW9ubk9HcUN4Y2RrV28xd0ZOMDZuN2xLT29NOFZuTTJFSGNwWDh4SlNKS3ZoRzJxNDRFSWdvRWUxRkhyQQ?oc=5"" target=""_blank"">Equipo ‘Tapahuecos’ alcanza histórico registro en 2026; más de un millón de metros cuadrados intervenidos</a>&nbsp;&nbsp;<font color=""#6f6f6f"">Revista Semana</font>","""malla vial"" Bogotá",Google News RSS,2026-09-21T11:45:30-05:00
news_00220,Mejoramiento de vías locales en Bogotá: construcción de calle 56F sur y espacio público en Bosa - Bogota.gov.co,https://news.google.com/rss/articles/CBMirgFBVV95cUxOUlBpNUVRX0ZZZXl6aUI4dWQtN2VJMVBXekFRMFVMNE9CNnI0Ym1fdVFjUFF3dUkzNktBYm5qMHlTS3FmUHBGVTBVWlpTeERZeFlTMkNGb3hRaFlpMmNTVmxYU3RtQ0NNNEpWOEpwS2IyWTItSndqak5ETWRhVWpzbW85VVhmYnotVVUxalF0OHVSLTNGZnExNzViSWxvWWhoWTljcy1zdjdvUkM3enc?oc=5,"Tue, 03 Feb 2026 13:07:31 GMT","<a href=""https://news.google.com/rss/articles/CBMirgFBVV95cUxOUlBpNUVRX0ZZZXl6aUI4dWQtN2VJMVBXekFRMFVMNE9CNnI0Ym1fdVFjUFF3dUkzNktBYm5qMHlTS3FmUHBGVTBVWlpTeERZeFlTMkNGb3hRaFlpMmNTVmxYU3RtQ0NNNEpWOEpwS2IyWTItSndqak5ETWRhVWpzbW85VVhmYnotVVUxalF0OHVSLTNGZnExNzViSWxvWWhoWTljcy1zdjdvUkM3enc?oc=5"" target=""_blank"">Mejoramiento de vías locales en Bogotá: construcción de calle 56F sur y espacio público en Bosa</a>&nbsp;&nbsp;<font color=""#6f6f6f"">Bogota.gov.co</font>","""malla vial"" Bogotá",Google News RSS,2026-09-21T11:45:30-05:00
news_00221,"En Puente Colorado de San Cristóbal, se renueva la malla vial con intervención de 123 m² - Bogota.gov.co",https://news.google.com/rss/articles/CBMiqwFBVV95cUxOUFFFMUtjVEdRVHVCemI3WkVod0RvZU9TX3c3cDZWb28zR1diSG11UG9xRWtHdnZpS1FiSDJoZk50cFB6VXAtZmQzQzFIWmxyNVdRaDdLMmptSmYtSk1oN3pRcl9kQ1dVSDZDSWd0VW1RdkhaUXVtTTRGRldhUHBHODdDLTFPWXFHNjNFMjM0LUYyRFE3czludk5SeC1fUnJoNWtacDNOc2ZrWUU?oc=5,"Fri, 12 Sep 2025 17:10:13 GMT","<a href=""https://news.google.com/rss/articles/CBMiqwFBVV95cUxOUFFFMUtjVEdRVHVCemI3WkVod0RvZU9TX3c3cDZWb28zR1diSG11UG9xRWtHdnZpS1FiSDJoZk50cFB6VXAtZmQzQzFIWmxyNVdRaDdLMmptSmYtSk1oN3pRcl9kQ1dVSDZDSWd0VW1RdkhaUXVtTTRGRldhUHBHODdDLTFPWXFHNjNFMjM0LUYyRFE3czludk5SeC1fUnJoNWtacDNOc2ZrWUU?oc=5"" target=""_blank"">En Puente Colorado de San Cristóbal, se renueva la malla vial con intervención de 123 m²</a>&nbsp;&nbsp;<font color=""#6f6f6f"">Bogota.gov.co</font>","""malla vial"" Bogotá",Google News RSS,2026-09-21T11:45:30-05:00
news_00222,IDU supera meta de intervención de malla vial en primeros #100DíasPorBogotá - Bogota.gov.co,https://news.google.com/rss/articles/CBMiqwFBVV95cUxNdzJtU01BSnhfRG54ZjdaYnJPcm4zMmVsVHk1TFJnc1RDbXVCVFdlUzNoQnhaRkJ6bXlhVVFfTEI0ZlU4bldVU0lob0NfeGtQY2lkVjNHT1Ntc3puemtUX25uUU9LQjlJZE5Pdml1VnV6LVZQOEZxa3h0VG1kazNkbmYtMDZMTUZLS3RvYWVhTVdDM21kN0NORkRjNHE1NHdLbEV3T29tLWFGZVk?oc=5,"Wed, 10 Apr 2024 21:55:22 GMT","<a href=""https://news.google.com/rss/articles/CBMiqwFBVV95cUxNdzJtU01BSnhfRG54ZjdaYnJPcm4zMmVsVHk1TFJnc1RDbXVCVFdlUzNoQnhaRkJ6bXlhVVFfTEI0ZlU4bldVU0lob0NfeGtQY2lkVjNHT1Ntc3puemtUX25uUU9LQjlJZE5Pdml1VnV6LVZQOEZxa3h0VG1kazNkbmYtMDZMTUZLS3RvYWVhTVdDM21kN0NORkRjNHE1NHdLbEV3T29tLWFGZVk?oc=5"" target=""_blank"">IDU supera meta de intervención de malla vial en primeros #100DíasPorBogotá</a>&nbsp;&nbsp;<font color=""#6f6f6f"">Bogota.gov.co</font>","""malla vial"" Bogotá",Google News RSS,2026-09-21T11:45:30-05:00
news_00223,El mal estado de la malla vial de la ciudad afecta nuestra calidad de vida. - Concejo de Bogotá,https://news.google.com/rss/articles/CBMi0AFBVV95cUxOaW9uMl91WXhNT3RFejg1cFF3RXAyVXdSLU1EZTFFdW9IaWQ0YW8zcEd5OVhGRVhyM3VOcDM2aEJfektJWHBXUTNRaWgtbXRnRFR4V2FDTXFNNlFQX0xYMUE0djZ6Qi1PbFE4X3BVVzQ3U3BlaUF0bFlNR3F5VDZYdDRlWXlxYlozSUZvV0JxdlBjaDByTjM5OHpYUW9Bd0JhUkJCRzNiSVJWdjRWR3ptekRBQXZHVVVLdVFwTUtGUDQ5NEpoTWhNeTlKd0JoX2Zp?oc=5,"Wed, 23 Jun 2021 03:11:46 GMT","<a href=""https://news.google.com/rss/articles/CBMi0AFBVV95cUxOaW9uMl91WXhNT3RFejg1cFF3RXAyVXdSLU1EZTFFdW9IaWQ0YW8zcEd5OVhGRVhyM3VOcDM2aEJfektJWHBXUTNRaWgtbXRnRFR4V2FDTXFNNlFQX0xYMUE0djZ6Qi1PbFE4X3BVVzQ3U3BlaUF0bFlNR3F5VDZYdDRlWXlxYlozSUZvV0JxdlBjaDByTjM5OHpYUW9Bd0JhUkJCRzNiSVJWdjRWR3ptekRBQXZHVVVLdVFwTUtGUDQ5NEpoTWhNeTlKd0JoX2Zp?oc=5"" target=""_blank"">El mal estado de la malla vial de la ciudad afecta nuestra calidad de vida.</a>&nbsp;&nbsp;<font color=""#6f6f6f"">Concejo de Bogotá</font>","""malla vial"" Bogotá",Google News RSS,2026-09-21T11:45:30-05:00
news_00224,Alerta en Bogotá por millonarias irregularidades en estas obras viales - Valora Analitik,https://news.google.com/rss/articles/CBMinAFBVV95cUxOSVlBWWVBbTdRQVFJaW9EaWE3Y3Zma19zRmhEaVkyVmRPcnl6VE1jeGRtSHhBbjNnVDQyZFlVeENNalU4VDU3M0FubmdVc19ySjJCTUtBVGVBbXZfdU42bG10QlczZ3VES1JlZ2FMc0EtYUNUeW90UFFnRTBmLWVCRG9qOWtoSTF1TjdVVnctdVRQS0VQR2ZJNElCSzfSAaIBQVVfeXFMTkY1REVYR1RtWU1PRnF6eFZDOVczck0zaHdSbnV1OXU4SFNaRDJIYmNLZEhCVExtekVvV01VQjdRcmpoWmxqZV9PVVN0OEJMN2VQa1pBWFRGNXdReVEzTTJDVnkxMndxRzdhaTRUVlRKR2RlblRFTnpNbmF2d2VYalZFd1J1amJnTXhlU2lXNElSSTFzSHdhT2hvVHh0OEctU0dR?oc=5,"Thu, 26 Mar 2026 07:00:00 GMT","<a href=""https://news.google.com/rss/articles/CBMinAFBVV95cUxOSVlBWWVBbTdRQVFJaW9EaWE3Y3Zma19zRmhEaVkyVmRPcnl6VE1jeGRtSHhBbjNnVDQyZFlVeENNalU4VDU3M0FubmdVc19ySjJCTUtBVGVBbXZfdU42bG10QlczZ3VES1JlZ2FMc0EtYUNUeW90UFFnRTBmLWVCRG9qOWtoSTF1TjdVVnctdVRQS0VQR2ZJNElCSzfSAaIBQVVfeXFMTkY1REVYR1RtWU1PRnF6eFZDOVczck0zaHdSbnV1OXU4SFNaRDJIYmNLZEhCVExtekVvV01VQjdRcmpoWmxqZV9PVVN0OEJMN2VQa1pBWFRGNXdReVEzTTJDVnkxMndxRzdhaTRUVlRKR2RlblRFTnpNbmF2d2VYalZFd1J1amJnTXhlU2lXNElSSTFzSHdhT2hvVHh0OEctU0dR?oc=5"" target=""_blank"">Alerta en Bogotá por millonarias irregularidades en estas obras viales</a>&nbsp;&nbsp;<font color=""#6f6f6f"">Valora Analitik</font>","""malla vial"" Bogotá",Google News RSS,2026-09-21T11:45:30-05:00
news_00225,Chapinero continúa fortaleciendo la malla vial con $7.000 millones - Bogota.gov.co,https://news.google.com/rss/articles/CBMirwFBVV95cUxOWDdzcF83YkVGbElZZnUwcFFOV1NBOXNpbkthS3JNMHVqejBtaUNyVERsdFR6SFZpNk9yNUN1Z3ZDVGVFcFAtNF9WVFBNQVRMclhCb29VLVdYck9zSnZkLXpFMTNLOHpOVzZrOWdoeGxEaGhGd0NJZUx3dEtvWWtFekZWSUpXdnY1THpKSnEtbHdRUEhNQmVpYktIMENDcm9PbEhrQ1VPaUs5bl9wYTAw?oc=5,"Wed, 16 Jul 2025 02:15:47 GMT","<a href=""https://news.google.com/rss/articles/CBMirwFBVV95cUxOWDdzcF83YkVGbElZZnUwcFFOV1NBOXNpbkthS3JNMHVqejBtaUNyVERsdFR6SFZpNk9yNUN1Z3ZDVGVFcFAtNF9WVFBNQVRMclhCb29VLVdYck9zSnZkLXpFMTNLOHpOVzZrOWdoeGxEaGhGd0NJZUx3dEtvWWtFekZWSUpXdnY1THpKSnEtbHdRUEhNQmVpYktIMENDcm9PbEhrQ1VPaUs5bl9wYTAw?oc=5"" target=""_blank"">Chapinero continúa fortaleciendo la malla vial con $7.000 millones</a>&nbsp;&nbsp;<font color=""#6f6f6f"">Bogota.gov.co</font>","""malla vial"" Bogotá",Google News RSS,2026-09-21T11:45:30-05:00
news_00226,El contrato de la malla vial en Bogotá y su relación con los mismos contratistas de los cementerios - Concejo de Bogotá,https://news.google.com/rss/articles/CBMixwFBVV95cUxNb21jM3lhQzNlczNVUnNDdVpXYVczci1lSF9QUl9XbWVESDVVNFRYaGxSaEZuZ1c5QXlIVy1rbTRmME8tR3dQS1NJcW9nZW5jNGJ1THRZQ2lqWFdhdTJ5eHRXalpycFZpcUJfWTgxaWxrZDBYV1piQXRZdjBqbnRHT1QtVl9CZkNGYXgzY0puWVJLNjFwdDZvUG9laERhS0puSFZVS1N3dzFWejQwUEdldXdJX1FwV2xxME1vSTZLb1dxcC15RVF3?oc=5,"Mon, 11 Dec 2023 08:00:00 GMT","<a href=""https://news.google.com/rss/articles/CBMixwFBVV95cUxNb21jM3lhQzNlczNVUnNDdVpXYVczci1lSF9QUl9XbWVESDVVNFRYaGxSaEZuZ1c5QXlIVy1rbTRmME8tR3dQS1NJcW9nZW5jNGJ1THRZQ2lqWFdhdTJ5eHRXalpycFZpcUJfWTgxaWxrZDBYV1piQXRZdjBqbnRHT1QtVl9CZkNGYXgzY0puWVJLNjFwdDZvUG9laERhS0puSFZVS1N3dzFWejQwUEdldXdJX1FwV2xxME1vSTZLb1dxcC15RVF3?oc=5"" target=""_blank"">El contrato de la malla vial en Bogotá y su relación con los mismos contratistas de los cementerios</a>&nbsp;&nbsp;<font color=""#6f6f6f"">Concejo de Bogotá</font>","""malla vial"" Bogotá",Google News RSS,2026-09-21T11:45:30-05:00
news_00227,Cerca de 11.000 personas trabajan esta semana en obras que se realizan en Bogotá - Bogota.gov.co,https://news.google.com/rss/articles/CBMisAFBVV95cUxPWGFkQWlDS0FCVkJMYWU4c2ZwYXI4aXFWaHNwUGZnOTJYMmh4Wm5nZHlpVy13YTZEaVJiQWpzb0NxU3FRU2pPTnFjWTB3S2dNa0VYYVlack5rWUZ5X0tna2kyS2hBalBpd25ZaFNKVUszdEtFSEVQeVJmVWNodFJYZVJnZlEwZG9JdXZOcnhiWFUxQmRNLXBBeGc0bWxsLVlsV0JtRmlpdjJ4bk5YQkEyaA?oc=5,"Tue, 25 Oct 2022 21:36:41 GMT","<a href=""https://news.google.com/rss/articles/CBMisAFBVV95cUxPWGFkQWlDS0FCVkJMYWU4c2ZwYXI4aXFWaHNwUGZnOTJYMmh4Wm5nZHlpVy13YTZEaVJiQWpzb0NxU3FRU2pPTnFjWTB3S2dNa0VYYVlack5rWUZ5X0tna2kyS2hBalBpd25ZaFNKVUszdEtFSEVQeVJmVWNodFJYZVJnZlEwZG9JdXZOcnhiWFUxQmRNLXBBeGc0bWxsLVlsV0JtRmlpdjJ4bk5YQkEyaA?oc=5"" target=""_blank"">Cerca de 11.000 personas trabajan esta semana en obras que se realizan en Bogotá</a>&nbsp;&nbsp;<font color=""#6f6f6f"">Bogota.gov.co</font>","""malla vial"" Bogotá",Google News RSS,2026-09-21T11:45:30-05:00
news_00228,"'Reparar la malla vial de Bogotá costaría $10,5 billones, serían cuatro alcaldías': IDU - Portafolio.co",https://news.google.com/rss/articles/CBMi1wFBVV95cUxNcmJ4N3NOajExdk1QQmdrTlhRS1Y5cXliZzdzY0pWblFWY3RKbWZkbXpmclEtc09kdE9Fa3cwR1JfU09yaVFiZnJtZ2ZESTBXblN4OWJCbEIyMmFSU25qVVFOMDdSX0RnbndseEJPb2FGQmZHc1dpUEx1ZDg2SC05WmIwbW1jQmxwcHdEQVExSFZhMDNGSGxjRHp5Tmt6UmVlMkJ1QzFRQTV1MzZTOTdRRDNHanhMUkVOcWg0YUNlX2xJZFMwYzV2OVpoSHA5R29nQmkxM2dUUdIB3AFBVV95cUxPaWdTUVhDTFdQQmhzTGRxVWhwUjg4VWVTdE5fZ2dPYUVXUEZXMnlTTTVjMlNXLTFLYTA0ZXlzb0lWV0dONWNzc0dZYWF5TUFCWXd1a0w1MGQwaEVpVmVtdHZpVFRPYTRua2xJQXdVc2VKNmxkcllwS3JQaHJYRVZxeGRUWlRBZHVCcUZOY0N6OTNURjZTejVWWmNmZU1oNmZWeFVmLW1aeTc1bjgwS1VjNDRPQUFJWTlqUlRuaFBNTjlKNG1ZZnFpaE1qaVJSVENQczkwR2xoeDJqWTF5?oc=5,"Tue, 20 May 2025 07:00:00 GMT","<a href=""https://news.google.com/rss/articles/CBMi1wFBVV95cUxNcmJ4N3NOajExdk1QQmdrTlhRS1Y5cXliZzdzY0pWblFWY3RKbWZkbXpmclEtc09kdE9Fa3cwR1JfU09yaVFiZnJtZ2ZESTBXblN4OWJCbEIyMmFSU25qVVFOMDdSX0RnbndseEJPb2FGQmZHc1dpUEx1ZDg2SC05WmIwbW1jQmxwcHdEQVExSFZhMDNGSGxjRHp5Tmt6UmVlMkJ1QzFRQTV1MzZTOTdRRDNHanhMUkVOcWg0YUNlX2xJZFMwYzV2OVpoSHA5R29nQmkxM2dUUdIB3AFBVV95cUxPaWdTUVhDTFdQQmhzTGRxVWhwUjg4VWVTdE5fZ2dPYUVXUEZXMnlTTTVjMlNXLTFLYTA0ZXlzb0lWV0dONWNzc0dZYWF5TUFCWXd1a0w1MGQwaEVpVmVtdHZpVFRPYTRua2xJQXdVc2VKNmxkcllwS3JQaHJYRVZxeGRUWlRBZHVCcUZOY0N6OTNURjZTejVWWmNmZU1oNmZWeFVmLW1aeTc1bjgwS1VjNDRPQUFJWTlqUlRuaFBNTjlKNG1ZZnFpaE1qaVJSVENQczkwR2xoeDJqWTF5?oc=5"" target=""_blank"">'Reparar la malla vial de Bogotá costaría $10,5 billones, serían cuatro alcaldías': IDU</a>&nbsp;&nbsp;<font color=""#6f6f6f"">Portafolio.co</font>","""malla vial"" Bogotá",Google News RSS,2026-09-21T11:45:30-05:00
news_00229,Equipo Tapahuecos cumple seis meses de intervención de malla vial de la ciudad - Bogota.gov.co,https://news.google.com/rss/articles/CBMisAFBVV95cUxNWUJhVGpSMjlKMDR6OGNHejZMT3ZiWkpDLWhpaFcyQlNKMWp6ODQ5UUFGbUhOb2xwdWZUU3RTVmRsX2tVZ2Q1bU1XVTREbUtLZHM0dTRnWVJSTjdxbHRxUGt1cWV1d2V3dGt6LU96dXVzc2cyVl9yYVpTZHdBVnVVTTdjOEJOcURGUTVHcmFsN2EwOVRFNGhxdWNqb0o2MXozUGtJNDlRQ3RUcjRKX01MdA?oc=5,"Sat, 19 Apr 2025 07:00:00 GMT","<a href=""https://news.google.com/rss/articles/CBMisAFBVV95cUxNWUJhVGpSMjlKMDR6OGNHejZMT3ZiWkpDLWhpaFcyQlNKMWp6ODQ5UUFGbUhOb2xwdWZUU3RTVmRsX2tVZ2Q1bU1XVTREbUtLZHM0dTRnWVJSTjdxbHRxUGt1cWV1d2V3dGt6LU96dXVzc2cyVl9yYVpTZHdBVnVVTTdjOEJOcURGUTVHcmFsN2EwOVRFNGhxdWNqb0o2MXozUGtJNDlRQ3RUcjRKX01MdA?oc=5"" target=""_blank"">Equipo Tapahuecos cumple seis meses de intervención de malla vial de la ciudad</a>&nbsp;&nbsp;<font color=""#6f6f6f"">Bogota.gov.co</font>","""malla vial"" Bogotá",Google News RSS,2026-09-21T11:45:30-05:00
news_00230,Así avanza el mejoramiento de vías en Bosa San Bernardino - Bogota.gov.co,https://news.google.com/rss/articles/CBMikwFBVV95cUxPM2xwZXhYZ21SLU1xVmR0WUp3Nl8tZmljZkdza2pLcXpUSktMUkZlbHR2cmgtS2VwYW5GblI3NzNMZzkzaEhYNUl3NV9TRlN6S3hpYnI3d1dMTmVlRWx5NW1aRFVuVnpJd2dfRnhGYXdlbVVLSER0VzB3V2VxOW11RXdsRWNiMzV4Qnk4S0NtVFNucTg?oc=5,"Fri, 12 Dec 2025 13:02:09 GMT","<a href=""https://news.google.com/rss/articles/CBMikwFBVV95cUxPM2xwZXhYZ21SLU1xVmR0WUp3Nl8tZmljZkdza2pLcXpUSktMUkZlbHR2cmgtS2VwYW5GblI3NzNMZzkzaEhYNUl3NV9TRlN6S3hpYnI3d1dMTmVlRWx5NW1aRFVuVnpJd2dfRnhGYXdlbVVLSER0VzB3V2VxOW11RXdsRWNiMzV4Qnk4S0NtVFNucTg?oc=5"" target=""_blank"">Así avanza el mejoramiento de vías en Bosa San Bernardino</a>&nbsp;&nbsp;<font color=""#6f6f6f"">Bogota.gov.co</font>","""malla vial"" Bogotá",Google News RSS,2026-09-21T11:45:30-05:00
news_00231,2.816 personas en 166 frentes de obra trabajan en mantenimiento de la malla vial - Bogota.gov.co,https://news.google.com/rss/articles/CBMirgFBVV95cUxNLUJab3M5dzZ2SnpDTzhyVmZFQzZGa0o3SVk0MjI0b1dNTzlRTklmWW1NemVRVUxhMnJ0NXcwVmpGWXhXQWxkdGprYThReHExa0Y0MEgtSW8waFZqVmVRV0JPdUo2eW1BSW5mMkpRRTVMOVczV1VVUlZZZm1HRGllOFBybEx6N041SkQtQ2FlZUJtWWZZWFBDWWxEN3NIWkVvSllUU19aUGpCTWQtd1E?oc=5,"Fri, 03 Mar 2023 20:10:19 GMT","<a href=""https://news.google.com/rss/articles/CBMirgFBVV95cUxNLUJab3M5dzZ2SnpDTzhyVmZFQzZGa0o3SVk0MjI0b1dNTzlRTklmWW1NemVRVUxhMnJ0NXcwVmpGWXhXQWxkdGprYThReHExa0Y0MEgtSW8waFZqVmVRV0JPdUo2eW1BSW5mMkpRRTVMOVczV1VVUlZZZm1HRGllOFBybEx6N041SkQtQ2FlZUJtWWZZWFBDWWxEN3NIWkVvSllUU19aUGpCTWQtd1E?oc=5"" target=""_blank"">2.816 personas en 166 frentes de obra trabajan en mantenimiento de la malla vial</a>&nbsp;&nbsp;<font color=""#6f6f6f"">Bogota.gov.co</font>","""malla vial"" Bogotá",Google News RSS,2026-09-21T11:45:30-05:00
news_00232,"Cicloalameda, mejoramiento de vías y más intervenciones del IDU en Los Mártires - Bogota.gov.co",https://news.google.com/rss/articles/CBMiqwFBVV95cUxOdWh2Z2RVaU1NNW5UdU03QjBPTC05X1dVX0JSZTliUExxdTlmT0RLRWFjRTdmQmp2eUpBV1IzV25wLW41TUppQzdBM05UWEtua1hlZnlSVHFvVWxVc2NtNmRsTDVFbkxkUm1pN0k1djlVeXE1SkFmWmxSZG1CcVdfeVZCWW5OUUVfdmYzZFRFWDh1Y2JvalRWSkt3QXZZQlZxRG1NclJ3ekRoZmc?oc=5,"Thu, 01 Sep 2022 15:50:39 GMT","<a href=""https://news.google.com/rss/articles/CBMiqwFBVV95cUxOdWh2Z2RVaU1NNW5UdU03QjBPTC05X1dVX0JSZTliUExxdTlmT0RLRWFjRTdmQmp2eUpBV1IzV25wLW41TUppQzdBM05UWEtua1hlZnlSVHFvVWxVc2NtNmRsTDVFbkxkUm1pN0k1djlVeXE1SkFmWmxSZG1CcVdfeVZCWW5OUUVfdmYzZFRFWDh1Y2JvalRWSkt3QXZZQlZxRG1NclJ3ekRoZmc?oc=5"" target=""_blank"">Cicloalameda, mejoramiento de vías y más intervenciones del IDU en Los Mártires</a>&nbsp;&nbsp;<font color=""#6f6f6f"">Bogota.gov.co</font>","""malla vial"" Bogotá",Google News RSS,2026-09-21T11:45:30-05:00
news_00233,Así avanza la UMV en el inicio del año 2025 - Bogota.gov.co,https://news.google.com/rss/articles/CBMiqwFBVV95cUxQRm5JNzdjUllpdENHUXVELWlab1V2RlplakY1b1VnV2R0OUVfLUlycnZDTjRZbm5WbDVYS0J1THJiQWNyTnlIVk41aXlaU3o5UnRlQlZKdVcwUXZ2Z29MbDFBZC1IUFpLT3dpLVJrNHEzTUR1Y0k3NjhNRWx0bmVwMktZU2VZMGJ2WjZoeGFFNFNNR3NfMU5vclUzdmZETkNFU0VIWU05SFEyVEE?oc=5,"Sat, 22 Feb 2025 13:06:00 GMT","<a href=""https://news.google.com/rss/articles/CBMiqwFBVV95cUxQRm5JNzdjUllpdENHUXVELWlab1V2RlplakY1b1VnV2R0OUVfLUlycnZDTjRZbm5WbDVYS0J1THJiQWNyTnlIVk41aXlaU3o5UnRlQlZKdVcwUXZ2Z29MbDFBZC1IUFpLT3dpLVJrNHEzTUR1Y0k3NjhNRWx0bmVwMktZU2VZMGJ2WjZoeGFFNFNNR3NfMU5vclUzdmZETkNFU0VIWU05SFEyVEE?oc=5"" target=""_blank"">Así avanza la UMV en el inicio del año 2025</a>&nbsp;&nbsp;<font color=""#6f6f6f"">Bogota.gov.co</font>","""malla vial"" Bogotá",Google News RSS,2026-09-21T11:45:30-05:00
news_00234,Unidad de Mantenimiento Vial inició trabajos de reparación en vía de Las Cruces - Bogota.gov.co,https://news.google.com/rss/articles/CBMiqAFBVV95cUxPQkQya2Zmc2toM19VTXp3dTI1NEpzTDBYYVBTeE5CNGh1b09iSmJJYUl1WU9SekxVaWtwUWNDRURZV2dsMmJaTkVfUDhhWmVNY1lkMjdHZjd2d0RKQXBzbTVVSkpFZkVVUTlNZ1FsLUlKa1o1c0tEZGlXdUc3VXA5NU02WEgwYVJRX2Z2Tk1UeE9ZZVBCUTBCWGFfOWNSekZoNHpuVEJXMV8?oc=5,"Wed, 03 Sep 2025 21:50:10 GMT","<a href=""https://news.google.com/rss/articles/CBMiqAFBVV95cUxPQkQya2Zmc2toM19VTXp3dTI1NEpzTDBYYVBTeE5CNGh1b09iSmJJYUl1WU9SekxVaWtwUWNDRURZV2dsMmJaTkVfUDhhWmVNY1lkMjdHZjd2d0RKQXBzbTVVSkpFZkVVUTlNZ1FsLUlKa1o1c0tEZGlXdUc3VXA5NU02WEgwYVJRX2Z2Tk1UeE9ZZVBCUTBCWGFfOWNSekZoNHpuVEJXMV8?oc=5"" target=""_blank"">Unidad de Mantenimiento Vial inició trabajos de reparación en vía de Las Cruces</a>&nbsp;&nbsp;<font color=""#6f6f6f"">Bogota.gov.co</font>","""malla vial"" Bogotá",Google News RSS,2026-09-21T11:45:30-05:00
news_00235,Bogotá: denuncian deterioro de vías en El Recodo por tránsito de volquetas - El Nuevo Siglo,https://news.google.com/rss/articles/CBMisgFBVV95cUxQekN2M2t4OHMwYnFuSHpQNFZPQ29UQU85M29WYjRPcDNXRGNyZDk0cGNDS2JJVm1NemFOVlBrRTFxZnI2UnA3VlE5dlNGUldiM3k0STFlYzVTTTM1cXd5ZEh6OTVrWkVsM3lLYkpDVFZ5T2Jrd0VuMTlFSFZFeDJtNFBzWnFib2o2TWlLWmFjb29LNnpSMDRtRGYtZzdpLXpKU0E5dlRPWk02RnBTWl9ZcTl3?oc=5,"Wed, 16 Sep 2026 22:49:03 GMT","<a href=""https://news.google.com/rss/articles/CBMisgFBVV95cUxQekN2M2t4OHMwYnFuSHpQNFZPQ29UQU85M29WYjRPcDNXRGNyZDk0cGNDS2JJVm1NemFOVlBrRTFxZnI2UnA3VlE5dlNGUldiM3k0STFlYzVTTTM1cXd5ZEh6OTVrWkVsM3lLYkpDVFZ5T2Jrd0VuMTlFSFZFeDJtNFBzWnFib2o2TWlLWmFjb29LNnpSMDRtRGYtZzdpLXpKU0E5dlRPWk02RnBTWl9ZcTl3?oc=5"" target=""_blank"">Bogotá: denuncian deterioro de vías en El Recodo por tránsito de volquetas</a>&nbsp;&nbsp;<font color=""#6f6f6f"">El Nuevo Siglo</font>","""deterioro vial"" Bogotá",Google News RSS,2026-09-21T11:45:31-05:00
news_00236,Esta es la impresionante cifra de vías y ciclovías reparadas y conservadas en Bogotá desde 2024 - Revista Semana,https://news.google.com/rss/articles/CBMi4wFBVV95cUxPYXNjQlVwcWhQNkdKbGJYRUlRX09sTTlZR29DYVNZUlExZFo1bU1HckZEVEVjSElJOUJHMzJLT3d0dHNYTGlJb21oNnd1ZVlwRlc1NDBIMC1zQUc0cG1Kc25udUhkcTRxNzl2Q0xpR2FNblROeXg5ckZVTi1HdnhtUXVCTG9pdUU0bUV1V3plRHJTN2JCbzZVNWpsN1JrMFJEWWlYcHFNaWNESHRqZzdzUDc4dEpSTXFSWUZ2U1dnRXh1OWE2eFFfU3E5czByUFp0SVlWVmstRmtGN2t5c1BfMUpJd9IB6AFBVV95cUxPOE1ZLXgwVmdLbzhQaF9WZ0tkSHVwMVY5b0g0OXBrUVl2NVNaeWs0elRPVC1JSXJiT2Q2WDVEaHNjQkVJRk5hRlVlRHNNT29VVGRjYTVDWl9aSkRMaFlKNDBETDFzWlBZeTdlbFJZWWxXZTFtblVna1hRTEtHZjlDVkticzMxNWthWFpXQkNYbWRBQWVLVEtjbTZsLTdhOUJ5SkJMZzhrYnNOVl8zTW45bUhVWlFRTnRvNVRLMVJtdHozTVg3aWpTSGFxX005NGNWQnZTZnJLQXJubkFDQUZYWEp3Qk50YTlB?oc=5,"Fri, 15 May 2026 07:00:00 GMT","<a href=""https://news.google.com/rss/articles/CBMi4wFBVV95cUxPYXNjQlVwcWhQNkdKbGJYRUlRX09sTTlZR29DYVNZUlExZFo1bU1HckZEVEVjSElJOUJHMzJLT3d0dHNYTGlJb21oNnd1ZVlwRlc1NDBIMC1zQUc0cG1Kc25udUhkcTRxNzl2Q0xpR2FNblROeXg5ckZVTi1HdnhtUXVCTG9pdUU0bUV1V3plRHJTN2JCbzZVNWpsN1JrMFJEWWlYcHFNaWNESHRqZzdzUDc4dEpSTXFSWUZ2U1dnRXh1OWE2eFFfU3E5czByUFp0SVlWVmstRmtGN2t5c1BfMUpJd9IB6AFBVV95cUxPOE1ZLXgwVmdLbzhQaF9WZ0tkSHVwMVY5b0g0OXBrUVl2NVNaeWs0elRPVC1JSXJiT2Q2WDVEaHNjQkVJRk5hRlVlRHNNT29VVGRjYTVDWl9aSkRMaFlKNDBETDFzWlBZeTdlbFJZWWxXZTFtblVna1hRTEtHZjlDVkticzMxNWthWFpXQkNYbWRBQWVLVEtjbTZsLTdhOUJ5SkJMZzhrYnNOVl8zTW45bUhVWlFRTnRvNVRLMVJtdHozTVg3aWpTSGFxX005NGNWQnZTZnJLQXJubkFDQUZYWEp3Qk50YTlB?oc=5"" target=""_blank"">Esta es la impresionante cifra de vías y ciclovías reparadas y conservadas en Bogotá desde 2024</a>&nbsp;&nbsp;<font color=""#6f6f6f"">Revista Semana</font>","""deterioro vial"" Bogotá",Google News RSS,2026-09-21T11:45:31-05:00
news_00237,Denuncian grave deterioro vial en Ciudadela Colsubsidio - City Tv,https://news.google.com/rss/articles/CBMiwAFBVV95cUxNMTZoQmJjdlNKZklyOGNyT2oxVHpVbFRyaXFJV0Fzc2VtNXJYYnRfYjE5cHdUQ0xWcVFHQ2tDelh6OS1mZ1ZNdG4zc2FzeWpMX3lNUjVtQzc2U3Z3d1VOTXNzYnFfeGEwX0U0WWE4UFUycEZYaHFDbnQtSXFHRVZ0S1FaM2NIN3RwNnMzcDNoYm40clR6bDF1Sm5pQkE2QkxDcElnUXNNNXlIV0JqWkQ5bnZYSkhoWU5zSE9qX3RRQ2g?oc=5,"Sat, 18 Jul 2026 07:00:00 GMT","<a href=""https://news.google.com/rss/articles/CBMiwAFBVV95cUxNMTZoQmJjdlNKZklyOGNyT2oxVHpVbFRyaXFJV0Fzc2VtNXJYYnRfYjE5cHdUQ0xWcVFHQ2tDelh6OS1mZ1ZNdG4zc2FzeWpMX3lNUjVtQzc2U3Z3d1VOTXNzYnFfeGEwX0U0WWE4UFUycEZYaHFDbnQtSXFHRVZ0S1FaM2NIN3RwNnMzcDNoYm40clR6bDF1Sm5pQkE2QkxDcElnUXNNNXlIV0JqWkQ5bnZYSkhoWU5zSE9qX3RRQ2g?oc=5"" target=""_blank"">Denuncian grave deterioro vial en Ciudadela Colsubsidio</a>&nbsp;&nbsp;<font color=""#6f6f6f"">City Tv</font>","""deterioro vial"" Bogotá",Google News RSS,2026-09-21T11:45:31-05:00
news_00238,Habitantes de Garcés Navas denuncian deterioro vial y constantes accidentes por huecos - City Tv,https://news.google.com/rss/articles/CBMi6gFBVV95cUxOcmNhQlpkbkhtX1lUekdtbVlMWDVHQldKaExwN2lZem10a2NzZE1rM3llTHo0MzRVNFVQcmI0Mng3dnBCTVNER0xScklkZ2ZfVVFqaGZhQjdKSkZrR1JoVVhDYUxoUGlVRUNTZjRMLXVJZ05fZ2tRSUF6YTlUNVNsckdoNFh2MXpUQW15ZkxzeURaMzJJcGdkd1llWmJNZWdMR0RyOFN0SnVmc2xUeU9xM2FHTU9mV2RTWkU5M2JxUGJCUlhiOWVKTEZ4dUtJb2JnREZKX3NyV0RIZkZxazBfb3pPUzAxb0tCT1E?oc=5,"Thu, 23 Jul 2026 07:00:00 GMT","<a href=""https://news.google.com/rss/articles/CBMi6gFBVV95cUxOcmNhQlpkbkhtX1lUekdtbVlMWDVHQldKaExwN2lZem10a2NzZE1rM3llTHo0MzRVNFVQcmI0Mng3dnBCTVNER0xScklkZ2ZfVVFqaGZhQjdKSkZrR1JoVVhDYUxoUGlVRUNTZjRMLXVJZ05fZ2tRSUF6YTlUNVNsckdoNFh2MXpUQW15ZkxzeURaMzJJcGdkd1llWmJNZWdMR0RyOFN0SnVmc2xUeU9xM2FHTU9mV2RTWkU5M2JxUGJCUlhiOWVKTEZ4dUtJb2JnREZKX3NyV0RIZkZxazBfb3pPUzAxb0tCT1E?oc=5"" target=""_blank"">Habitantes de Garcés Navas denuncian deterioro vial y constantes accidentes por huecos</a>&nbsp;&nbsp;<font color=""#6f6f6f"">City Tv</font>","""deterioro vial"" Bogotá",Google News RSS,2026-09-21T11:45:31-05:00
news_00239,Subachoque busca restringir paso de tractomulas y carga pesada por vías alternas para frenar deterioro vial y riesgos de seguridad - El Tiempo,https://news.google.com/rss/articles/CBMi_wFBVV95cUxOQnZfekRyUHdEMnJZZ0FlSFI2N2RGN2tNSGhPdE5BR1czNWJOSkdvNWwxT2FpT1dXMlg3VDdfMTluMEVUVVlqR0VZYUt0Si00bWpYZmFtTVdjT1dueGVnV0NMMkVxVWJnOFNrR1VkV2dWczNuMW5CS2ZNRGFncmlJQjB3Ry1BdWpUMmNidUsxUkRPNjlndE11VjlWZVdtV1pqYUdvVXRMZlE1bGZvSjE2bWRuRlZyWkRPVU1uNTZBdk5OUi1SMnVXd0p3WVRoNHYzS1NYclJBbDVhcnRETVdmZmRibFdXZkNoTjJxa0ljd3N5ZGJXWHBzOEdaU0ZaX0HSAYQCQVVfeXFMUGtwREhCc3dBWTYxdDhRMnZEMHllT1ByTXJBT1dTOVA4ckhTQzc2SGlDM3FET3kwREdQQ3FzYU1ZMXlkcV9mSEVLMk1FV2xZa1Q1UHFXTnNJbEtwZkoyczFMN1dnVDUtQW1JX0dDWjJOU1JSemYtYzVoQkRBU2JSNDI4d09rT3Z1QmIwcVIxczhyb0NOVENvRnJkOE5hNXJiakYyUVI5VC05YUJuZ244b3JsaVM3UGZpcDRaVDgtU1VCcUdBRFdmRWhXZkhraVlZWjEyRUxwVk5BSTBOYzVmd00wQjBqWXNfQk44QjZIamJJYW5sdTVEZm5WeVMzeVR5dU5md3I?oc=5,"Fri, 10 Apr 2026 07:00:00 GMT","<a href=""https://news.google.com/rss/articles/CBMi_wFBVV95cUxOQnZfekRyUHdEMnJZZ0FlSFI2N2RGN2tNSGhPdE5BR1czNWJOSkdvNWwxT2FpT1dXMlg3VDdfMTluMEVUVVlqR0VZYUt0Si00bWpYZmFtTVdjT1dueGVnV0NMMkVxVWJnOFNrR1VkV2dWczNuMW5CS2ZNRGFncmlJQjB3Ry1BdWpUMmNidUsxUkRPNjlndE11VjlWZVdtV1pqYUdvVXRMZlE1bGZvSjE2bWRuRlZyWkRPVU1uNTZBdk5OUi1SMnVXd0p3WVRoNHYzS1NYclJBbDVhcnRETVdmZmRibFdXZkNoTjJxa0ljd3N5ZGJXWHBzOEdaU0ZaX0HSAYQCQVVfeXFMUGtwREhCc3dBWTYxdDhRMnZEMHllT1ByTXJBT1dTOVA4ckhTQzc2SGlDM3FET3kwREdQQ3FzYU1ZMXlkcV9mSEVLMk1FV2xZa1Q1UHFXTnNJbEtwZkoyczFMN1dnVDUtQW1JX0dDWjJOU1JSemYtYzVoQkRBU2JSNDI4d09rT3Z1QmIwcVIxczhyb0NOVENvRnJkOE5hNXJiakYyUVI5VC05YUJuZ244b3JsaVM3UGZpcDRaVDgtU1VCcUdBRFdmRWhXZkhraVlZWjEyRUxwVk5BSTBOYzVmd00wQjBqWXNfQk44QjZIamJJYW5sdTVEZm5WeVMzeVR5dU5md3I?oc=5"" target=""_blank"">Subachoque busca restringir paso de tractomulas y carga pesada por vías alternas para frenar deterioro vial y riesgos de seguridad</a>&nbsp;&nbsp;<font color=""#6f6f6f"">El Tiempo</font>","""deterioro vial"" Bogotá",Google News RSS,2026-09-21T11:45:31-05:00
news_00240,Cómo el tráfico de Bogotá afecta la suspensión y frenos de los vehículos de alta gama - La FM,https://news.google.com/rss/articles/CBMiwwFBVV95cUxOLWZLMnpKaTRXUjd3T2Q0b2JobzRQSGpZU3VJN2RCaXVHTnlEelFSMWdfSjYtVkpROV90czBhN2RXOEM1eDNYcWlaYWVmdHJLU2phREVoWmJXUjR1MjdVWWFQYUZCRlJsbWowWXZOVTdCVGItaUF2VmRYZDloNU84c1NPTzB6cUtZLTBNZVhUbnMyWV93eU5sNnRISWRfMWRVTUpITGRJcGg1aHV4LWtNTllnZTgzc1lxYm9JM2ZVMW9XUG_SAcMBQVVfeXFMTzZmOUJfM0xSZmxtODhzMDNJSF9rRW5sYjJFX0ZvRVI3NjIyN3hhQUFsb05KaHl0a1RYdWM0VEhSVlhRQkwtcUlHTGFqTTBMa2dBSHh2NWhPY3J0MVFRdHFvQy1abVJUeldhejJ2dUVzaV9ObHc3aE13bHdwX1hlY01aOXk0MnQ4eUhqU2hOTS1Md2dMNDFkY1l1Wk1NQjk5bGVSMWtybURyUW00c04xbUxoVHRpUnp1YU15R1R4dHd3U3Q4?oc=5,"Wed, 13 May 2026 07:00:00 GMT","<a href=""https://news.google.com/rss/articles/CBMiwwFBVV95cUxOLWZLMnpKaTRXUjd3T2Q0b2JobzRQSGpZU3VJN2RCaXVHTnlEelFSMWdfSjYtVkpROV90czBhN2RXOEM1eDNYcWlaYWVmdHJLU2phREVoWmJXUjR1MjdVWWFQYUZCRlJsbWowWXZOVTdCVGItaUF2VmRYZDloNU84c1NPTzB6cUtZLTBNZVhUbnMyWV93eU5sNnRISWRfMWRVTUpITGRJcGg1aHV4LWtNTllnZTgzc1lxYm9JM2ZVMW9XUG_SAcMBQVVfeXFMTzZmOUJfM0xSZmxtODhzMDNJSF9rRW5sYjJFX0ZvRVI3NjIyN3hhQUFsb05KaHl0a1RYdWM0VEhSVlhRQkwtcUlHTGFqTTBMa2dBSHh2NWhPY3J0MVFRdHFvQy1abVJUeldhejJ2dUVzaV9ObHc3aE13bHdwX1hlY01aOXk0MnQ4eUhqU2hOTS1Md2dMNDFkY1l1Wk1NQjk5bGVSMWtybURyUW00c04xbUxoVHRpUnp1YU15R1R4dHd3U3Q4?oc=5"" target=""_blank"">Cómo el tráfico de Bogotá afecta la suspensión y frenos de los vehículos de alta gama</a>&nbsp;&nbsp;<font color=""#6f6f6f"">La FM</font>","""deterioro vial"" Bogotá",Google News RSS,2026-09-21T11:45:31-05:00
news_00241,Caos en la vía Bucaramanga - Bogotá por protestas contra el mal estado de la malla vial - bucaramanga.alerta.com.co,https://news.google.com/rss/articles/CBMingFBVV95cUxNcjlhZ2RLZjREZFpLOWRVdllISld6Smh5SmtLWWVtdmVhaGw2VjdvM0RwelQ4ZlptV1Fzei12amtuXzhfVUJoZ3JQcXdINTZodzJSZ3pUZ3pGR0dFQ1JhUXdDV3dxbDdQTVd5U3hxZVV1UGlacUQ1WV9XMXJXTFVJSzBVWm42MWdBVVp2QVB4ZGxHbkx0M2dGTXZpYVRyZ9IBogFBVV95cUxPUU9IZGxjbTllRV9YVHVoM2VrS3V2S0VoY3hnazZuVGpmOVZPWE9fa3JvVm1KZFZMNGNpVGltd2RrUU8zc25VYjBvMWo1RU9mMlhrTWthNzFRMG9RRndZYkJvTkRyZS1pY3lhVFJxamJnaVoxTk5iU3d2NURkTEpLR0k1d0xUcmtzOXdIbjZzdnJORVhLWWlocHZiekkyd3NjM1E?oc=5,"Fri, 30 Jan 2026 08:00:00 GMT","<a href=""https://news.google.com/rss/articles/CBMingFBVV95cUxNcjlhZ2RLZjREZFpLOWRVdllISld6Smh5SmtLWWVtdmVhaGw2VjdvM0RwelQ4ZlptV1Fzei12amtuXzhfVUJoZ3JQcXdINTZodzJSZ3pUZ3pGR0dFQ1JhUXdDV3dxbDdQTVd5U3hxZVV1UGlacUQ1WV9XMXJXTFVJSzBVWm42MWdBVVp2QVB4ZGxHbkx0M2dGTXZpYVRyZ9IBogFBVV95cUxPUU9IZGxjbTllRV9YVHVoM2VrS3V2S0VoY3hnazZuVGpmOVZPWE9fa3JvVm1KZFZMNGNpVGltd2RrUU8zc25VYjBvMWo1RU9mMlhrTWthNzFRMG9RRndZYkJvTkRyZS1pY3lhVFJxamJnaVoxTk5iU3d2NURkTEpLR0k1d0xUcmtzOXdIbjZzdnJORVhLWWlocHZiekkyd3NjM1E?oc=5"" target=""_blank"">Caos en la vía Bucaramanga - Bogotá por protestas contra el mal estado de la malla vial</a>&nbsp;&nbsp;<font color=""#6f6f6f"">bucaramanga.alerta.com.co</font>","""deterioro vial"" Bogotá",Google News RSS,2026-09-21T11:45:31-05:00
news_00242,Gobernador de Santander pidió la intervención urgente de Invías y de la UNGR en las carrteras de Santander - El Frente,https://news.google.com/rss/articles/CBMiywFBVV95cUxPTTlZejRhX0Q4eDdJZXJEbURFcVJXVEhYNTdfbHpwVklrY2pnNU9nd0ZKdVZWeUpyZ2Zfc0l3cmNwNXM1NFB1dUpaQU5TcV9mQWs5M2QwMWNuU282am5SM2p6SFdoQ0FxSFF2TzBMQ3pvenhfQVczZlJqNmJxTkhUdUhxYTBmNG5BRWxPcEJwOE5WOW8zdWlfWWkwMnZNUDh6SW5kWFkxak1LTGtzYzBSNk44dGl3cVdlZVVoMGlpSXhKa2k1LXpMR0REQQ?oc=5,"Thu, 23 Jul 2026 07:00:00 GMT","<a href=""https://news.google.com/rss/articles/CBMiywFBVV95cUxPTTlZejRhX0Q4eDdJZXJEbURFcVJXVEhYNTdfbHpwVklrY2pnNU9nd0ZKdVZWeUpyZ2Zfc0l3cmNwNXM1NFB1dUpaQU5TcV9mQWs5M2QwMWNuU282am5SM2p6SFdoQ0FxSFF2TzBMQ3pvenhfQVczZlJqNmJxTkhUdUhxYTBmNG5BRWxPcEJwOE5WOW8zdWlfWWkwMnZNUDh6SW5kWFkxak1LTGtzYzBSNk44dGl3cVdlZVVoMGlpSXhKa2k1LXpMR0REQQ?oc=5"" target=""_blank"">Gobernador de Santander pidió la intervención urgente de Invías y de la UNGR en las carrteras de Santander</a>&nbsp;&nbsp;<font color=""#6f6f6f"">El Frente</font>","""deterioro vial"" Bogotá",Google News RSS,2026-09-21T11:45:31-05:00
news_00243,Gremios piden al gobierno intervención urgente en vías Bucaramanga–Bogotá y Troncal del Carare - metropolitano.com.co,https://news.google.com/rss/articles/CBMiqwFBVV95cUxPR193TGo0dU9Yb0JtTnJWb3V4MXhSOFNfS0pENU9Bc3d2TldUcmFnWHVfTEVjN2U2ZmoybFVtT2VTWmhKOThIRHpaV041eFJ1bnVQWkNFelQwUmsxY2NrLS1ubHNBTnBPOXBiV3lDcndsMFBNRDdETHl4MmNmQnBEaWd3Y09SYS1pU1BwX2hZS0Y3RVBGbnMyZXFaRVZIdWU1S0h4ZTBjZjVqUkE?oc=5,"Sun, 02 Nov 2025 07:00:00 GMT","<a href=""https://news.google.com/rss/articles/CBMiqwFBVV95cUxPR193TGo0dU9Yb0JtTnJWb3V4MXhSOFNfS0pENU9Bc3d2TldUcmFnWHVfTEVjN2U2ZmoybFVtT2VTWmhKOThIRHpaV041eFJ1bnVQWkNFelQwUmsxY2NrLS1ubHNBTnBPOXBiV3lDcndsMFBNRDdETHl4MmNmQnBEaWd3Y09SYS1pU1BwX2hZS0Y3RVBGbnMyZXFaRVZIdWU1S0h4ZTBjZjVqUkE?oc=5"" target=""_blank"">Gremios piden al gobierno intervención urgente en vías Bucaramanga–Bogotá y Troncal del Carare</a>&nbsp;&nbsp;<font color=""#6f6f6f"">metropolitano.com.co</font>","""deterioro vial"" Bogotá",Google News RSS,2026-09-21T11:45:31-05:00
news_00244,Reactivan obras y peajes en la vía Medellín–Bogotá tras acuerdo con comunidades - Caracol Radio,https://news.google.com/rss/articles/CBMiswFBVV95cUxOdjJ1Z21jdVRnOVpDUUY1d1JWcjJEcjZoRWg5UkpHTGxSN3NkaWtLX3l0WUpTMUx4RUpERzQwdWdaSHVVaWQwMTJTRVo1ZEt4WE9ua0VGWmlfWm5iV2x0bzJxQkNsVFVrY1lhTUxDSHktRjdiRHIyMzJEblU5UkVwejZqUDlmeklLTkg0djd6dmVnNy0zUVFLSTY3VUZ5ZFVub0JhME53RmRCZGdkRVZXNG9wUdIBxwFBVV95cUxQX2xzQmxCbmVMRVhhS0cybjc4emJjSDJveVo0MXNrWVRxdGpqSGxDNXBCMHlJb2ZGeEF6OWtPLVVOUEplcmZpaUFzSDRfNXpCMHpnS3Q1ZEEtU1BYSW5OSXI4d2lueFlRZmJOdEhGQ2lKTGkzZ0ZIU0Z6ejFyblpMTWdhdFpJMVFwalg4NzlLMkpyMlpyUHpfdDVTcWdKbWFwaGlCNU5sZHp1bFgwV2VYNVh1ZDJaWWxZX3JFUk5CZVBRMTRwQzY0?oc=5,"Thu, 18 Sep 2025 07:00:00 GMT","<a href=""https://news.google.com/rss/articles/CBMiswFBVV95cUxOdjJ1Z21jdVRnOVpDUUY1d1JWcjJEcjZoRWg5UkpHTGxSN3NkaWtLX3l0WUpTMUx4RUpERzQwdWdaSHVVaWQwMTJTRVo1ZEt4WE9ua0VGWmlfWm5iV2x0bzJxQkNsVFVrY1lhTUxDSHktRjdiRHIyMzJEblU5UkVwejZqUDlmeklLTkg0djd6dmVnNy0zUVFLSTY3VUZ5ZFVub0JhME53RmRCZGdkRVZXNG9wUdIBxwFBVV95cUxQX2xzQmxCbmVMRVhhS0cybjc4emJjSDJveVo0MXNrWVRxdGpqSGxDNXBCMHlJb2ZGeEF6OWtPLVVOUEplcmZpaUFzSDRfNXpCMHpnS3Q1ZEEtU1BYSW5OSXI4d2lueFlRZmJOdEhGQ2lKTGkzZ0ZIU0Z6ejFyblpMTWdhdFpJMVFwalg4NzlLMkpyMlpyUHpfdDVTcWdKbWFwaGlCNU5sZHp1bFgwV2VYNVh1ZDJaWWxZX3JFUk5CZVBRMTRwQzY0?oc=5"" target=""_blank"">Reactivan obras y peajes en la vía Medellín–Bogotá tras acuerdo con comunidades</a>&nbsp;&nbsp;<font color=""#6f6f6f"">Caracol Radio</font>","""deterioro vial"" Bogotá",Google News RSS,2026-09-21T11:45:31-05:00
news_00245,Peajes “gratis” en autopista Medellín-Bogotá: protesta ciudadana impide cobros por mal estado de la vía - Infobae,https://news.google.com/rss/articles/CBMi3gFBVV95cUxQN3JDYXBmQlUzMm0wUFA4S2psVHhVel9HOWN1SVJBVFNacVJHcDJRQUozNDFVNy1DblYtdmxVMWhxdTF6NVhwMi1uYWVPVmNRUVA2MjhTS295b2ZkWVg0bWF1cW1jcWJ4akdrS2pHQkE4Q3ZEcDRfUzBqcndXMnlLcGU1RmJ2QVQ5VmZ5TTlTMmxUUlNFdXFCY0g3MU5YTzdOd01YR1JTcmRpS3VtNVM1U3Vid0o1TVpEUzZIZC1ZLTRvb2t1NlkwUk1ibmtROTZ3cjk4UXFuOHlQejNzX0HSAfgBQVVfeXFMUHVhWEg1emdqeWpxb0pKY3RvQXdWV1R6R0JoMWV3WnkwWThjRTk2S1FLMjRlMGQ3c2Q4MHotNDRreURLR21LUlBPRVdVaWhHeUVTNVFXaDI5RGZkWUlfQ05pVWpuOWF1LVI5VVNyRXdheHZHaHpKRVBOc0M4dlNoVFRkUm5HQ3hDMGduNWxVVFc1RjVHRmItUkc0Wm5WQm93MFprZzZYOUFaX2NPa3RUdlJYeTdTYndlakZnS0RGckVaT19nbkpWc1hRSXVoT213bXZuWjd6NEM1aG9SZ1g0bURfZTRhaWg5ZzY4UDNlemJqU0I4R2tfd28?oc=5,"Tue, 31 Mar 2026 07:00:00 GMT","<a href=""https://news.google.com/rss/articles/CBMi3gFBVV95cUxQN3JDYXBmQlUzMm0wUFA4S2psVHhVel9HOWN1SVJBVFNacVJHcDJRQUozNDFVNy1DblYtdmxVMWhxdTF6NVhwMi1uYWVPVmNRUVA2MjhTS295b2ZkWVg0bWF1cW1jcWJ4akdrS2pHQkE4Q3ZEcDRfUzBqcndXMnlLcGU1RmJ2QVQ5VmZ5TTlTMmxUUlNFdXFCY0g3MU5YTzdOd01YR1JTcmRpS3VtNVM1U3Vid0o1TVpEUzZIZC1ZLTRvb2t1NlkwUk1ibmtROTZ3cjk4UXFuOHlQejNzX0HSAfgBQVVfeXFMUHVhWEg1emdqeWpxb0pKY3RvQXdWV1R6R0JoMWV3WnkwWThjRTk2S1FLMjRlMGQ3c2Q4MHotNDRreURLR21LUlBPRVdVaWhHeUVTNVFXaDI5RGZkWUlfQ05pVWpuOWF1LVI5VVNyRXdheHZHaHpKRVBOc0M4dlNoVFRkUm5HQ3hDMGduNWxVVFc1RjVHRmItUkc0Wm5WQm93MFprZzZYOUFaX2NPa3RUdlJYeTdTYndlakZnS0RGckVaT19nbkpWc1hRSXVoT213bXZuWjd6NEM1aG9SZ1g0bURfZTRhaWg5ZzY4UDNlemJqU0I4R2tfd28?oc=5"" target=""_blank"">Peajes “gratis” en autopista Medellín-Bogotá: protesta ciudadana impide cobros por mal estado de la vía</a>&nbsp;&nbsp;<font color=""#6f6f6f"">Infobae</font>","""deterioro vial"" Bogotá",Google News RSS,2026-09-21T11:45:31-05:00
news_00246,Invías asume las vías de Devimed: estos son los cambios para conductores y peajes - La FM,https://news.google.com/rss/articles/CBMifkFVX3lxTE5TTTFHZUExbUxEb0Q5VVFBMmRWalVRY2xpZDNKWmJqV2h6dzNmMDluM1E5VE9yQmhMbF9QQ2dPbzY2aU1uRFFNV0RNczhDcEpiVnNHTWZTT01meVNENjdsT1JqMUxGV1hTVGtWV1BFUUk2UC1tRjZXY0g0MkZQQdIBfkFVX3lxTE1fZGtLMTRTRXJqNExpb0FpcUhYWlU2UW1SdVpRSHlTMHpiM3pyVGxDelN6bUxfcW0zUk9PdnNFa19ZYWlpZzlNY0czUEJJRk1QOUdMcGtjeWZadU9BcG16bTBhenJrYzIwMmdTeUhyUUZGMHBpOEtzYVpibkI0Zw?oc=5,"Sat, 01 Aug 2026 07:00:00 GMT","<a href=""https://news.google.com/rss/articles/CBMifkFVX3lxTE5TTTFHZUExbUxEb0Q5VVFBMmRWalVRY2xpZDNKWmJqV2h6dzNmMDluM1E5VE9yQmhMbF9QQ2dPbzY2aU1uRFFNV0RNczhDcEpiVnNHTWZTT01meVNENjdsT1JqMUxGV1hTVGtWV1BFUUk2UC1tRjZXY0g0MkZQQdIBfkFVX3lxTE1fZGtLMTRTRXJqNExpb0FpcUhYWlU2UW1SdVpRSHlTMHpiM3pyVGxDelN6bUxfcW0zUk9PdnNFa19ZYWlpZzlNY0czUEJJRk1QOUdMcGtjeWZadU9BcG16bTBhenJrYzIwMmdTeUhyUUZGMHBpOEtzYVpibkI0Zw?oc=5"" target=""_blank"">Invías asume las vías de Devimed: estos son los cambios para conductores y peajes</a>&nbsp;&nbsp;<font color=""#6f6f6f"">La FM</font>","""deterioro vial"" Bogotá",Google News RSS,2026-09-21T11:45:31-05:00
news_00247,18 razones por las que conductores convocan masiva movilización en Bogotá el próximo 16 de septiembre - Infobae,https://news.google.com/rss/articles/CBMi3wFBVV95cUxPejh3NTRYVndYWFVyeE1naDRUTTdQczNreWtiVVVBWW9Vc1BxZGxWZG1UZ21FQVdMOWp1MEJqalEtUUZDZnVwMEJYOGZlQ0dyNkFVcjBSYzdJR2RXbkl2MWRYSEhkR0Q0dzRnaTNhVkJxZ25ZQ3hFeHYycnlBaHJUM2ZocTVVdEFHSHNhcjdzUmZsU2JidFpleW1PRC1ka3cyMlk4NlpORGtlYWh4NzBBb0ZFLU1yQkkxci00TkRoYTI5ajJLaUxoajdfZk1vZGxhZ3pibkJoQUFOTHlsdnRz0gH6AUFVX3lxTFB4MW9hQlhvQ050VGhxOGJwX2RDM3FkeGFtaHQ3RjN3NDBZMzZmcF9iU3dKblNSNkxfV3BHWEpPZlBtQmRTVGlZc2FiTTBsYjBDN0Y4QU9NTGx6ajNJbDc5eWpVZ1pYam4wd014OWNfM2hiSjNmNkh3eEwydDNEZEg3TGpjQmtNSUl5OWViVEFhNUdVMGROYXNncEVnZzQ0QkVuYWJiNzJIOGNTZ00yd0lYcTQtdEM2TEowNlRQR0RWZTlZUWthZkhQZGRNRElQVmdrZlM3YmpKRXh5Q2VJeDRvMFBWSDFybHJQblhCZVVaMlEwTXkxbGg1cUE?oc=5,"Mon, 15 Sep 2025 07:00:00 GMT","<a href=""https://news.google.com/rss/articles/CBMi3wFBVV95cUxPejh3NTRYVndYWFVyeE1naDRUTTdQczNreWtiVVVBWW9Vc1BxZGxWZG1UZ21FQVdMOWp1MEJqalEtUUZDZnVwMEJYOGZlQ0dyNkFVcjBSYzdJR2RXbkl2MWRYSEhkR0Q0dzRnaTNhVkJxZ25ZQ3hFeHYycnlBaHJUM2ZocTVVdEFHSHNhcjdzUmZsU2JidFpleW1PRC1ka3cyMlk4NlpORGtlYWh4NzBBb0ZFLU1yQkkxci00TkRoYTI5ajJLaUxoajdfZk1vZGxhZ3pibkJoQUFOTHlsdnRz0gH6AUFVX3lxTFB4MW9hQlhvQ050VGhxOGJwX2RDM3FkeGFtaHQ3RjN3NDBZMzZmcF9iU3dKblNSNkxfV3BHWEpPZlBtQmRTVGlZc2FiTTBsYjBDN0Y4QU9NTGx6ajNJbDc5eWpVZ1pYam4wd014OWNfM2hiSjNmNkh3eEwydDNEZEg3TGpjQmtNSUl5OWViVEFhNUdVMGROYXNncEVnZzQ0QkVuYWJiNzJIOGNTZ00yd0lYcTQtdEM2TEowNlRQR0RWZTlZUWthZkhQZGRNRElQVmdrZlM3YmpKRXh5Q2VJeDRvMFBWSDFybHJQblhCZVVaMlEwTXkxbGg1cUE?oc=5"" target=""_blank"">18 razones por las que conductores convocan masiva movilización en Bogotá el próximo 16 de septiembre</a>&nbsp;&nbsp;<font color=""#6f6f6f"">Infobae</font>","""deterioro vial"" Bogotá",Google News RSS,2026-09-21T11:45:31-05:00
news_00248,Contraloría alerta por obra vial en Bogotá que permanece inconclusa - Diario del Cauca,https://news.google.com/rss/articles/CBMinwFBVV95cUxQd2xfWmVtM2dMeUdBNW9kM1Y2cTF3eTRzc0NubnQ4ajJmRHRYR2l2dFA3UUZBNmM1SXBvT2Z6djRCMGhVak01VVhmMTI3YURWbF8za2Z1ODRheDRpUUdZbld2dmJvTjRaQ210WldCR2FBN3BnR1NIOF9ibG1FdDlFTHFqUkh5SWJMMjg1S2J4Z3NtLXVFQ1hQN3JTRGxRYWc?oc=5,"Fri, 04 Sep 2026 22:57:00 GMT","<a href=""https://news.google.com/rss/articles/CBMinwFBVV95cUxQd2xfWmVtM2dMeUdBNW9kM1Y2cTF3eTRzc0NubnQ4ajJmRHRYR2l2dFA3UUZBNmM1SXBvT2Z6djRCMGhVak01VVhmMTI3YURWbF8za2Z1ODRheDRpUUdZbld2dmJvTjRaQ210WldCR2FBN3BnR1NIOF9ibG1FdDlFTHFqUkh5SWJMMjg1S2J4Z3NtLXVFQ1hQN3JTRGxRYWc?oc=5"" target=""_blank"">Contraloría alerta por obra vial en Bogotá que permanece inconclusa</a>&nbsp;&nbsp;<font color=""#6f6f6f"">Diario del Cauca</font>","""deterioro vial"" Bogotá",Google News RSS,2026-09-21T11:45:31-05:00
news_00249,Choque múltiple de cuatro vehículos colapsó la calle 80 en Bogotá - City Tv,https://news.google.com/rss/articles/CBMizgFBVV95cUxPTk9PN29BMVZlMHlPTGlVZjhfYkZNdnlZMGR1eHR1N01QNGgta1pGajFqVUk3WXc5MndreUZRRjFpQ1oyblZfUnktaXlIRmpTaHVJUEk5WlhQUGVTSGQyX2JPaVFHcTZyVG01V2hWVzROSUpHeDlYQk5QZDJNRUZ1Z1ZSd0tOaE42UE11TE1sZmdHb2dnWGhmRDNlTmlfZFBuVUtJNW5vMFd2Q0YwVU8xcHZvVnlQSmpOakRidUhtYldNeEpRRnBaa2ZKRTZBUQ?oc=5,"Fri, 12 Dec 2025 08:00:00 GMT","<a href=""https://news.google.com/rss/articles/CBMizgFBVV95cUxPTk9PN29BMVZlMHlPTGlVZjhfYkZNdnlZMGR1eHR1N01QNGgta1pGajFqVUk3WXc5MndreUZRRjFpQ1oyblZfUnktaXlIRmpTaHVJUEk5WlhQUGVTSGQyX2JPaVFHcTZyVG01V2hWVzROSUpHeDlYQk5QZDJNRUZ1Z1ZSd0tOaE42UE11TE1sZmdHb2dnWGhmRDNlTmlfZFBuVUtJNW5vMFd2Q0YwVU8xcHZvVnlQSmpOakRidUhtYldNeEpRRnBaa2ZKRTZBUQ?oc=5"" target=""_blank"">Choque múltiple de cuatro vehículos colapsó la calle 80 en Bogotá</a>&nbsp;&nbsp;<font color=""#6f6f6f"">City Tv</font>","""deterioro vial"" Bogotá",Google News RSS,2026-09-21T11:45:31-05:00
news_00250,"Paro de conductores en Bogotá: manifestantes no solo bloquearán la movilidad en la ciudad, también anunciaron un ‘pitatón’ - Infobae",https://news.google.com/rss/articles/CBMi9gFBVV95cUxQT2dqQXNFeG01WFhua2FGUFo2U3NuaFI1b3A1aGlYaldMU3hSdFVUU0MtZ1RaWEZHX2gzTjBvN3o0dGJWbUVqdmRyNDhVSzJXbFozRnk4ZzR5RlBhS0dJMFNJVThYYnJXcEFKUDlRSGZrVGVnd0R5SWZ0OVBUVExQNFA0czJOWmVVVXlRRWhCVi1Vb19lRUpjcEJfS19iakg5ZU8teVBEaDVNRUltU19tNFpyUU54RkZQUmVCWVZPN0l5SUM3ZXZDV2hieU9nLXdzdUsteVRhaG5tVmxrbWFITDV1Ql9BRUp3M3g1X2NCWTlkbThWaGfSAZACQVVfeXFMTW5WNWxiUUZvV2pfdjZuNnMyWE9XNlFqQ2Y0VUpIQkFBS25JOUk0U01rNjd6dTJZT09GcUZrXzJGWXZpbGFXRUZiRzhkTGlxX2dBVnJXY3NJS2I5Skp0U2g1cEFRUFJQMU5vNU5MZDBsajJkR0IxdHd5cHdHWW5ESnpESDNUZ3J1SDcycEN4blR0TW01ZjA2WFk0dGo5YTY0dWZVT3ZYV2pZYnZFcXlySEFieVFVSlhzY0xtaklNeFJVeHpGYVl1OExKMndXamxXMjRoNThYTkVaa3o1TjVQSTVON0lUMnBEU29hMThGaFZhN3dMc3BfUjNhTUZxWGtkVHdzNTNGR2dQY0VXbXhlaDQ?oc=5,"Tue, 16 Sep 2025 07:00:00 GMT","<a href=""https://news.google.com/rss/articles/CBMi9gFBVV95cUxQT2dqQXNFeG01WFhua2FGUFo2U3NuaFI1b3A1aGlYaldMU3hSdFVUU0MtZ1RaWEZHX2gzTjBvN3o0dGJWbUVqdmRyNDhVSzJXbFozRnk4ZzR5RlBhS0dJMFNJVThYYnJXcEFKUDlRSGZrVGVnd0R5SWZ0OVBUVExQNFA0czJOWmVVVXlRRWhCVi1Vb19lRUpjcEJfS19iakg5ZU8teVBEaDVNRUltU19tNFpyUU54RkZQUmVCWVZPN0l5SUM3ZXZDV2hieU9nLXdzdUsteVRhaG5tVmxrbWFITDV1Ql9BRUp3M3g1X2NCWTlkbThWaGfSAZACQVVfeXFMTW5WNWxiUUZvV2pfdjZuNnMyWE9XNlFqQ2Y0VUpIQkFBS25JOUk0U01rNjd6dTJZT09GcUZrXzJGWXZpbGFXRUZiRzhkTGlxX2dBVnJXY3NJS2I5Skp0U2g1cEFRUFJQMU5vNU5MZDBsajJkR0IxdHd5cHdHWW5ESnpESDNUZ3J1SDcycEN4blR0TW01ZjA2WFk0dGo5YTY0dWZVT3ZYV2pZYnZFcXlySEFieVFVSlhzY0xtaklNeFJVeHpGYVl1OExKMndXamxXMjRoNThYTkVaa3o1TjVQSTVON0lUMnBEU29hMThGaFZhN3dMc3BfUjNhTUZxWGtkVHdzNTNGR2dQY0VXbXhlaDQ?oc=5"" target=""_blank"">Paro de conductores en Bogotá: manifestantes no solo bloquearán la movilidad en la ciudad, también anunciaron un ‘pitatón’</a>&nbsp;&nbsp;<font color=""#6f6f6f"">Infobae</font>","""deterioro vial"" Bogotá",Google News RSS,2026-09-21T11:45:31-05:00
news_00251,Acuerdo con comunidades de La Calera para levantar bloqueos y restablecer la movilidad - City Tv,https://news.google.com/rss/articles/CBMi5wFBVV95cUxQWWt2aUxhdWVIUDRRRFBFTEhKcmJ6VmMyclh2elg3blVnblhQYW9GblRyVDdCdmVGWmc4LVZqaU1PeXNQYlJ5ejJuU3BCYXBoaElNb2FPZmFOWmVYdHZ5NFlIMzZvTVFPNTB5S09Ic2ZPbTFta3pKbHBrZjcwSDMxNlExTmc5c2sxT2FEdE45OVFuVDVZaTlIZFNsVThZOFU0Z2FTWDZzQmNJek9icGxRNVVUbHYwZ1RRY2RFRm5pbndjTjdxN19kRVlaeTJnOVNfa1lvYWxHa0hlVklsN01kbnR2RVAtaVXSAe8BQVVfeXFMT085TVJoRjJHT0tjZEJvczBNYkVpdkNQbEpMbXZRVGFmVjIydm9jOHQzRThMNkJqNzVWa2t3RDZBdXRpZU5KemxHa1ZYQjMyVDJiNWVlRHJwS2twZ1RRb24xbzdqeFZvSWdDakEyOWdzczZFMWc2WnQ5QnVqakhqRnIxTUNzaWEwQkUtazgwNWswTXV1QmkzTS1KTHFVMnJrbl9EVVNYQ19iTjNIa1Z4NGp1QVNvNEVGbXd0ZGREOHMwVjFtNnhyUW9zYVRMaEZ5TlNaV29xRGM3OHU4VFBNTVdXQ1ZOUDBkRFdHMEFaSWc?oc=5,"Mon, 04 Aug 2025 07:00:00 GMT","<a href=""https://news.google.com/rss/articles/CBMi5wFBVV95cUxQWWt2aUxhdWVIUDRRRFBFTEhKcmJ6VmMyclh2elg3blVnblhQYW9GblRyVDdCdmVGWmc4LVZqaU1PeXNQYlJ5ejJuU3BCYXBoaElNb2FPZmFOWmVYdHZ5NFlIMzZvTVFPNTB5S09Ic2ZPbTFta3pKbHBrZjcwSDMxNlExTmc5c2sxT2FEdE45OVFuVDVZaTlIZFNsVThZOFU0Z2FTWDZzQmNJek9icGxRNVVUbHYwZ1RRY2RFRm5pbndjTjdxN19kRVlaeTJnOVNfa1lvYWxHa0hlVklsN01kbnR2RVAtaVXSAe8BQVVfeXFMT085TVJoRjJHT0tjZEJvczBNYkVpdkNQbEpMbXZRVGFmVjIydm9jOHQzRThMNkJqNzVWa2t3RDZBdXRpZU5KemxHa1ZYQjMyVDJiNWVlRHJwS2twZ1RRb24xbzdqeFZvSWdDakEyOWdzczZFMWc2WnQ5QnVqakhqRnIxTUNzaWEwQkUtazgwNWswTXV1QmkzTS1KTHFVMnJrbl9EVVNYQ19iTjNIa1Z4NGp1QVNvNEVGbXd0ZGREOHMwVjFtNnhyUW9zYVRMaEZ5TlNaV29xRGM3OHU4VFBNTVdXQ1ZOUDBkRFdHMEFaSWc?oc=5"" target=""_blank"">Acuerdo con comunidades de La Calera para levantar bloqueos y restablecer la movilidad</a>&nbsp;&nbsp;<font color=""#6f6f6f"">City Tv</font>","""deterioro vial"" Bogotá",Google News RSS,2026-09-21T11:45:31-05:00
news_00252,En Santa Fe: vecinos de El Guavio denuncian accidentes constantes tras grave deterioro vial - Q´hubo Bogotá,https://news.google.com/rss/articles/CBMie0FVX3lxTFBfZHl5ZkQ0RlpjVmtrMUdkSEd6WkhfMFhiSjUtYjJIV29MTTVVV19NTFZ6Z2VnUEJwNXlkRjhoa3h3MFJoWXktSHhvWUsxeDBqYm1vZWkwWmJCcVpXaHhKOGhiT0dlczdVSHJFN0plTGNzRFBUaVlzcTJGSQ?oc=5,"Sun, 21 Dec 2025 08:00:00 GMT","<a href=""https://news.google.com/rss/articles/CBMie0FVX3lxTFBfZHl5ZkQ0RlpjVmtrMUdkSEd6WkhfMFhiSjUtYjJIV29MTTVVV19NTFZ6Z2VnUEJwNXlkRjhoa3h3MFJoWXktSHhvWUsxeDBqYm1vZWkwWmJCcVpXaHhKOGhiT0dlczdVSHJFN0plTGNzRFBUaVlzcTJGSQ?oc=5"" target=""_blank"">En Santa Fe: vecinos de El Guavio denuncian accidentes constantes tras grave deterioro vial</a>&nbsp;&nbsp;<font color=""#6f6f6f"">Q´hubo Bogotá</font>","""deterioro vial"" Bogotá",Google News RSS,2026-09-21T11:45:31-05:00
news_00253,¿Cuáles son las obras que están haciendo en la vía Bogotá – Girardot a la altura de Soacha?: Concesión - Valora Analitik,https://news.google.com/rss/articles/CBMi1AFBVV95cUxPLUktaEFxU21OTjBnTTk1UUxBOVdFUXkzUXFOLTllZXVGZFVPUGh6R2Y0MFREV1RqN2tERHRlT3hLOTRQOXZxXzNPQUtkdFBvOUNTblhvbVg3aUE1YUFWMWFSdnRValhPQlkwOEEyRW1WcG9Dd3R1OEtuTXF5QmZ6VXBqM2ZuQlAxNHA3OVBoSFpzWkFPR09la0lSajFXbjQzeVF6al9OMlZzWUR5SXJjNko0VWp1V19nalAtR3c5cUQ1eXpuUTIxMWs2YkJhODdnVDdqdtIB2gFBVV95cUxObVNWalJoeXNDTlMxQWxmcEx4VTZId0RFN0hhVVJJaVVPMUhyNUU3aFNuWFZZX1FXSnVOQjIwb05WNUtDZFE0b0R5NnBRZnZoYXhzcERhZkVpekdtTHNoVDdxeWQ2T3Zld29aVW5mcTVJd0tST21FSzVhbFdDUGdocl9SX1JSYkJWaUg3c0tYR2JMc2w1THFBVXRObUNKaHkzdHQxTVRtUW1WSnpzVkh3Wjh6NEY0dUJaZ04xMnJWcVBXS0t6bV94cEhPdU5sNUZNNHp5TGVmS2JqZw?oc=5,"Sat, 16 May 2026 07:00:00 GMT","<a href=""https://news.google.com/rss/articles/CBMi1AFBVV95cUxPLUktaEFxU21OTjBnTTk1UUxBOVdFUXkzUXFOLTllZXVGZFVPUGh6R2Y0MFREV1RqN2tERHRlT3hLOTRQOXZxXzNPQUtkdFBvOUNTblhvbVg3aUE1YUFWMWFSdnRValhPQlkwOEEyRW1WcG9Dd3R1OEtuTXF5QmZ6VXBqM2ZuQlAxNHA3OVBoSFpzWkFPR09la0lSajFXbjQzeVF6al9OMlZzWUR5SXJjNko0VWp1V19nalAtR3c5cUQ1eXpuUTIxMWs2YkJhODdnVDdqdtIB2gFBVV95cUxObVNWalJoeXNDTlMxQWxmcEx4VTZId0RFN0hhVVJJaVVPMUhyNUU3aFNuWFZZX1FXSnVOQjIwb05WNUtDZFE0b0R5NnBRZnZoYXhzcERhZkVpekdtTHNoVDdxeWQ2T3Zld29aVW5mcTVJd0tST21FSzVhbFdDUGdocl9SX1JSYkJWaUg3c0tYR2JMc2w1THFBVXRObUNKaHkzdHQxTVRtUW1WSnpzVkh3Wjh6NEY0dUJaZ04xMnJWcVBXS0t6bV94cEhPdU5sNUZNNHp5TGVmS2JqZw?oc=5"" target=""_blank"">¿Cuáles son las obras que están haciendo en la vía Bogotá – Girardot a la altura de Soacha?: Concesión</a>&nbsp;&nbsp;<font color=""#6f6f6f"">Valora Analitik</font>","""pavimento"" Bogotá",Google News RSS,2026-09-21T11:45:33-05:00
news_00254,VIDEO | Denuncian grave deterioro en la vía Bucaramanga a Bogotá: grietas atraviesan la vía - Caracol Radio,https://news.google.com/rss/articles/CBMiwAFBVV95cUxPMUl1bzRvaDVBc3NzQS1oWjNDWGN1SlhINWRoem42T1lsWktPTXFpcTQzWVRpTjJWM2ZzSGlYR0tIMjk0ejZjSTRQNmhKTGhDWU81dVZNcTZObkdNQlBrU05YYXRldkhpWXEtQjM2NVBVb0pVc2MxM0FHZGZnVDI2UExWTmlrSVMyOWJWVHFQVi11TlNsVllfdkVWMHdjdW1SbGZpZ2NjdFdMSFFJbEg2SzY2aUp1b0RLOXVyLWRaMXLSAdQBQVVfeXFMUElmWjZqTlBlcEZ2RTBXMEpKd3BUYnlxV2xsTGdTblloQi1wMGNjdktQVld6ZWVzdWxUOVdKOThubGo3R2E1NnJzdGw5MGNDeWhTX3dUZGVNdVFGZ3BMek51X3JJc1dyeUdqckRKSmtaU2dweVUyNE81ZjBOZzdUTkd1WlN1NkU5R1FZTFBOQUZUMGVhVVhkc0NVeWlLeTlYV2h3dUtISjdreFNTMGpQSGp3Qm9YZGdaVHNPWXZRZ0U2LV84VS12T09tMlkxaXFZNUZVenc?oc=5,"Tue, 21 Jul 2026 07:00:00 GMT","<a href=""https://news.google.com/rss/articles/CBMiwAFBVV95cUxPMUl1bzRvaDVBc3NzQS1oWjNDWGN1SlhINWRoem42T1lsWktPTXFpcTQzWVRpTjJWM2ZzSGlYR0tIMjk0ejZjSTRQNmhKTGhDWU81dVZNcTZObkdNQlBrU05YYXRldkhpWXEtQjM2NVBVb0pVc2MxM0FHZGZnVDI2UExWTmlrSVMyOWJWVHFQVi11TlNsVllfdkVWMHdjdW1SbGZpZ2NjdFdMSFFJbEg2SzY2aUp1b0RLOXVyLWRaMXLSAdQBQVVfeXFMUElmWjZqTlBlcEZ2RTBXMEpKd3BUYnlxV2xsTGdTblloQi1wMGNjdktQVld6ZWVzdWxUOVdKOThubGo3R2E1NnJzdGw5MGNDeWhTX3dUZGVNdVFGZ3BMek51X3JJc1dyeUdqckRKSmtaU2dweVUyNE81ZjBOZzdUTkd1WlN1NkU5R1FZTFBOQUZUMGVhVVhkc0NVeWlLeTlYV2h3dUtISjdreFNTMGpQSGp3Qm9YZGdaVHNPWXZRZ0U2LV84VS12T09tMlkxaXFZNUZVenc?oc=5"" target=""_blank"">VIDEO | Denuncian grave deterioro en la vía Bucaramanga a Bogotá: grietas atraviesan la vía</a>&nbsp;&nbsp;<font color=""#6f6f6f"">Caracol Radio</font>","""pavimento"" Bogotá",Google News RSS,2026-09-21T11:45:33-05:00
news_00255,¿Es mejor caminar por el pavimento? Solo el 10 % de los andenes en Bogotá están en buen estado - Blu Radio,https://news.google.com/rss/articles/CBMi0gFBVV95cUxNa3pzenZhTlNUNDVTSFYtUzVuT2QyOXpPZmZsSE0wejN3eFFtdTloTkY3UE5RU3pHT19ocGVObm9QTGJTaWc4QXc3WmRpM21qN1ZVZTF0UW5uUENWZTR0T2pJbmZYZ04tQXF4UjZqenBqMm1XOW0zUW5wdjRtZG5kX21tX2tWck8ybWQ4d3pZM1ZYZXRqdUdEVlA5LWFzeEJCVkY0SC05aDdFLUNnd1BsVlVHeGZBV3NBbDMteXVXbTB4RHZBcExCeHRjWll4VU9sTFHSAd8BQVVfeXFMTjVTbXhfbUktc0hma1BBSXRrZk84c1JaR3o4YXBFbTJXTWkzQTVuX2g3TUU1MHowSkUtZkRpNG1oakJoc2ZzaG8tQzVzOE8xa1pqRl9ybDMzajFQS1IyU08ycGhIY1Q4WGVfQi1WWmI5QXJOUXQzTDZ5SHhJSzh4LVltUHpXZEtCS0dSSGRBSGZ2V2hJOUZzV2R0bmVtQXZDMW53YnNjOVZNREJmdGFuWk1mcElQXzR4cVp6VVBoSTh3VFU5aTVVajJGUkZEaXBZbFU1YzdJTnl6Nm5KZ0h4OA?oc=5,"Mon, 19 Jan 2026 08:00:00 GMT","<a href=""https://news.google.com/rss/articles/CBMi0gFBVV95cUxNa3pzenZhTlNUNDVTSFYtUzVuT2QyOXpPZmZsSE0wejN3eFFtdTloTkY3UE5RU3pHT19ocGVObm9QTGJTaWc4QXc3WmRpM21qN1ZVZTF0UW5uUENWZTR0T2pJbmZYZ04tQXF4UjZqenBqMm1XOW0zUW5wdjRtZG5kX21tX2tWck8ybWQ4d3pZM1ZYZXRqdUdEVlA5LWFzeEJCVkY0SC05aDdFLUNnd1BsVlVHeGZBV3NBbDMteXVXbTB4RHZBcExCeHRjWll4VU9sTFHSAd8BQVVfeXFMTjVTbXhfbUktc0hma1BBSXRrZk84c1JaR3o4YXBFbTJXTWkzQTVuX2g3TUU1MHowSkUtZkRpNG1oakJoc2ZzaG8tQzVzOE8xa1pqRl9ybDMzajFQS1IyU08ycGhIY1Q4WGVfQi1WWmI5QXJOUXQzTDZ5SHhJSzh4LVltUHpXZEtCS0dSSGRBSGZ2V2hJOUZzV2R0bmVtQXZDMW53YnNjOVZNREJmdGFuWk1mcElQXzR4cVp6VVBoSTh3VFU5aTVVajJGUkZEaXBZbFU1YzdJTnl6Nm5KZ0h4OA?oc=5"" target=""_blank"">¿Es mejor caminar por el pavimento? Solo el 10 % de los andenes en Bogotá están en buen estado</a>&nbsp;&nbsp;<font color=""#6f6f6f"">Blu Radio</font>","""pavimento"" Bogotá",Google News RSS,2026-09-21T11:45:33-05:00
news_00256,Lluvias y pavimento resbaladizo: dos motociclistas heridos en la vía Manizales–Bogotá - Pulzo,https://news.google.com/rss/articles/CBMi3AFBVV95cUxPOVBmbWk2eFpsWF9aVTdsTWlTNGEwZHE1VlFmUWw4dU5ETXFnOUFzbWduUk5WUXN6NzBDelM2RnNKeDBXT0xVU3VUb25NZDdaNVp2dGV6VVFRT3pHNC0zcG1RcU1ITWRHUDZKdE96WGlhSE1weXRMVFdiVVQ0aENqb2s3SzhjRTlrOWUteVJLdTJSZDJpQVV6RGE4TlNQQUdoR1I1cVJMdjdRNThGSnBSTzZMdGF1TmhNX1RZY0xiWWtobFkyX1IxcUdJdDNOWTRnUTkxRzhwVDBkTjVz?oc=5,"Mon, 05 Jan 2026 08:00:00 GMT","<a href=""https://news.google.com/rss/articles/CBMi3AFBVV95cUxPOVBmbWk2eFpsWF9aVTdsTWlTNGEwZHE1VlFmUWw4dU5ETXFnOUFzbWduUk5WUXN6NzBDelM2RnNKeDBXT0xVU3VUb25NZDdaNVp2dGV6VVFRT3pHNC0zcG1RcU1ITWRHUDZKdE96WGlhSE1weXRMVFdiVVQ0aENqb2s3SzhjRTlrOWUteVJLdTJSZDJpQVV6RGE4TlNQQUdoR1I1cVJMdjdRNThGSnBSTzZMdGF1TmhNX1RZY0xiWWtobFkyX1IxcUdJdDNOWTRnUTkxRzhwVDBkTjVz?oc=5"" target=""_blank"">Lluvias y pavimento resbaladizo: dos motociclistas heridos en la vía Manizales–Bogotá</a>&nbsp;&nbsp;<font color=""#6f6f6f"">Pulzo</font>","""pavimento"" Bogotá",Google News RSS,2026-09-21T11:45:33-05:00
news_00257,Coviandina anuncia cierres y mantenimiento en la vía Bogotá–Villavicencio antes de Semana Santa: horarios y fechas de las restricciones - Infobae,https://news.google.com/rss/articles/CBMiigJBVV95cUxPQVRuX0hyS2ZvUWxzakJQdVZEenJPV0FSS3VLczRDQ1dFd0Z1YmMwU3dYRGF1Z1M3Y01QQ18zSjJBZXJnUk1OY2lTMGliUmdoalFacDBTZzZLSm0ya0E0YWU3d1VEWW9tZ2JSSjRZbVVubl9mMTVMS2pmMVYxREU4S2RMNE1hVVpVbmo3MWU2bmwwUy12V3JuM0pvdExXT25FejNtaUtna25NNEt3ZmpSTjNjV0wtQWxhcV91R3hienFBdmdNWjctekJNa3lVLU5sN1pWSDY4YUZENERfYTNkQmVfdFNaTW5JSkt1QTFVY2RxSDd2NHhiV0hyZDZpYm0zQnNZNlU0ekdzQQ?oc=5,"Tue, 24 Mar 2026 07:00:00 GMT","<a href=""https://news.google.com/rss/articles/CBMiigJBVV95cUxPQVRuX0hyS2ZvUWxzakJQdVZEenJPV0FSS3VLczRDQ1dFd0Z1YmMwU3dYRGF1Z1M3Y01QQ18zSjJBZXJnUk1OY2lTMGliUmdoalFacDBTZzZLSm0ya0E0YWU3d1VEWW9tZ2JSSjRZbVVubl9mMTVMS2pmMVYxREU4S2RMNE1hVVpVbmo3MWU2bmwwUy12V3JuM0pvdExXT25FejNtaUtna25NNEt3ZmpSTjNjV0wtQWxhcV91R3hienFBdmdNWjctekJNa3lVLU5sN1pWSDY4YUZENERfYTNkQmVfdFNaTW5JSkt1QTFVY2RxSDd2NHhiV0hyZDZpYm0zQnNZNlU0ekdzQQ?oc=5"" target=""_blank"">Coviandina anuncia cierres y mantenimiento en la vía Bogotá–Villavicencio antes de Semana Santa: horarios y fechas de las restricciones</a>&nbsp;&nbsp;<font color=""#6f6f6f"">Infobae</font>","""pavimento"" Bogotá",Google News RSS,2026-09-21T11:45:33-05:00
news_00258,Cierre en la vía Bogotá - Villeta por riesgo de derrumbe: el pavimento se está agrietando - bogota.alerta.com.co,https://news.google.com/rss/articles/CBMiogFBVV95cUxQWmVJU2w2T28xTTNYaGluU2NNaldlTjNROEk1M2ZxM0xVRW4zU1JZREYtd1V6azJuMW1SYmFHSlRVMEQyTmdCWEMyVURSQzZjbkJQQUpmdEkzTWZFRE9ReVdLNTF4c21TNWgzMzM2QjBTQUE0U29BRWkxY1NoMGtVdjM5UzA1TEZPZXYzSktUOEhXM3VPaUtBN1ZDQW5jb3pmNFHSAaYBQVVfeXFMT3NibThQcF9ySmlfTk8yZEktX3lsaTRVRmhicDBSV2xSdEp4a1QzSnM1Tk5yNkFLdTI3ZnRMMHI1SEZHR0NxXzlsTnIyZjFwQXZlY3VuT3h6Vl9BRlJrSFZDVGs2WU9zcjEyRUloYTJpYkMtQkt4Nmk2UnBBOVhrV1kwQkEzZXl3UXJScC1LUUtTb3NhSTdyM1Rpa2hFd0k0TlliUlFqUQ?oc=5,"Thu, 30 Apr 2026 07:00:00 GMT","<a href=""https://news.google.com/rss/articles/CBMiogFBVV95cUxQWmVJU2w2T28xTTNYaGluU2NNaldlTjNROEk1M2ZxM0xVRW4zU1JZREYtd1V6azJuMW1SYmFHSlRVMEQyTmdCWEMyVURSQzZjbkJQQUpmdEkzTWZFRE9ReVdLNTF4c21TNWgzMzM2QjBTQUE0U29BRWkxY1NoMGtVdjM5UzA1TEZPZXYzSktUOEhXM3VPaUtBN1ZDQW5jb3pmNFHSAaYBQVVfeXFMT3NibThQcF9ySmlfTk8yZEktX3lsaTRVRmhicDBSV2xSdEp4a1QzSnM1Tk5yNkFLdTI3ZnRMMHI1SEZHR0NxXzlsTnIyZjFwQXZlY3VuT3h6Vl9BRlJrSFZDVGs2WU9zcjEyRUloYTJpYkMtQkt4Nmk2UnBBOVhrV1kwQkEzZXl3UXJScC1LUUtTb3NhSTdyM1Rpa2hFd0k0TlliUlFqUQ?oc=5"" target=""_blank"">Cierre en la vía Bogotá - Villeta por riesgo de derrumbe: el pavimento se está agrietando</a>&nbsp;&nbsp;<font color=""#6f6f6f"">bogota.alerta.com.co</font>","""pavimento"" Bogotá",Google News RSS,2026-09-21T11:45:33-05:00
news_00259,Km 18 de la vía al Llano: finalizó el reparcheo tras presentarse grietas en la carretera después de su reapertura - El Tiempo,https://news.google.com/rss/articles/CBMi4gFBVV95cUxOM0NJUC1fSTlrUkJ5Y0lla1ByZGN1SmtvLTBWb0pwZmNnUHpsSmVrY3Q4NUtkVE9TbXhLSGwyRHR2THBDRTN4dS0yczVpQkU0NGVMZ1V5NGgxbWxIdGNuMnFmS2tDZmJwc0k2bW9rUURveU5QYWRPWEIyU1N0TXZRSmtRS0dVOE1UVTZ5dExHZE0xVTFXNFRtbVFqVkxFVVJwOGcxTWhkUWRPeHROUnZYRDhYUW1qVW1vT3FQZnZBWmFGVHFpQkNFV3Y1Ui1nV2c1aENyaUpQWkk0NmtWdHN5VFF30gHnAUFVX3lxTE4wbDF1SDhiQUVrVnRoRHg0ZWtuTHNSVDNmaWtVcy1acW10Smk3dnM0OGlSRmIxWUw3U2pjb041bENpY2EtUWNtVjFUSFJHWG1OdnNHdnk0S3BwSWF2X0kxbWxpakg3S3g3TmdXUW43dVBPWUFlazQtQzlybHJ5Z0lfQkczWWFaV2VOalRYUE1LU3BNVFljMG42dnhVcVM2ZkhqOS1LZXFYLXh0NmZKcXdfcTBNNmlfc2Fqb01uRU1GYm9kaUJhS2Y4LXhRLTY3Qm5UZlR4SXdrQ05aUV9MNjZYUFJxYTJOWQ?oc=5,"Sun, 16 Nov 2025 08:00:00 GMT","<a href=""https://news.google.com/rss/articles/CBMi4gFBVV95cUxOM0NJUC1fSTlrUkJ5Y0lla1ByZGN1SmtvLTBWb0pwZmNnUHpsSmVrY3Q4NUtkVE9TbXhLSGwyRHR2THBDRTN4dS0yczVpQkU0NGVMZ1V5NGgxbWxIdGNuMnFmS2tDZmJwc0k2bW9rUURveU5QYWRPWEIyU1N0TXZRSmtRS0dVOE1UVTZ5dExHZE0xVTFXNFRtbVFqVkxFVVJwOGcxTWhkUWRPeHROUnZYRDhYUW1qVW1vT3FQZnZBWmFGVHFpQkNFV3Y1Ui1nV2c1aENyaUpQWkk0NmtWdHN5VFF30gHnAUFVX3lxTE4wbDF1SDhiQUVrVnRoRHg0ZWtuTHNSVDNmaWtVcy1acW10Smk3dnM0OGlSRmIxWUw3U2pjb041bENpY2EtUWNtVjFUSFJHWG1OdnNHdnk0S3BwSWF2X0kxbWxpakg3S3g3TmdXUW43dVBPWUFlazQtQzlybHJ5Z0lfQkczWWFaV2VOalRYUE1LU3BNVFljMG42dnhVcVM2ZkhqOS1LZXFYLXh0NmZKcXdfcTBNNmlfc2Fqb01uRU1GYm9kaUJhS2Y4LXhRLTY3Qm5UZlR4SXdrQ05aUV9MNjZYUFJxYTJOWQ?oc=5"" target=""_blank"">Km 18 de la vía al Llano: finalizó el reparcheo tras presentarse grietas en la carretera después de su reapertura</a>&nbsp;&nbsp;<font color=""#6f6f6f"">El Tiempo</font>","""pavimento"" Bogotá",Google News RSS,2026-09-21T11:45:33-05:00
news_00260,Reapertura vía Bogotá–Villavicencio: se reportaron nuevas fisuras tras un asentamiento del pavimento - Infobae,https://news.google.com/rss/articles/CBMi2wFBVV95cUxQSmJob2NXM0hmTzBMa3Z6TWVsWnp2b1oxUEZtQ3R4VUZPTU4yeUt2c09PWWZWeW1rRTg1TnI1UDZjajBZZWJuT3p1TVpDaW9oU01vaExQTHR4WFlaaDZBMjc0T2JSckpaLWhoQTBha0VOVlM1VE9yaDNtRndBcmtnSV9HUFIzNnZBY3lUSi1pMUNOWC1FdjlBcTRWY0Fhalp4SWFmMTN0aUZKNWV0aGlQYjBqN05YREdwTFBUMkllbnBxOW5EdVdMQXhSTE9lekVqMVdqQmNhWTNJN1XSAfYBQVVfeXFMTV9qNHJidlR3ejJGVlloWWlOeDNNMEx3NlZMS3d2eHhNTzlBbG1IVXJqWVlqcy1NSnJNNW5PSE5kVk9XeUhtbUFQbGJYSnl4MW1BMFFXdnY1VzJEQjBlTnlGd0RSUlY2M3BzeG5WOWtvVExiUXhmc3lYYTBxLVcwNHNsWEpHTloyUnJUclNkTU9oRVNjLVA3YUZMYXdTOXFETVhncG9zUkFRWWppRUFSUXNMSTFYRk9uUVJIN0lrQy15djAweGtpY2ZJeEZRLUJ1QnI5UDQzMWxsTUlJcGFSdEdia1I4ZnNEUnk2V3h0M1o1ajUyQ1R3?oc=5,"Sun, 16 Nov 2025 08:00:00 GMT","<a href=""https://news.google.com/rss/articles/CBMi2wFBVV95cUxQSmJob2NXM0hmTzBMa3Z6TWVsWnp2b1oxUEZtQ3R4VUZPTU4yeUt2c09PWWZWeW1rRTg1TnI1UDZjajBZZWJuT3p1TVpDaW9oU01vaExQTHR4WFlaaDZBMjc0T2JSckpaLWhoQTBha0VOVlM1VE9yaDNtRndBcmtnSV9HUFIzNnZBY3lUSi1pMUNOWC1FdjlBcTRWY0Fhalp4SWFmMTN0aUZKNWV0aGlQYjBqN05YREdwTFBUMkllbnBxOW5EdVdMQXhSTE9lekVqMVdqQmNhWTNJN1XSAfYBQVVfeXFMTV9qNHJidlR3ejJGVlloWWlOeDNNMEx3NlZMS3d2eHhNTzlBbG1IVXJqWVlqcy1NSnJNNW5PSE5kVk9XeUhtbUFQbGJYSnl4MW1BMFFXdnY1VzJEQjBlTnlGd0RSUlY2M3BzeG5WOWtvVExiUXhmc3lYYTBxLVcwNHNsWEpHTloyUnJUclNkTU9oRVNjLVA3YUZMYXdTOXFETVhncG9zUkFRWWppRUFSUXNMSTFYRk9uUVJIN0lrQy15djAweGtpY2ZJeEZRLUJ1QnI5UDQzMWxsTUlJcGFSdEdia1I4ZnNEUnk2V3h0M1o1ajUyQ1R3?oc=5"" target=""_blank"">Reapertura vía Bogotá–Villavicencio: se reportaron nuevas fisuras tras un asentamiento del pavimento</a>&nbsp;&nbsp;<font color=""#6f6f6f"">Infobae</font>","""pavimento"" Bogotá",Google News RSS,2026-09-21T11:45:33-05:00
news_00261,Con la estabilización de taludes y la rehabilitación de pavimento comienzan las obras en el proyecto Tercer Carril Bogotá-Girardot - Ministerio de Transporte,https://news.google.com/rss/articles/CBMiiwJBVV95cUxPbDQzTGNWUDZ5Ukt3YTBuQU41dnN1WmZ5X0dvQ3FaXzBGV0NJVVkwVm9kYkptZWpmU3RMdEN5ZlR5bzFKREJQRkpJQzBqX1JZQ1NHcVBEYWZPalVSVGNxeGE3YUFvRW81V2dJUVpORkc0LUxOV3I5dnUxNnN3QVlNRDhSTDFFNmRrcUhWSzJfazJWQTBiSEx4NnZmWFB2RFlCVTdDXzBaWVMzeWFscUd2YUlrOTVOUW93MmI5eXdSdlNDbFJfajBRb2RMUkhCeWhHQmxLTDJnMGRRRGNLWGhfQ3VweVMwMkpZQkNkMlBhZWVyRFVVT1pFbGp2UHNmZlVSaEFacGtFNHo2SGs?oc=5,"Mon, 01 Mar 2021 08:00:00 GMT","<a href=""https://news.google.com/rss/articles/CBMiiwJBVV95cUxPbDQzTGNWUDZ5Ukt3YTBuQU41dnN1WmZ5X0dvQ3FaXzBGV0NJVVkwVm9kYkptZWpmU3RMdEN5ZlR5bzFKREJQRkpJQzBqX1JZQ1NHcVBEYWZPalVSVGNxeGE3YUFvRW81V2dJUVpORkc0LUxOV3I5dnUxNnN3QVlNRDhSTDFFNmRrcUhWSzJfazJWQTBiSEx4NnZmWFB2RFlCVTdDXzBaWVMzeWFscUd2YUlrOTVOUW93MmI5eXdSdlNDbFJfajBRb2RMUkhCeWhHQmxLTDJnMGRRRGNLWGhfQ3VweVMwMkpZQkNkMlBhZWVyRFVVT1pFbGp2UHNmZlVSaEFacGtFNHo2SGs?oc=5"" target=""_blank"">Con la estabilización de taludes y la rehabilitación de pavimento comienzan las obras en el proyecto Tercer Carril Bogotá-Girardot</a>&nbsp;&nbsp;<font color=""#6f6f6f"">Ministerio de Transporte</font>","""pavimento"" Bogotá",Google News RSS,2026-09-21T11:45:33-05:00
news_00262,Gobernador Jorge Rey abre licitación por $6.000 millones para mejorar vía alterna entre La Calera y Bogotá - Gobernación de Cundinamarca,https://news.google.com/rss/articles/CBMi3gFBVV95cUxOS3diZThHXzFxclpCSG1LOUZYUEdBN0ZYb1B2WTdNSlZ3d1hyYnV4Nzh2d2xKOXdUdXBwdWtSa3ZvejExYlpmNEVEdWloZlRnVjBTeEdEMnFxRF9sN0VQVTlPbWJwcFlJWjhSTmhCS0pDaWZ1NVRfNlFpV1hiRHpUa0pwSTNUZDhZS3lRLUZMbHRaM2RWa2FXME9vQXh4Qy1ibm1JclNiQmFQc1l1MGRtV3FwWDZhdEN0bVZvR0NlSzlQc3pWVTRDc05IUjJ4M0YycklON1owS011X1BNQXc?oc=5,"Mon, 21 Jul 2025 17:11:21 GMT","<a href=""https://news.google.com/rss/articles/CBMi3gFBVV95cUxOS3diZThHXzFxclpCSG1LOUZYUEdBN0ZYb1B2WTdNSlZ3d1hyYnV4Nzh2d2xKOXdUdXBwdWtSa3ZvejExYlpmNEVEdWloZlRnVjBTeEdEMnFxRF9sN0VQVTlPbWJwcFlJWjhSTmhCS0pDaWZ1NVRfNlFpV1hiRHpUa0pwSTNUZDhZS3lRLUZMbHRaM2RWa2FXME9vQXh4Qy1ibm1JclNiQmFQc1l1MGRtV3FwWDZhdEN0bVZvR0NlSzlQc3pWVTRDc05IUjJ4M0YycklON1owS011X1BNQXc?oc=5"" target=""_blank"">Gobernador Jorge Rey abre licitación por $6.000 millones para mejorar vía alterna entre La Calera y Bogotá</a>&nbsp;&nbsp;<font color=""#6f6f6f"">Gobernación de Cundinamarca</font>","""pavimento"" Bogotá",Google News RSS,2026-09-21T11:45:33-05:00
news_00263,Grave emergencia en vía Bogotá-Bucaramanga: pavimento se abrió y cerraron todo el tramo - Pulzo,https://news.google.com/rss/articles/CBMisgFBVV95cUxOMEI5d2VwejR0WmIwVVFIUDZDYzZTa2swUDdWYUpwN2FvNTlpSEJWWmRPRUNzOGNzUENTai1kaXp6QmtudlBBU2puTlptZVpLbWNhV3F0WjZlQVhfRzVyOEIyYU4wVU93bXVhWXZTLXJNc3Z2VGs5TVczY2pJQTNVVHVGbDZnTDRXVVIzVGtJRW5rcVBKY0k4YlF4RTVmWHRUU01Scjc3S2d4aVduZHR0WW1R0gG3AUFVX3lxTFBaNlRKV19iS2FCUklCV0dhVXI3aWlqVElBT29mNWtXeW9CU2psVmxlUENCZGtUSElYUXRyVm5hby1obWZfMTFLeDNXTXFxd0hiMl9SUllVLTBRUVEtQzNjWnBuR28tQTRCM1o1cmJ1b0lScEk5Q1ZsUnY5MXFNaWtvZm5KeXRncFBwdTBFUFFiNmJvVXhsSHhDQjhUbkhXLTJFT0Y1b3dneFF5akQwaW1weV9nRkdrbw?oc=5,"Fri, 31 Oct 2025 07:00:00 GMT","<a href=""https://news.google.com/rss/articles/CBMisgFBVV95cUxOMEI5d2VwejR0WmIwVVFIUDZDYzZTa2swUDdWYUpwN2FvNTlpSEJWWmRPRUNzOGNzUENTai1kaXp6QmtudlBBU2puTlptZVpLbWNhV3F0WjZlQVhfRzVyOEIyYU4wVU93bXVhWXZTLXJNc3Z2VGs5TVczY2pJQTNVVHVGbDZnTDRXVVIzVGtJRW5rcVBKY0k4YlF4RTVmWHRUU01Scjc3S2d4aVduZHR0WW1R0gG3AUFVX3lxTFBaNlRKV19iS2FCUklCV0dhVXI3aWlqVElBT29mNWtXeW9CU2psVmxlUENCZGtUSElYUXRyVm5hby1obWZfMTFLeDNXTXFxd0hiMl9SUllVLTBRUVEtQzNjWnBuR28tQTRCM1o1cmJ1b0lScEk5Q1ZsUnY5MXFNaWtvZm5KeXRncFBwdTBFUFFiNmJvVXhsSHhDQjhUbkhXLTJFT0Y1b3dneFF5akQwaW1weV9nRkdrbw?oc=5"" target=""_blank"">Grave emergencia en vía Bogotá-Bucaramanga: pavimento se abrió y cerraron todo el tramo</a>&nbsp;&nbsp;<font color=""#6f6f6f"">Pulzo</font>","""pavimento"" Bogotá",Google News RSS,2026-09-21T11:45:33-05:00
news_00264,Video: El fascinante proceso del asfalto reciclado en Bogotá que hace la UMV - Bogota.gov.co,https://news.google.com/rss/articles/CBMirgFBVV95cUxQSWl0aW9MelgwZkFoUmRrUlE2a1ByZzEwOHMybGEzRjFFaEYwOTJnVlhDa08tNnNfbktPTmdCdWxkZzZWUmR4bExrM2EyVnJjSTZheGVDZlA4c3preEt5Nzh5Zk5iTENrZWJ5MklObWJKcDB1OUtCcU44Ykl4SThkcjFuUFIxSWM4c2FDcDh1NDVPMVo1TC1Fd3diOVhXSjZzc0RES2hLNm9sQ3FZb0E?oc=5,"Thu, 10 Oct 2024 07:00:00 GMT","<a href=""https://news.google.com/rss/articles/CBMirgFBVV95cUxQSWl0aW9MelgwZkFoUmRrUlE2a1ByZzEwOHMybGEzRjFFaEYwOTJnVlhDa08tNnNfbktPTmdCdWxkZzZWUmR4bExrM2EyVnJjSTZheGVDZlA4c3preEt5Nzh5Zk5iTENrZWJ5MklObWJKcDB1OUtCcU44Ykl4SThkcjFuUFIxSWM4c2FDcDh1NDVPMVo1TC1Fd3diOVhXSjZzc0RES2hLNm9sQ3FZb0E?oc=5"" target=""_blank"">Video: El fascinante proceso del asfalto reciclado en Bogotá que hace la UMV</a>&nbsp;&nbsp;<font color=""#6f6f6f"">Bogota.gov.co</font>","""pavimento"" Bogotá",Google News RSS,2026-09-21T11:45:33-05:00
news_00265,"Un joven hacía ""willy"" en el Cerro, perdió el dominio del vehículo, cayó al pavimento y falleció - Telenoche",https://news.google.com/rss/articles/CBMiygFBVV95cUxPMk93TFlTVGFBN1lnZC16b0dfcUEyMWVtcnIzZkl5djRfaFBYTHNpMEp1OGdIaU9CNWIzdWhEbUVzakZtQXFKczlmME14V0x0TjFJbWdrdzJTMzk2Tm5fck9RTU81QllxWndGN2xUd2RLTDlmWkVRTTY2NmlYLV9Ial8tLV9RenlMR1BLYk96aDA1c2REc1JoX19rbGNHLUl5Z2EzMnQ4eExVUm1PNlJZZURSMUh4cW42dmw4R2x2TWhrTFZEM2pZajJ30gHPAUFVX3lxTE55R0pWVmR4bFdxQVJnQnB1dVJRb2g3YTdJSVFfeWdXVEZTWEg0WnMydkZZc2p3dlFYLUd4TUpOczlaUjFLSjNLSmlRVWJwV0RDbndjVnpzUjV1a213TThFZEdMTnZYSXFDSEcyTVNQS21Va0laRlhvVEIwSC04eDVkOUtNbFJDbkRRSG94RFljRWdubVVNNFkwRldpb2huM1FCMEJsWUcxUF9pb1AxaVh3RTBSaW1DLV9Oa25uaG9yT1JYLWR0bTUzNEJ6UjkzMA?oc=5,"Wed, 19 Aug 2026 07:00:00 GMT","<a href=""https://news.google.com/rss/articles/CBMiygFBVV95cUxPMk93TFlTVGFBN1lnZC16b0dfcUEyMWVtcnIzZkl5djRfaFBYTHNpMEp1OGdIaU9CNWIzdWhEbUVzakZtQXFKczlmME14V0x0TjFJbWdrdzJTMzk2Tm5fck9RTU81QllxWndGN2xUd2RLTDlmWkVRTTY2NmlYLV9Ial8tLV9RenlMR1BLYk96aDA1c2REc1JoX19rbGNHLUl5Z2EzMnQ4eExVUm1PNlJZZURSMUh4cW42dmw4R2x2TWhrTFZEM2pZajJ30gHPAUFVX3lxTE55R0pWVmR4bFdxQVJnQnB1dVJRb2g3YTdJSVFfeWdXVEZTWEg0WnMydkZZc2p3dlFYLUd4TUpOczlaUjFLSjNLSmlRVWJwV0RDbndjVnpzUjV1a213TThFZEdMTnZYSXFDSEcyTVNQS21Va0laRlhvVEIwSC04eDVkOUtNbFJDbkRRSG94RFljRWdubVVNNFkwRldpb2huM1FCMEJsWUcxUF9pb1AxaVh3RTBSaW1DLV9Oa25uaG9yT1JYLWR0bTUzNEJ6UjkzMA?oc=5"" target=""_blank"">Un joven hacía ""willy"" en el Cerro, perdió el dominio del vehículo, cayó al pavimento y falleció</a>&nbsp;&nbsp;<font color=""#6f6f6f"">Telenoche</font>","""pavimento"" Bogotá",Google News RSS,2026-09-21T11:45:33-05:00
news_00266,Enorme hueco en la vía Bogotá - Girardot por desprendimiento del pavimento - Noticias RCN,https://news.google.com/rss/articles/CBMivgFBVV95cUxQcDhQVU94MWNZeTA4RTdFYkpqRFAyWWZsRFkzTW1zSkpDOHgxdDhpTnhjcWdCYWZ1Wl9NbDA0TG1nY2tpR3ZHak1WSnFFLTlzZEc2RVlKZDFQU29FY2JodlBYZk1NUE9VcWhmaHJQYTljZU9lc1NMRzhxNUxVcDlBck5GQUk0ZE1vQTZoQndYdXFTb2x4R0pxa3F2YldYODJtalFxWVk0b0tCMXR3bHdjdlh5Y3NHZzlKc1Q1T0F30gG-AUFVX3lxTE9nYUpOdDUwTS03ZFZvWDdKN0o4M2FXTXg2Xzdjamo2MU12eXZWYU1jVkE2Zkk1bl9TZFg2TlBGNEg2RWUxZkZXdk9lT3pxbzN5N0huTVVVYW50Z2hsb0I4Y3FiRjNlMkhJa0ZnZXpCRDNsek82ZHdXOFg4TTViRU1XT2Y0MHF6Zm8zMHZOSktUVEg3LWFSelFvT1VOX2szNDByaW9lNVhOV2dickVXcUNSNUFyT0REQkdQcmQ4VlE?oc=5,"Fri, 22 Nov 2024 08:00:00 GMT","<a href=""https://news.google.com/rss/articles/CBMivgFBVV95cUxQcDhQVU94MWNZeTA4RTdFYkpqRFAyWWZsRFkzTW1zSkpDOHgxdDhpTnhjcWdCYWZ1Wl9NbDA0TG1nY2tpR3ZHak1WSnFFLTlzZEc2RVlKZDFQU29FY2JodlBYZk1NUE9VcWhmaHJQYTljZU9lc1NMRzhxNUxVcDlBck5GQUk0ZE1vQTZoQndYdXFTb2x4R0pxa3F2YldYODJtalFxWVk0b0tCMXR3bHdjdlh5Y3NHZzlKc1Q1T0F30gG-AUFVX3lxTE9nYUpOdDUwTS03ZFZvWDdKN0o4M2FXTXg2Xzdjamo2MU12eXZWYU1jVkE2Zkk1bl9TZFg2TlBGNEg2RWUxZkZXdk9lT3pxbzN5N0huTVVVYW50Z2hsb0I4Y3FiRjNlMkhJa0ZnZXpCRDNsek82ZHdXOFg4TTViRU1XT2Y0MHF6Zm8zMHZOSktUVEg3LWFSelFvT1VOX2szNDByaW9lNVhOV2dickVXcUNSNUFyT0REQkdQcmQ4VlE?oc=5"" target=""_blank"">Enorme hueco en la vía Bogotá - Girardot por desprendimiento del pavimento</a>&nbsp;&nbsp;<font color=""#6f6f6f"">Noticias RCN</font>","""pavimento"" Bogotá",Google News RSS,2026-09-21T11:45:33-05:00
news_00267,Universidad Distrital contribuye en la conservación de la malla vial - agencia.udistrital.edu.co,https://news.google.com/rss/articles/CBMirwFBVV95cUxOZXYyV09BQ25SYWxpWmJrcGQxdUhPRnNwamJSUHh5R3hwOGRwdmFqWEU5YTdfUHJiVTZBQlJ4a3pMcHkzUklCbGxvU0dNV0owSzVHTW52aDVBLVhJVG5kblF2YnJlSUhPZng2MW8yRGdDanpkYWZsRU1ER0ZtX1BoRzRVdmgwbmo4eWJIMjIyYm5NSHRGZ0hCV0tGMTNpLXBWdkJwelRFLVZoLUZadTRv?oc=5,"Mon, 15 Apr 2024 07:00:00 GMT","<a href=""https://news.google.com/rss/articles/CBMirwFBVV95cUxOZXYyV09BQ25SYWxpWmJrcGQxdUhPRnNwamJSUHh5R3hwOGRwdmFqWEU5YTdfUHJiVTZBQlJ4a3pMcHkzUklCbGxvU0dNV0owSzVHTW52aDVBLVhJVG5kblF2YnJlSUhPZng2MW8yRGdDanpkYWZsRU1ER0ZtX1BoRzRVdmgwbmo4eWJIMjIyYm5NSHRGZ0hCV0tGMTNpLXBWdkJwelRFLVZoLUZadTRv?oc=5"" target=""_blank"">Universidad Distrital contribuye en la conservación de la malla vial</a>&nbsp;&nbsp;<font color=""#6f6f6f"">agencia.udistrital.edu.co</font>","""pavimento"" Bogotá",Google News RSS,2026-09-21T11:45:33-05:00
news_00268,Bus que llevaba 20 pasajeros casi cae al vacío en vía Manizales-Bogotá: conductor maniobró el vehículo - Infobae,https://news.google.com/rss/articles/CBMi3wFBVV95cUxQMlI2RXFuZ2lfbUkzTk1iUXBhUFpuaV9pREdQWURtMm9WTjhJYlh0ZjV4Sk5KbENFRUVTSEZMN3cxVVBjajlPY0MwMkpQNE95V3lzQjFYOWc4MW1JZEFXWWcxVzljNmowRkZqZzFKSGpSaFJOdHZueF9CbkIyb0JsRHJSMlNzLW5jeThMZmlILURPMUxIMTY2RXhfSDZfU0l6Z1AtLVlHRFNtOTlVaXNBVnl1N1Naa2lUZmhCWV93RHkxdlFRNE5WSWVOZzVHYS1UVnNtOUZKZUUzSGR3NVY00gH6AUFVX3lxTE1GRkJfR0Q1VHFrODdjeEZMbXJ4RzNxOUhaeExUWGlhY1BuajFNckktYk5EcDRoY1pOLTNyci1QdFNIaTRhbVlQVlQ0TER5azRuZXg3cjh3YXBTb0hya0liUzRwNGNtQ3lRa1ZlT1ZOQ21TTDY0SDE5eVdkd2dXNWdmdDVpRnVlOUpjQTIzX0Vxczd1OUJiOWJLbTJxTk82YlRnS3RlRzg1TmQ3RVFQRV9DSWp6R2p0cnd6enl1RjhGWlVFSzZOaFpFU1hsYXZKMloxaHNzS3BkejdKaUo5TFF6Z1lSTksxQkJubF91YzljblRJS1BlY0lLUEE?oc=5,"Mon, 17 Nov 2025 08:00:00 GMT","<a href=""https://news.google.com/rss/articles/CBMi3wFBVV95cUxQMlI2RXFuZ2lfbUkzTk1iUXBhUFpuaV9pREdQWURtMm9WTjhJYlh0ZjV4Sk5KbENFRUVTSEZMN3cxVVBjajlPY0MwMkpQNE95V3lzQjFYOWc4MW1JZEFXWWcxVzljNmowRkZqZzFKSGpSaFJOdHZueF9CbkIyb0JsRHJSMlNzLW5jeThMZmlILURPMUxIMTY2RXhfSDZfU0l6Z1AtLVlHRFNtOTlVaXNBVnl1N1Naa2lUZmhCWV93RHkxdlFRNE5WSWVOZzVHYS1UVnNtOUZKZUUzSGR3NVY00gH6AUFVX3lxTE1GRkJfR0Q1VHFrODdjeEZMbXJ4RzNxOUhaeExUWGlhY1BuajFNckktYk5EcDRoY1pOLTNyci1QdFNIaTRhbVlQVlQ0TER5azRuZXg3cjh3YXBTb0hya0liUzRwNGNtQ3lRa1ZlT1ZOQ21TTDY0SDE5eVdkd2dXNWdmdDVpRnVlOUpjQTIzX0Vxczd1OUJiOWJLbTJxTk82YlRnS3RlRzg1TmQ3RVFQRV9DSWp6R2p0cnd6enl1RjhGWlVFSzZOaFpFU1hsYXZKMloxaHNzS3BkejdKaUo5TFF6Z1lSTksxQkJubF91YzljblRJS1BlY0lLUEE?oc=5"" target=""_blank"">Bus que llevaba 20 pasajeros casi cae al vacío en vía Manizales-Bogotá: conductor maniobró el vehículo</a>&nbsp;&nbsp;<font color=""#6f6f6f"">Infobae</font>","""pavimento"" Bogotá",Google News RSS,2026-09-21T11:45:33-05:00
news_00269,¡Ojo! Habrá cierre parcial en la vía Bogotá - La Calera por obras de mantenimiento en el pavimento - El Tiempo,https://news.google.com/rss/articles/CBMizAFBVV95cUxQdmZRQ3B5MnJveWt0b1JsS0wwTDRFNFRCclQyU0NEZ1ZxcFdxWWZmUmNZOHZyMTFKaS1nblNEczk3ckw1OU40NUFVNWhrLWhaYjI3OVFreEdYQXhlNTRlMGhYM2FsZG00em5kS2tDZ2dQaGd0R2RJWTFmR1dDRnRqOU5ESGFCOFlXTFhFaDJkT2dRMHdMVXNFM1g3UVFlTnJobjcxaF8wdGdsZUlfNEk1R2JDUmo0aDM2blNwM3Vqc3ZEMFp0SVdfbnkxYmk?oc=5,"Fri, 11 Jul 2025 07:00:00 GMT","<a href=""https://news.google.com/rss/articles/CBMizAFBVV95cUxQdmZRQ3B5MnJveWt0b1JsS0wwTDRFNFRCclQyU0NEZ1ZxcFdxWWZmUmNZOHZyMTFKaS1nblNEczk3ckw1OU40NUFVNWhrLWhaYjI3OVFreEdYQXhlNTRlMGhYM2FsZG00em5kS2tDZ2dQaGd0R2RJWTFmR1dDRnRqOU5ESGFCOFlXTFhFaDJkT2dRMHdMVXNFM1g3UVFlTnJobjcxaF8wdGdsZUlfNEk1R2JDUmo0aDM2blNwM3Vqc3ZEMFp0SVdfbnkxYmk?oc=5"" target=""_blank"">¡Ojo! Habrá cierre parcial en la vía Bogotá - La Calera por obras de mantenimiento en el pavimento</a>&nbsp;&nbsp;<font color=""#6f6f6f"">El Tiempo</font>","""pavimento"" Bogotá",Google News RSS,2026-09-21T11:45:33-05:00
news_00270,Inició prueba piloto con micro pavimentos pigmentados en las ciclorrutas - Bogota.gov.co,https://news.google.com/rss/articles/CBMiqwFBVV95cUxQWS1neGJBYWlVTm5qaTBlX002c2NlMFdHZjcyNDB6WlhiNzhmaEJ4d3FILWd1N2N2TU9wZVJhVDduZlcxaS1BWEUtSnBzMjJSaDZjZnlKSm1ZbnZTZER0T19QZXUxd0hzN0FWWC1rZm5OcXZiVk9lNWExLVNzTmg0V1BpcDM0SFVkSjlja2JDTU5YczJDQmxDbHlzVXBjOXFWX2JBd0FCc0xuSjA?oc=5,"Tue, 15 Sep 2020 07:00:00 GMT","<a href=""https://news.google.com/rss/articles/CBMiqwFBVV95cUxQWS1neGJBYWlVTm5qaTBlX002c2NlMFdHZjcyNDB6WlhiNzhmaEJ4d3FILWd1N2N2TU9wZVJhVDduZlcxaS1BWEUtSnBzMjJSaDZjZnlKSm1ZbnZTZER0T19QZXUxd0hzN0FWWC1rZm5OcXZiVk9lNWExLVNzTmg0V1BpcDM0SFVkSjlja2JDTU5YczJDQmxDbHlzVXBjOXFWX2JBd0FCc0xuSjA?oc=5"" target=""_blank"">Inició prueba piloto con micro pavimentos pigmentados en las ciclorrutas</a>&nbsp;&nbsp;<font color=""#6f6f6f"">Bogota.gov.co</font>","""pavimento"" Bogotá",Google News RSS,2026-09-21T11:45:33-05:00
news_00271,Lluvias afectan la movilidad en Bogotá: suspenden temporalmente el TransMiCable por condiciones climáticas adversas - Infobae,https://news.google.com/rss/articles/CBMi8AFBVV95cUxOa2dVN3MxU29uenhWSVY4Y0F0RjVXN0ZndVNXSWUzeVZpRmlJU2ZpLURjMkhQUDZWNE5hQkVWX3l1RERMc0NzdkxQc0xKclpIUDZ6YmJzT25sRkZueFdFZjl6N1RkVlJuZ3JPWEFjOTktVk1tS0NiQ2duekFieW5qLTZ4QkIyWFBBU3FiMXBSVTBsdGF0a3R2ZkIxRDFrdmJDdkk3alhUX2piQmI4c2NoajNiMHBuZl96cncwRjctU2RxQmxhaVJLMWVxZC02SEFmN2EzTjM1cDdIV3lCQnNITlYxdEJKRkhHRzQ0bGdfM03SAYsCQVVfeXFMT25XMWdkSDYxVGxHREQ2X1hFN25ld2dLaF8wd2pEVDBQbXd2ODZENmRLOUdqMzdTSXJFZk1KVXhnTVdfbVIxcWJnNF9YblZhb2JBUm1VLTkyUnQ1S002bVhyYjB6VGp5SEFqaUIzSWtaRU1vN0FQRDdOYUhCVFdZZ0tKY2UxdHBBb2R5QmNSdVU2NWRDR1JLb0NnNWgtVlFzaGJiU1U1U2drb0I4bVlLOTZ3SVFIdVFyWUE2MHdPWGpEdkh4eG1FZVJTLVhKQW84UVZaUm1mWkZFMzdXSlpybXZOLWtzeG1aQWhaR3NKV0ZMQnBfRDFvZkp4Q3d4dDA2WDQ0dkV0REh4dVFB?oc=5,"Mon, 02 Feb 2026 08:00:00 GMT","<a href=""https://news.google.com/rss/articles/CBMi8AFBVV95cUxOa2dVN3MxU29uenhWSVY4Y0F0RjVXN0ZndVNXSWUzeVZpRmlJU2ZpLURjMkhQUDZWNE5hQkVWX3l1RERMc0NzdkxQc0xKclpIUDZ6YmJzT25sRkZueFdFZjl6N1RkVlJuZ3JPWEFjOTktVk1tS0NiQ2duekFieW5qLTZ4QkIyWFBBU3FiMXBSVTBsdGF0a3R2ZkIxRDFrdmJDdkk3alhUX2piQmI4c2NoajNiMHBuZl96cncwRjctU2RxQmxhaVJLMWVxZC02SEFmN2EzTjM1cDdIV3lCQnNITlYxdEJKRkhHRzQ0bGdfM03SAYsCQVVfeXFMT25XMWdkSDYxVGxHREQ2X1hFN25ld2dLaF8wd2pEVDBQbXd2ODZENmRLOUdqMzdTSXJFZk1KVXhnTVdfbVIxcWJnNF9YblZhb2JBUm1VLTkyUnQ1S002bVhyYjB6VGp5SEFqaUIzSWtaRU1vN0FQRDdOYUhCVFdZZ0tKY2UxdHBBb2R5QmNSdVU2NWRDR1JLb0NnNWgtVlFzaGJiU1U1U2drb0I4bVlLOTZ3SVFIdVFyWUE2MHdPWGpEdkh4eG1FZVJTLVhKQW84UVZaUm1mWkZFMzdXSlpybXZOLWtzeG1aQWhaR3NKV0ZMQnBfRDFvZkp4Q3d4dDA2WDQ0dkV0REh4dVFB?oc=5"" target=""_blank"">Lluvias afectan la movilidad en Bogotá: suspenden temporalmente el TransMiCable por condiciones climáticas adversas</a>&nbsp;&nbsp;<font color=""#6f6f6f"">Infobae</font>","""pavimento"" Bogotá",Google News RSS,2026-09-21T11:45:33-05:00
news_00272,⁠En video quedó violento ataque de un peatón a motociclista en Bogotá: lo hizo caer tras golpearlo en la cara - Infobae,https://news.google.com/rss/articles/CBMi2wFBVV95cUxPUTZtcjdXbUwxZy1Yc0NzZ3pBeXhFY05WaG1Ib1NGN2hBRzlQUmJ6MFhYd0Vha0YzOFdDNjlUbV81X2hqMUF6VUQ2VWFRNlN1c01MUFlobWNNT05aMnFaN08xU0J3VEdkcDQ5aVptdTZSV2pvRENrSHZLVGlUdThFYV8xdkpSWE1zM1U5b2JFNHMxQXNuemN0QkFQM05lVWo0OUdYamFVbWtsbFFyckZHZUM2RnN3OUpuT2hVQnJoYjZEbmtneTdHTUFPVG10Tk0xTnZJTHl4SWpOa2PSAfYBQVVfeXFMTkVDcGJrSncxaUlBUFRfTmRQZkNiZjJycWE5azhLVVl1UHBBM3I2eEY2clN3WHpTS2V3dWhZM2hmeUtwYlFRVlJfX2RYTmRvb2lWR2tKcEs5NDNVZjA1UEJZeHFwSXV5OHc5SlpNVnM4MUswRklhbnBPT2pRZ1RCMkFqN3lDTnJYSlNCZC1CUktfYUkxeVJFVk56T0ZqemF2YUJLNGRyWHhGSFdndE5WV0YzeEYtWDcwQmQ2MTVGeGZiQUV4YUNUS21CSVQ0bmRINWcwRFN2S2FCSncyOXZqOENUcmNUYWZTOEc0eENzSXdqVWd3aTZR?oc=5,"Mon, 26 May 2025 07:00:00 GMT","<a href=""https://news.google.com/rss/articles/CBMi2wFBVV95cUxPUTZtcjdXbUwxZy1Yc0NzZ3pBeXhFY05WaG1Ib1NGN2hBRzlQUmJ6MFhYd0Vha0YzOFdDNjlUbV81X2hqMUF6VUQ2VWFRNlN1c01MUFlobWNNT05aMnFaN08xU0J3VEdkcDQ5aVptdTZSV2pvRENrSHZLVGlUdThFYV8xdkpSWE1zM1U5b2JFNHMxQXNuemN0QkFQM05lVWo0OUdYamFVbWtsbFFyckZHZUM2RnN3OUpuT2hVQnJoYjZEbmtneTdHTUFPVG10Tk0xTnZJTHl4SWpOa2PSAfYBQVVfeXFMTkVDcGJrSncxaUlBUFRfTmRQZkNiZjJycWE5azhLVVl1UHBBM3I2eEY2clN3WHpTS2V3dWhZM2hmeUtwYlFRVlJfX2RYTmRvb2lWR2tKcEs5NDNVZjA1UEJZeHFwSXV5OHc5SlpNVnM4MUswRklhbnBPT2pRZ1RCMkFqN3lDTnJYSlNCZC1CUktfYUkxeVJFVk56T0ZqemF2YUJLNGRyWHhGSFdndE5WV0YzeEYtWDcwQmQ2MTVGeGZiQUV4YUNUS21CSVQ0bmRINWcwRFN2S2FCSncyOXZqOENUcmNUYWZTOEc0eENzSXdqVWd3aTZR?oc=5"" target=""_blank"">⁠En video quedó violento ataque de un peatón a motociclista en Bogotá: lo hizo caer tras golpearlo en la cara</a>&nbsp;&nbsp;<font color=""#6f6f6f"">Infobae</font>","""pavimento"" Bogotá",Google News RSS,2026-09-21T11:45:33-05:00
news_00273,¿Cuándo se entrega el tercer carril Bogotá-Girardot? Así van los avances de la vía: ANI - Caracol Radio,https://news.google.com/rss/articles/CBMiuwFBVV95cUxNSjBHVmp0cGdEN1V1TU5Fcm4yLW94ajJCUS1HZ0xYbWk2TmdBMXkwakF6MHJFWXFhbUZTUXMyeWlCT3dYVGpiN2RQSlUtdXM0ZjkwVDBTTGQtNnFnLXg2cmI5enVUa3U1UnZwS1ptVXJCQXFJZlZoVWVjUDlGbktWOVhoRmFVTENKbGNkaGUwb2lHbmVjM1VBZHpmblozeW4wVzlpd1JDYlk1VUxLdjRrdTA4ZGN1UzRuVjlv0gHPAUFVX3lxTE1ib0hjdFBVMHdBX2lTZDQ1ZG9oMG9kMWlSTXo4Ums2ZFpwZTRld3pCYzFfeFQ2di13MGJ3NlhQSmsxbmF0dUphQVpZVnNsNndrQ3pRd2t3SU5SNzFYNllKQk8tR25wWVhZdGxwWDc3Xzh2NDk2dWVhX0U1NVBNMmNMSi1JYVpYeU1FSVFhSDR5WG9BcnFpX05Xc2hMc1FIVGhkUVlqLVY3Rm9FX3ZFYjR4cmhRcHlJM0d4ZlZiRjBlbHJESGoyYnVweEFXMHBRZw?oc=5,"Thu, 19 Dec 2024 08:00:00 GMT","<a href=""https://news.google.com/rss/articles/CBMiuwFBVV95cUxNSjBHVmp0cGdEN1V1TU5Fcm4yLW94ajJCUS1HZ0xYbWk2TmdBMXkwakF6MHJFWXFhbUZTUXMyeWlCT3dYVGpiN2RQSlUtdXM0ZjkwVDBTTGQtNnFnLXg2cmI5enVUa3U1UnZwS1ptVXJCQXFJZlZoVWVjUDlGbktWOVhoRmFVTENKbGNkaGUwb2lHbmVjM1VBZHpmblozeW4wVzlpd1JDYlk1VUxLdjRrdTA4ZGN1UzRuVjlv0gHPAUFVX3lxTE1ib0hjdFBVMHdBX2lTZDQ1ZG9oMG9kMWlSTXo4Ums2ZFpwZTRld3pCYzFfeFQ2di13MGJ3NlhQSmsxbmF0dUphQVpZVnNsNndrQ3pRd2t3SU5SNzFYNllKQk8tR25wWVhZdGxwWDc3Xzh2NDk2dWVhX0U1NVBNMmNMSi1JYVpYeU1FSVFhSDR5WG9BcnFpX05Xc2hMc1FIVGhkUVlqLVY3Rm9FX3ZFYjR4cmhRcHlJM0d4ZlZiRjBlbHJESGoyYnVweEFXMHBRZw?oc=5"" target=""_blank"">¿Cuándo se entrega el tercer carril Bogotá-Girardot? Así van los avances de la vía: ANI</a>&nbsp;&nbsp;<font color=""#6f6f6f"">Caracol Radio</font>","""pavimento"" Bogotá",Google News RSS,2026-09-21T11:45:33-05:00
news_00274,La millonaria inversión destinada a recuperar la vía que conecta a Medellín y Bogotá: Invías reveló detalles - Infobae,https://news.google.com/rss/articles/CBMi5wFBVV95cUxNR3UtOEtYU2RoWXdIS3laemt5ZDVLZnZpSER5VGVXUjBaZmVYbWdYWUpBOE4xX3BaNTVBX0FIRFFkcWt6b3ByS0NycUtyRDNKQ2lmaDQydGpudXZTUXVnbW1WSW4xWWNhVkdRWENLeEVsQlRkWVFBMHMwVnZ3cEFnZFk0eFVtTHJ0dm05YlJuREdzX25US3J5WVhfS3htSWVROG5qWnZ0UzMxMV9zZ3FaLXY0dkhxbFpUVnJjWUJzRFRmTzlDTWI4S2pOWlU0NVRQbjcwMi1fNFlpUko4WVlMVFdnakJ5b2vSAYICQVVfeXFMT3VLcVdRdVVMM2xlckRNc2U4X09Hc2wtLUdrWFk0aXNaZVpHTVhEU0ZwbGRmNnBoVHJzSW5nSzB5dEZBQUpXc2lVenZrSFBxR2EtX0hjLTZ4OGZodmU1UkNwNXhRbGdsVWo0NXdFZlZ2UURxZEdBT0N1U1RCOF9TMi1xcXdlOXJnakdsblF0ZWxOQW1FUXhoamJuWGY0eXI0Y0RYaEtXTWhid2NtQjI4NXlVYXVnQ25DY0FoaUpSdTRkSzZlRnZOUE1qUTRDRVZoYUJ2R0daS3BhWXNibjAzRjg4amNraDBoZnJFSFRxQ1M1MTFGLWRFdThFVW5PcWtLUkJn?oc=5,"Wed, 09 Apr 2025 07:00:00 GMT","<a href=""https://news.google.com/rss/articles/CBMi5wFBVV95cUxNR3UtOEtYU2RoWXdIS3laemt5ZDVLZnZpSER5VGVXUjBaZmVYbWdYWUpBOE4xX3BaNTVBX0FIRFFkcWt6b3ByS0NycUtyRDNKQ2lmaDQydGpudXZTUXVnbW1WSW4xWWNhVkdRWENLeEVsQlRkWVFBMHMwVnZ3cEFnZFk0eFVtTHJ0dm05YlJuREdzX25US3J5WVhfS3htSWVROG5qWnZ0UzMxMV9zZ3FaLXY0dkhxbFpUVnJjWUJzRFRmTzlDTWI4S2pOWlU0NVRQbjcwMi1fNFlpUko4WVlMVFdnakJ5b2vSAYICQVVfeXFMT3VLcVdRdVVMM2xlckRNc2U4X09Hc2wtLUdrWFk0aXNaZVpHTVhEU0ZwbGRmNnBoVHJzSW5nSzB5dEZBQUpXc2lVenZrSFBxR2EtX0hjLTZ4OGZodmU1UkNwNXhRbGdsVWo0NXdFZlZ2UURxZEdBT0N1U1RCOF9TMi1xcXdlOXJnakdsblF0ZWxOQW1FUXhoamJuWGY0eXI0Y0RYaEtXTWhid2NtQjI4NXlVYXVnQ25DY0FoaUpSdTRkSzZlRnZOUE1qUTRDRVZoYUJ2R0daS3BhWXNibjAzRjg4amNraDBoZnJFSFRxQ1M1MTFGLWRFdThFVW5PcWtLUkJn?oc=5"" target=""_blank"">La millonaria inversión destinada a recuperar la vía que conecta a Medellín y Bogotá: Invías reveló detalles</a>&nbsp;&nbsp;<font color=""#6f6f6f"">Infobae</font>","""pavimento"" Bogotá",Google News RSS,2026-09-21T11:45:33-05:00
news_00275,"Cierre parcial en la vía Bogotá-La Calera: conozca fechas, horarios y recomendaciones - Caracol Radio",https://news.google.com/rss/articles/CBMiugFBVV95cUxOdjc5d3BhM1hHcXZLOG9vOVZpMUFhRXVNcmVsQ1VlUTItTENsVzVjRC1GN1ZBSlljNDlmY0M0UjlYczRzNWo3dEVDSEN3ZHoybVRFcjFMRWx5QVp4d2M2bXBKSjY3MGJ0SWFGZDd4cGJJVlZaeVgxeWpWLWNxdldoYnpvSWg1dlhGX0U2VDc2T0sxdUZXbnB3V0h5M3lKb3RwMFRDalZLbkRuVWJSazI3ZS1mcDc4OHhIWFHSAc4BQVVfeXFMTV9ncFplOGJ6ZmdNZnl1MXpvUnR4Mm9uRmdjRmM2RDdwRTdVX2dSY0J5UTB2X2JPcV9HeGpzcmZncmprQmliY05kNzZQUXJ1UDR4LXJsX21ZYmZoZ0xOeHVKS0c0MzUxeV93OXdtSzhWUmoxRjh5X3gtOXJpc1QxT0ZfTUtQMVcyU0JCQmV5UzloUURITkdZaHkyTlBoYnNUN05FZU90dXVVczhjY0hpLW8yTVgwZTRrN0hneGxNMnZDa1huRWs4cU5QaGV0MXc?oc=5,"Thu, 10 Jul 2025 07:00:00 GMT","<a href=""https://news.google.com/rss/articles/CBMiugFBVV95cUxOdjc5d3BhM1hHcXZLOG9vOVZpMUFhRXVNcmVsQ1VlUTItTENsVzVjRC1GN1ZBSlljNDlmY0M0UjlYczRzNWo3dEVDSEN3ZHoybVRFcjFMRWx5QVp4d2M2bXBKSjY3MGJ0SWFGZDd4cGJJVlZaeVgxeWpWLWNxdldoYnpvSWg1dlhGX0U2VDc2T0sxdUZXbnB3V0h5M3lKb3RwMFRDalZLbkRuVWJSazI3ZS1mcDc4OHhIWFHSAc4BQVVfeXFMTV9ncFplOGJ6ZmdNZnl1MXpvUnR4Mm9uRmdjRmM2RDdwRTdVX2dSY0J5UTB2X2JPcV9HeGpzcmZncmprQmliY05kNzZQUXJ1UDR4LXJsX21ZYmZoZ0xOeHVKS0c0MzUxeV93OXdtSzhWUmoxRjh5X3gtOXJpc1QxT0ZfTUtQMVcyU0JCQmV5UzloUURITkdZaHkyTlBoYnNUN05FZU90dXVVczhjY0hpLW8yTVgwZTRrN0hneGxNMnZDa1huRWs4cU5QaGV0MXc?oc=5"" target=""_blank"">Cierre parcial en la vía Bogotá-La Calera: conozca fechas, horarios y recomendaciones</a>&nbsp;&nbsp;<font color=""#6f6f6f"">Caracol Radio</font>","""pavimento"" Bogotá",Google News RSS,2026-09-21T11:45:33-05:00
news_00276,"No solo son lluvias, por enorme hueco cierran importante vía en el norte de Bogotá: sugieren rutas alternas - redmas.com.co",https://news.google.com/rss/articles/CBMi6wFBVV95cUxOUklORmxCY2pYUzVjUk5JUEZqR094ekN6MGlDUWtrOXlvU19CY2htbjVTTkM3WmpXUk9xb2RsNlVnc0c4UjFwZEdVYUtIckRzSkw0ODk2TkNPeWxOaDlRS0l6VFVUNTdfX2JRR1A2X1E3UkdSMkhmYXROcU9ZWGNFbW5BRGRkQU5CU1FZZnJSczJYSm44S1hIRW03THYyOUdFNjE2a1BWV0tZZmVyUTBOa0E1a1ZUajUycmhLSDg4R3RMa3dRSktmQkFDZXN3czc1S2JOWXZ5QW1ZYlprWnN1MHc4elZqWTFyX09B?oc=5,"Sun, 10 Nov 2024 08:00:00 GMT","<a href=""https://news.google.com/rss/articles/CBMi6wFBVV95cUxOUklORmxCY2pYUzVjUk5JUEZqR094ekN6MGlDUWtrOXlvU19CY2htbjVTTkM3WmpXUk9xb2RsNlVnc0c4UjFwZEdVYUtIckRzSkw0ODk2TkNPeWxOaDlRS0l6VFVUNTdfX2JRR1A2X1E3UkdSMkhmYXROcU9ZWGNFbW5BRGRkQU5CU1FZZnJSczJYSm44S1hIRW03THYyOUdFNjE2a1BWV0tZZmVyUTBOa0E1a1ZUajUycmhLSDg4R3RMa3dRSktmQkFDZXN3czc1S2JOWXZ5QW1ZYlprWnN1MHc4elZqWTFyX09B?oc=5"" target=""_blank"">No solo son lluvias, por enorme hueco cierran importante vía en el norte de Bogotá: sugieren rutas alternas</a>&nbsp;&nbsp;<font color=""#6f6f6f"">redmas.com.co</font>","""pavimento"" Bogotá",Google News RSS,2026-09-21T11:45:33-05:00
news_00277,Así estará la movilidad durante diciembre para salir de Bogotá - Revista Semana,https://news.google.com/rss/articles/CBMiwwFBVV95cUxNWDlrTjR4ZEVkTHh4VjFhVmFZRnZzSnZDSEZSbUpBQ09icVY2Y3Fmb3FCcmMxYnJieFlGUFJGUmZhNGJOYVZhMHJGenlMSzc5VUVfYWF4VHBOYzFWOFd6N1ZoYkNCdkpjc2VRZ0ZfT21VajlfR0RaRzRCOWE0SDgyR0VRMW42TlM1NzBpd2lyT1MwbDlvQVVNT2xIdVk5T2h0d3RHc0RYeHFxSWpTaEsxazQ5Wlp2ZnptSThnbW1yakpuOXPSAcgBQVVfeXFMTkFVMk01VEFIMmNOLS1ORHVyX1lMS0o5R2JwbzhoX3M1NUl3X0ZvZi0wS2NjT25LZDZUbERkeWNOX1ZnTE5GZ0tFX05kdmZtLURaQmxZaDI3ZkY5QUl4WWxhb0U3aElkQWRIekdkZjE2Wmo3RkFaaF84MDIwcS16S2I3YWozZVRHbjBGeTlnNkI1NEVwcVR2bjVUNTJmb1JPRzZSd0NIakFsWlY1TTBpYjNtd1dMN2l5bG1TdVgyZjJPLV9ickxLZTg?oc=5,"Tue, 03 Dec 2024 08:00:00 GMT","<a href=""https://news.google.com/rss/articles/CBMiwwFBVV95cUxNWDlrTjR4ZEVkTHh4VjFhVmFZRnZzSnZDSEZSbUpBQ09icVY2Y3Fmb3FCcmMxYnJieFlGUFJGUmZhNGJOYVZhMHJGenlMSzc5VUVfYWF4VHBOYzFWOFd6N1ZoYkNCdkpjc2VRZ0ZfT21VajlfR0RaRzRCOWE0SDgyR0VRMW42TlM1NzBpd2lyT1MwbDlvQVVNT2xIdVk5T2h0d3RHc0RYeHFxSWpTaEsxazQ5Wlp2ZnptSThnbW1yakpuOXPSAcgBQVVfeXFMTkFVMk01VEFIMmNOLS1ORHVyX1lMS0o5R2JwbzhoX3M1NUl3X0ZvZi0wS2NjT25LZDZUbERkeWNOX1ZnTE5GZ0tFX05kdmZtLURaQmxZaDI3ZkY5QUl4WWxhb0U3aElkQWRIekdkZjE2Wmo3RkFaaF84MDIwcS16S2I3YWozZVRHbjBGeTlnNkI1NEVwcVR2bjVUNTJmb1JPRzZSd0NIakFsWlY1TTBpYjNtd1dMN2l5bG1TdVgyZjJPLV9ickxLZTg?oc=5"" target=""_blank"">Así estará la movilidad durante diciembre para salir de Bogotá</a>&nbsp;&nbsp;<font color=""#6f6f6f"">Revista Semana</font>","""pavimento"" Bogotá",Google News RSS,2026-09-21T11:45:33-05:00
news_00278,Juan Pablo Montoya tuvo un accidente de tránsito en Bogotá: latas quedaron en el pavimento - NTN24,https://news.google.com/rss/articles/CBMi1AFBVV95cUxNTGl5bWlJa25aMHN5RmljZjU1NEtfdXFnWkNiZzQtX1ZHUGFYa1gyVWRhLU1QVXZhLUZrajhBOU1NSFBnTFZKMFBVblZMNDB2VGN4RWlkc3ZOOG5tZmFUNHgzdkluQWk5ZFZKZGVZM1lUZW1vVG5LbkhKZmpIcGtIUEdnckdNUXNBVjkzc2ViQ3VvR2NiUVZtY0lNQVhZU2tyMlVKaGJNamlyME9WX2lLQlAxODFHbWU3UUFMVExmSUVublpFcXdLSzJFZGVBYkVPVGJnTtIB1AFBVV95cUxNbHkyTHVoZjF1X0RpRGRYal9iVndBZnhjaDdKT3dRTHJlOGpWQnZ5MDZoYkZ6ZTJQVjlCYlVBYU11UklXaXFmMy1hcjdkYnJqQms5bUhYSVJBc3VOeFd3Wm5BbzhjNVRfYnV2UFk4SF9pSFhzejV1UkJORkdBU01aVkJMRkRGSkhaY29JUDQ3OVBXUXBuT0d0Q0ZIOWtoc2l1TmpjblRSX0xYV3FCYjVlUlJnc2g0XzRlOHFtZ0VFaHlMMTh1U0g3TDQ4SGF3ZTZHMGt5MQ?oc=5,"Fri, 22 Dec 2023 08:00:00 GMT","<a href=""https://news.google.com/rss/articles/CBMi1AFBVV95cUxNTGl5bWlJa25aMHN5RmljZjU1NEtfdXFnWkNiZzQtX1ZHUGFYa1gyVWRhLU1QVXZhLUZrajhBOU1NSFBnTFZKMFBVblZMNDB2VGN4RWlkc3ZOOG5tZmFUNHgzdkluQWk5ZFZKZGVZM1lUZW1vVG5LbkhKZmpIcGtIUEdnckdNUXNBVjkzc2ViQ3VvR2NiUVZtY0lNQVhZU2tyMlVKaGJNamlyME9WX2lLQlAxODFHbWU3UUFMVExmSUVublpFcXdLSzJFZGVBYkVPVGJnTtIB1AFBVV95cUxNbHkyTHVoZjF1X0RpRGRYal9iVndBZnhjaDdKT3dRTHJlOGpWQnZ5MDZoYkZ6ZTJQVjlCYlVBYU11UklXaXFmMy1hcjdkYnJqQms5bUhYSVJBc3VOeFd3Wm5BbzhjNVRfYnV2UFk4SF9pSFhzejV1UkJORkdBU01aVkJMRkRGSkhaY29JUDQ3OVBXUXBuT0d0Q0ZIOWtoc2l1TmpjblRSX0xYV3FCYjVlUlJnc2g0XzRlOHFtZ0VFaHlMMTh1U0g3TDQ4SGF3ZTZHMGt5MQ?oc=5"" target=""_blank"">Juan Pablo Montoya tuvo un accidente de tránsito en Bogotá: latas quedaron en el pavimento</a>&nbsp;&nbsp;<font color=""#6f6f6f"">NTN24</font>","""pavimento"" Bogotá",Google News RSS,2026-09-21T11:45:33-05:00
news_00279,"Regresan a las calles de Bogotá las famosas ""estrellas negras"" por víctimas de accidentes - Noticias RCN",https://news.google.com/rss/articles/CBMiywFBVV95cUxOY0hVNXdlR1M0a2pWaU9QQk8tMWZTeGE1OXFKc1VaX1NPbXJWanA5dHlEaGdJTHFsWTRQYnBaeW5obzVyZkxIRFpUenhHcmZmWWJZYWZ0OV9kRFgzSVA4ZWZ5Q3pKUmZCNVZDTnN6VDRNaHp3QURpMTZiNV96dDh1WUJDT1ZCLVpyU1RkTjUzNmZRUGdSQUpkeHIxbUN0enhiR1ZBeWtJNVF3dm00V3lweFNJLVNUc2IwRHc0SEl2YjJraHd6d0NaTUxFWdIBywFBVV95cUxQZENHRlVraHlDTDZfQUQ0RWx3X3hiZC1uWXJkcE5UZ3RiNkU1M3BIRlhEVk1DLVVNSzJOc0ZKUzE3SEM2eEl6azF1TERQcnFjZzBZX2xkVTRDLXRESkNoMHNPQjNpRHl0RHdOQ2d1RXlkdk9xd3pQVURCVHZ6aC1pZnZxbFdjZXBYMGVRemhKZFFPaWVYVHluU0hvNkVheDBSUnRyTWgwR0NTUkRQcDlfRU5IWE9JWHBFUlp3bnU2Qy0tRVhZb1p5SFA3Zw?oc=5,"Mon, 15 Apr 2024 15:06:25 GMT","<a href=""https://news.google.com/rss/articles/CBMiywFBVV95cUxOY0hVNXdlR1M0a2pWaU9QQk8tMWZTeGE1OXFKc1VaX1NPbXJWanA5dHlEaGdJTHFsWTRQYnBaeW5obzVyZkxIRFpUenhHcmZmWWJZYWZ0OV9kRFgzSVA4ZWZ5Q3pKUmZCNVZDTnN6VDRNaHp3QURpMTZiNV96dDh1WUJDT1ZCLVpyU1RkTjUzNmZRUGdSQUpkeHIxbUN0enhiR1ZBeWtJNVF3dm00V3lweFNJLVNUc2IwRHc0SEl2YjJraHd6d0NaTUxFWdIBywFBVV95cUxQZENHRlVraHlDTDZfQUQ0RWx3X3hiZC1uWXJkcE5UZ3RiNkU1M3BIRlhEVk1DLVVNSzJOc0ZKUzE3SEM2eEl6azF1TERQcnFjZzBZX2xkVTRDLXRESkNoMHNPQjNpRHl0RHdOQ2d1RXlkdk9xd3pQVURCVHZ6aC1pZnZxbFdjZXBYMGVRemhKZFFPaWVYVHluU0hvNkVheDBSUnRyTWgwR0NTUkRQcDlfRU5IWE9JWHBFUlp3bnU2Qy0tRVhZb1p5SFA3Zw?oc=5"" target=""_blank"">Regresan a las calles de Bogotá las famosas ""estrellas negras"" por víctimas de accidentes</a>&nbsp;&nbsp;<font color=""#6f6f6f"">Noticias RCN</font>","""pavimento"" Bogotá",Google News RSS,2026-09-21T11:45:33-05:00
news_00280,Falla geológica en la avenida Circunvalar tiene aterrados a los conductores de Bogotá - Infobae,https://news.google.com/rss/articles/CBMiygFBVV95cUxQNGJyY2pVeUNIS1pQUDIxa2U0NlF1MU5tbDB1YThMWEx1b29aVDJzdHRGYWM4TDJwYWlxODFoTEtZWUNnQjRYQUtWa2JDS29TYTlHSFlDdGRCeWRIM2UtTks1MkVNSzNKZ21HQlBJRk54bHl0d0QzSXhNbHlTeUd3VnhWckNFQnRidkRreGkzSnhjSlBQVGFUR3pnMmhuU0h3aUV1S1FJMUNsLXFhN2xWVEhQZGtuQnVWUUt4THFtTzdpM2VGajR6Y1Rn0gHkAUFVX3lxTFAtcGZmWGEtUGVxRS1MR2ItZzBNNG1JRVA2eUxkMmNET1ZLam5weXIzREdzWV84Vk9Ya3N6X0J4azNhS0ZpNDN5MGxCU2w0SThUNlQzbmlZS2w2dERxNFgydkNwU2Q0UC0zUGI3YkV1SFAtd0lQaUxtNmFFUzVKcFYwWGt1QkVodmRCcjhhNWJxUGt6TlJsODZXVldsMGtBaGI3U0xWNTJoM1hJd0NoNEM2MkpwalhyOUJ0T1ZiUFhVT2lSNjVFRWF5Zk1DVGx2QmM5MDZrN2VlMjFFRnJHcDhkeGpxUQ?oc=5,"Fri, 03 Feb 2023 08:00:00 GMT","<a href=""https://news.google.com/rss/articles/CBMiygFBVV95cUxQNGJyY2pVeUNIS1pQUDIxa2U0NlF1MU5tbDB1YThMWEx1b29aVDJzdHRGYWM4TDJwYWlxODFoTEtZWUNnQjRYQUtWa2JDS29TYTlHSFlDdGRCeWRIM2UtTks1MkVNSzNKZ21HQlBJRk54bHl0d0QzSXhNbHlTeUd3VnhWckNFQnRidkRreGkzSnhjSlBQVGFUR3pnMmhuU0h3aUV1S1FJMUNsLXFhN2xWVEhQZGtuQnVWUUt4THFtTzdpM2VGajR6Y1Rn0gHkAUFVX3lxTFAtcGZmWGEtUGVxRS1MR2ItZzBNNG1JRVA2eUxkMmNET1ZLam5weXIzREdzWV84Vk9Ya3N6X0J4azNhS0ZpNDN5MGxCU2w0SThUNlQzbmlZS2w2dERxNFgydkNwU2Q0UC0zUGI3YkV1SFAtd0lQaUxtNmFFUzVKcFYwWGt1QkVodmRCcjhhNWJxUGt6TlJsODZXVldsMGtBaGI3U0xWNTJoM1hJd0NoNEM2MkpwalhyOUJ0T1ZiUFhVT2lSNjVFRWF5Zk1DVGx2QmM5MDZrN2VlMjFFRnJHcDhkeGpxUQ?oc=5"" target=""_blank"">Falla geológica en la avenida Circunvalar tiene aterrados a los conductores de Bogotá</a>&nbsp;&nbsp;<font color=""#6f6f6f"">Infobae</font>","""pavimento"" Bogotá",Google News RSS,2026-09-21T11:45:33-05:00
news_00281,Alcaldía de Bogotá recuperó más de 1.800 metros cuadrados de espacio público ocupados ilegalmente cerca a la plaza de Paloquemao - Revista Semana,https://news.google.com/rss/articles/CBMihAJBVV95cUxPNUFBSFRxNG1pRndvQXBfTnFQR3Z6TDQyMXVoVk9iLXN6V1JjUldrSDJoNGtRbXlXWmNUbEpKRms1dEVLdFNOUWdMcTE3cmRxZjQ5NzBmNjRxYTJueHEtQy1QOFNYRmpWWUhIWC16aWZBQVJGeFRjeUlDc1BhZWNwYzZtMHNyTlRaMTF2elZWeFVPRVBWbGczV3ZYOWpLTHZfRmtXWlEyX01weXNZcC1sU3JTS280WEdJaTJjbmZqc3Y0M1JST0JadnkwMmhpYjBXalg4NllSbWFXZE91R0hOX0g4cnJ1Qnd5TTFySzBrZ1R3ekpJenRZRHp1QWV4NXpYT1o2LdIBigJBVV95cUxPM04wVk9BZXdQbXdMNlVuZjF2bEF4VUtCa3pQVHpzc1JYVUU2WU1qYXJHVU1mMExIbFVQRnNvYUdMeHpKTFdSczctVFBrdk9CaG5uN05lamZyM2gtb0NpV0hibkNuRElJdk5GcDNZalNBZUtBeU1XY2xEV2ZMX0E4cnctREh5VzJCV2d1Vm9JVmw3U3FTUFhNSDZQRG9rODU2SmhQMVdSYUsxbl9lTkdXSldIbzNteHpWQmJER3R6anVnYXFSaHVmN2pkYU5UbWcyWklPdkRaR2c0VmNlb0lvMFp4Y2RFVFZjUEZCTEhPSURFQzFVOC13SDFsZjNQcWlpU0pTNVJkLWNLZw?oc=5,"Wed, 04 Jun 2025 07:00:00 GMT","<a href=""https://news.google.com/rss/articles/CBMihAJBVV95cUxPNUFBSFRxNG1pRndvQXBfTnFQR3Z6TDQyMXVoVk9iLXN6V1JjUldrSDJoNGtRbXlXWmNUbEpKRms1dEVLdFNOUWdMcTE3cmRxZjQ5NzBmNjRxYTJueHEtQy1QOFNYRmpWWUhIWC16aWZBQVJGeFRjeUlDc1BhZWNwYzZtMHNyTlRaMTF2elZWeFVPRVBWbGczV3ZYOWpLTHZfRmtXWlEyX01weXNZcC1sU3JTS280WEdJaTJjbmZqc3Y0M1JST0JadnkwMmhpYjBXalg4NllSbWFXZE91R0hOX0g4cnJ1Qnd5TTFySzBrZ1R3ekpJenRZRHp1QWV4NXpYT1o2LdIBigJBVV95cUxPM04wVk9BZXdQbXdMNlVuZjF2bEF4VUtCa3pQVHpzc1JYVUU2WU1qYXJHVU1mMExIbFVQRnNvYUdMeHpKTFdSczctVFBrdk9CaG5uN05lamZyM2gtb0NpV0hibkNuRElJdk5GcDNZalNBZUtBeU1XY2xEV2ZMX0E4cnctREh5VzJCV2d1Vm9JVmw3U3FTUFhNSDZQRG9rODU2SmhQMVdSYUsxbl9lTkdXSldIbzNteHpWQmJER3R6anVnYXFSaHVmN2pkYU5UbWcyWklPdkRaR2c0VmNlb0lvMFp4Y2RFVFZjUEZCTEhPSURFQzFVOC13SDFsZjNQcWlpU0pTNVJkLWNLZw?oc=5"" target=""_blank"">Alcaldía de Bogotá recuperó más de 1.800 metros cuadrados de espacio público ocupados ilegalmente cerca a la plaza de Paloquemao</a>&nbsp;&nbsp;<font color=""#6f6f6f"">Revista Semana</font>","""pavimento"" Bogotá",Google News RSS,2026-09-21T11:45:33-05:00
news_00282,El peor tramo de la carretera entre Bogotá y Bucaramanga. Este es. - Caracol Radio,https://news.google.com/rss/articles/CBMioAFBVV95cUxOcWVfb1JET2tXejVVSEJ3OUVJOGVUVzctWEp5c3JyR2tmSkZuS3ZTMlNxNFVOVWJmbHZDQ1ljUGZWWEZoNjlYQVBQTkZ3Y3kzZzRSNzlwaHRsLWd5RkdLRXJ0WXA5LTM0NGNUdEV2a21BWnpTQmJveWtfT1oyc09ReDh1WldvYVBZX09CSXFNeElIbUV0NGZlYUcxMk5zSS110gG0AUFVX3lxTE5TcjZ6MHp0VGlLZ1ZyOUp1WHFuREVLZnRWRHA1cExZQldDR2E1ZDNTMG85Z3lIQjh0b0dJS3YyNmt6WVhvZGlRb2hxamdZN25FT2Z3U3dXN2hKM3lxTndpc2JtYUNQUHpfNmRMVWU4WlJpSDI4OTc2RTlfRzBaMVlwZWZjdVk1c3o0YlR6ZWpSai1xNFBGWk8yZUFfcUpCUjFidWV4X2lCMlR5LVdhWWV6eTdqRA?oc=5,"Mon, 14 Jul 2025 07:00:00 GMT","<a href=""https://news.google.com/rss/articles/CBMioAFBVV95cUxOcWVfb1JET2tXejVVSEJ3OUVJOGVUVzctWEp5c3JyR2tmSkZuS3ZTMlNxNFVOVWJmbHZDQ1ljUGZWWEZoNjlYQVBQTkZ3Y3kzZzRSNzlwaHRsLWd5RkdLRXJ0WXA5LTM0NGNUdEV2a21BWnpTQmJveWtfT1oyc09ReDh1WldvYVBZX09CSXFNeElIbUV0NGZlYUcxMk5zSS110gG0AUFVX3lxTE5TcjZ6MHp0VGlLZ1ZyOUp1WHFuREVLZnRWRHA1cExZQldDR2E1ZDNTMG85Z3lIQjh0b0dJS3YyNmt6WVhvZGlRb2hxamdZN25FT2Z3U3dXN2hKM3lxTndpc2JtYUNQUHpfNmRMVWU4WlJpSDI4OTc2RTlfRzBaMVlwZWZjdVk1c3o0YlR6ZWpSai1xNFBGWk8yZUFfcUpCUjFidWV4X2lCMlR5LVdhWWV6eTdqRA?oc=5"" target=""_blank"">El peor tramo de la carretera entre Bogotá y Bucaramanga. Este es.</a>&nbsp;&nbsp;<font color=""#6f6f6f"">Caracol Radio</font>","""pavimento"" Bogotá",Google News RSS,2026-09-21T11:45:33-05:00
news_00283,Vía Bogotá- Girardot: anuncian fechas para la habilitación de dos nuevos tramos - Infobae,https://news.google.com/rss/articles/CBMivwFBVV95cUxQUXpqcTJpSHZ6ZEZyMGFiNm9PQVJaSjZXbXRCckpzNnVfNFc2dkhOR2RTb2ItdzRmWVlTZkxKS1dldXpoTkoxRHpIWnRYclNmeU1RUzVnMFk2SkRXazlpSzdWUnd0TWdrWmFSZVhrVmhZc3ZVZWxaWEhpUFBMMFFpMURhWkFCQ0txVW1TM1VsejlBTmNyV0MwUDN3d0FjSEtSS01qYnlDTWhSSU1vQ1JxWjg5c2hiRjFKaGQ5Wk9YRdIB2gFBVV95cUxPZWlJTVN0R29xbTRuTjM0Mmw5NlRLZnJrMDNyY0NRRV9MVHpSNjAxV3Q2Mi1pWk53V1Z4clJVRDV4dGM4QWtrS0FKdUpSVDJTUmlmRDNlS0ttOHFrMmpWb28yM0YwQlpyMjJJN0JIcE9ESGU3Sm1mRTlVOWFaQ2lTYUZRdHFyamJyUUlnZFFaYVJyR3ByZWFIVFd2bU90bHJlb0NDQ3Y3cEhxMkc4ZEhEbUo2d1BTb3doaUJsZktVeWNySVZETnNOdlZ6eXFQcEs0b3BGeHhJaDdXZw?oc=5,"Thu, 07 Sep 2023 07:00:00 GMT","<a href=""https://news.google.com/rss/articles/CBMivwFBVV95cUxQUXpqcTJpSHZ6ZEZyMGFiNm9PQVJaSjZXbXRCckpzNnVfNFc2dkhOR2RTb2ItdzRmWVlTZkxKS1dldXpoTkoxRHpIWnRYclNmeU1RUzVnMFk2SkRXazlpSzdWUnd0TWdrWmFSZVhrVmhZc3ZVZWxaWEhpUFBMMFFpMURhWkFCQ0txVW1TM1VsejlBTmNyV0MwUDN3d0FjSEtSS01qYnlDTWhSSU1vQ1JxWjg5c2hiRjFKaGQ5Wk9YRdIB2gFBVV95cUxPZWlJTVN0R29xbTRuTjM0Mmw5NlRLZnJrMDNyY0NRRV9MVHpSNjAxV3Q2Mi1pWk53V1Z4clJVRDV4dGM4QWtrS0FKdUpSVDJTUmlmRDNlS0ttOHFrMmpWb28yM0YwQlpyMjJJN0JIcE9ESGU3Sm1mRTlVOWFaQ2lTYUZRdHFyamJyUUlnZFFaYVJyR3ByZWFIVFd2bU90bHJlb0NDQ3Y3cEhxMkc4ZEhEbUo2d1BTb3doaUJsZktVeWNySVZETnNOdlZ6eXFQcEs0b3BGeHhJaDdXZw?oc=5"" target=""_blank"">Vía Bogotá- Girardot: anuncian fechas para la habilitación de dos nuevos tramos</a>&nbsp;&nbsp;<font color=""#6f6f6f"">Infobae</font>","""pavimento"" Bogotá",Google News RSS,2026-09-21T11:45:33-05:00
news_00284,Así será la movilidad en la vía Bogotá – Ibagué durante este puente festivo - El Olfato,https://news.google.com/rss/articles/CBMiowFBVV95cUxQcU1JdzduSmRUQ0hhblFySm03QjVYSDJXNGlwRnFxOWV2LVFOLU4tMGI2RnMtRFpYRzNud2UyU2NsejJvRnFuX3lXNnBXUk96VGtQbGVNUmkzZHFBZFREWEM1Qkk1QVhDcTR1elNUT2RLVFhydkZaSGFTRzVTMDR2MkFQUG5OOTFfY2pkeXJIbmgzeC1ZaEdhM0ZjUkpZeG5lVGI0?oc=5,"Fri, 14 May 2021 07:00:00 GMT","<a href=""https://news.google.com/rss/articles/CBMiowFBVV95cUxQcU1JdzduSmRUQ0hhblFySm03QjVYSDJXNGlwRnFxOWV2LVFOLU4tMGI2RnMtRFpYRzNud2UyU2NsejJvRnFuX3lXNnBXUk96VGtQbGVNUmkzZHFBZFREWEM1Qkk1QVhDcTR1elNUT2RLVFhydkZaSGFTRzVTMDR2MkFQUG5OOTFfY2pkeXJIbmgzeC1ZaEdhM0ZjUkpZeG5lVGI0?oc=5"" target=""_blank"">Así será la movilidad en la vía Bogotá – Ibagué durante este puente festivo</a>&nbsp;&nbsp;<font color=""#6f6f6f"">El Olfato</font>","""pavimento"" Bogotá",Google News RSS,2026-09-21T11:45:33-05:00
news_00285,A la presentadora Carolina Gómez le robaron el celular y la arrastraron por el pavimento en Bogotá - Blu Radio,https://news.google.com/rss/articles/CBMizAFBVV95cUxPajhPOFp4VUJGTFBSdzZmNjRyQVVmUFFnZmJJX0g3Mlp4SnJOMzljNElfZXM0Z3hBajNPclo3NG81Y0I0UjFVTkJBLWZCRTkzMTdiTWFkd3pBVlVObVRpdno0UXlNNS1XTWdmTWlvVFh1QkZyOFB1S09hcC0xMlhqWVliYkQ2UnVnc0xfalVSM2pfT0lKU1BrZXhIMzlNamR0MGl1OTNZTURkZkZEeEQtMDFaV0NRejFFOWJacnlfY1lLcElGSGRnX1ZhZFrSAdoBQVVfeXFMUHFtbnZIaktOQ2RFX2tfQVlVSUtpNXl0RUNYei1TM2pjRk9mb1lTdVc4aHprX2VYdTJ0ZlFURHAyX21tbVJYQjg1WUdueURpRXdzb3dvYjdRR2dlS0dnQ2xGakxDSm8wUHJyNEo0eUdFR0wxQllWOU14Q1lOSEZjMnVrS3FQcDdTYjRJckR5QTdwZkVzX2RyM0xiUUFOYWpNX2EzUVNHWl8yRFUwd2RsN2JmRzJzY0xMTG8yTWR3YkR5aGJDTDYyR3VJVUlBc1hwWTRZVlpBNkhfTlE?oc=5,"Wed, 24 Nov 2021 08:00:00 GMT","<a href=""https://news.google.com/rss/articles/CBMizAFBVV95cUxPajhPOFp4VUJGTFBSdzZmNjRyQVVmUFFnZmJJX0g3Mlp4SnJOMzljNElfZXM0Z3hBajNPclo3NG81Y0I0UjFVTkJBLWZCRTkzMTdiTWFkd3pBVlVObVRpdno0UXlNNS1XTWdmTWlvVFh1QkZyOFB1S09hcC0xMlhqWVliYkQ2UnVnc0xfalVSM2pfT0lKU1BrZXhIMzlNamR0MGl1OTNZTURkZkZEeEQtMDFaV0NRejFFOWJacnlfY1lLcElGSGRnX1ZhZFrSAdoBQVVfeXFMUHFtbnZIaktOQ2RFX2tfQVlVSUtpNXl0RUNYei1TM2pjRk9mb1lTdVc4aHprX2VYdTJ0ZlFURHAyX21tbVJYQjg1WUdueURpRXdzb3dvYjdRR2dlS0dnQ2xGakxDSm8wUHJyNEo0eUdFR0wxQllWOU14Q1lOSEZjMnVrS3FQcDdTYjRJckR5QTdwZkVzX2RyM0xiUUFOYWpNX2EzUVNHWl8yRFUwd2RsN2JmRzJzY0xMTG8yTWR3YkR5aGJDTDYyR3VJVUlBc1hwWTRZVlpBNkhfTlE?oc=5"" target=""_blank"">A la presentadora Carolina Gómez le robaron el celular y la arrastraron por el pavimento en Bogotá</a>&nbsp;&nbsp;<font color=""#6f6f6f"">Blu Radio</font>","""pavimento"" Bogotá",Google News RSS,2026-09-21T11:45:33-05:00
news_00286,Se lo tragó la tierra: un bus del Sitp con pasajeros a bordo se fue a un hueco en Bogotá - Infobae,https://news.google.com/rss/articles/CBMizAFBVV95cUxQa0FWQlIxZUVIem9SekhlMm1RYnBudFZXNTM5Z1BIZUV4UUhFMmc2Wm12ZTJTTVhZZlpLZHotZzc4Z1BZdThfc21NN1Z1aVRic0RKbHdwXzRLV0NZSGp1UlZiOGRGZTNpbDk2YVZLWkg5ZEJEWlJVdkZTT2JIc2hZYlFHaDFia0hPZXF0eG9KTGdveHQzWFhOcnU3NHoxVnVRVm40TkpEcTkyb21naS1XMEtHSzU1aDNYVDMwajR5UVJxekVESUJqVk0tcjPSAecBQVVfeXFMT0Y3b0JORkw5OXVJaXlOWWY3Q1g3WW5rZU1rdjNSTzhfcGhBUm1ZUVd4YkVjcjgwaWltdFhRajV3dE5rYndzeTM2dWMwQUFxTDlfZnIzWEhtSVZ4cmZpQ2ppbFh4RmtrWlpaeUp3dFdUNk51cWxqQWwzSXB5NnZUaHN2V3JGYk0yRURjZGRKQ1E1Y3RYTTJnenJJb1JPTnZOeXdqdUdiT2d6bi1lYjNsY1l5VHdVMGtxUVVrcDhnV0dYQWJ0NFpEc2p3U2JkcTQ0VFQyZ21Kak04T1hrdnZhOVZYSjluYkhR?oc=5,"Thu, 04 Apr 2024 07:00:00 GMT","<a href=""https://news.google.com/rss/articles/CBMizAFBVV95cUxQa0FWQlIxZUVIem9SekhlMm1RYnBudFZXNTM5Z1BIZUV4UUhFMmc2Wm12ZTJTTVhZZlpLZHotZzc4Z1BZdThfc21NN1Z1aVRic0RKbHdwXzRLV0NZSGp1UlZiOGRGZTNpbDk2YVZLWkg5ZEJEWlJVdkZTT2JIc2hZYlFHaDFia0hPZXF0eG9KTGdveHQzWFhOcnU3NHoxVnVRVm40TkpEcTkyb21naS1XMEtHSzU1aDNYVDMwajR5UVJxekVESUJqVk0tcjPSAecBQVVfeXFMT0Y3b0JORkw5OXVJaXlOWWY3Q1g3WW5rZU1rdjNSTzhfcGhBUm1ZUVd4YkVjcjgwaWltdFhRajV3dE5rYndzeTM2dWMwQUFxTDlfZnIzWEhtSVZ4cmZpQ2ppbFh4RmtrWlpaeUp3dFdUNk51cWxqQWwzSXB5NnZUaHN2V3JGYk0yRURjZGRKQ1E1Y3RYTTJnenJJb1JPTnZOeXdqdUdiT2d6bi1lYjNsY1l5VHdVMGtxUVVrcDhnV0dYQWJ0NFpEc2p3U2JkcTQ0VFQyZ21Kak04T1hrdnZhOVZYSjluYkhR?oc=5"" target=""_blank"">Se lo tragó la tierra: un bus del Sitp con pasajeros a bordo se fue a un hueco en Bogotá</a>&nbsp;&nbsp;<font color=""#6f6f6f"">Infobae</font>","""pavimento"" Bogotá",Google News RSS,2026-09-21T11:45:33-05:00
news_00287,Motociclista falleció 20 días después de accidente en la vía Manizales-Bogotá - La Patria,https://news.google.com/rss/articles/CBMiqgFBVV95cUxORGJWc29OWm1iVTZRb0FOVmZkbzUwYUJWVEhhZjNlVzJNSGZfQjhaOHUyODZxRlZ3aHZzMW1HX2l5bXduT0k0MmdBN1ZxUzU4aHhJQjA2aVI3T2xaTFBWUG5mWDdLamtJSmN6X0YtSVVXQVZlQzBPOXhVYmpTeXhaMnBTZjAxT3d4ZXRDcEQ3RU9UZ0VWUFN5X1M0bVJmeEl5NDdUOVpXZmtZZw?oc=5,"Thu, 18 Sep 2025 07:00:00 GMT","<a href=""https://news.google.com/rss/articles/CBMiqgFBVV95cUxORGJWc29OWm1iVTZRb0FOVmZkbzUwYUJWVEhhZjNlVzJNSGZfQjhaOHUyODZxRlZ3aHZzMW1HX2l5bXduT0k0MmdBN1ZxUzU4aHhJQjA2aVI3T2xaTFBWUG5mWDdLamtJSmN6X0YtSVVXQVZlQzBPOXhVYmpTeXhaMnBTZjAxT3d4ZXRDcEQ3RU9UZ0VWUFN5X1M0bVJmeEl5NDdUOVpXZmtZZw?oc=5"" target=""_blank"">Motociclista falleció 20 días después de accidente en la vía Manizales-Bogotá</a>&nbsp;&nbsp;<font color=""#6f6f6f"">La Patria</font>","""pavimento"" Bogotá",Google News RSS,2026-09-21T11:45:33-05:00
news_00288,Motoladrones arrastran a menor de edad en Bogotá: En la clínica la mandaron a bañarse con agua fría - redmas.com.co,https://news.google.com/rss/articles/CBMi4gFBVV95cUxOVWNRYWNydWZIM2RnUlZFcVNUUkRIUXU2bVY3dHg3aHNEU2x5MzRTRncxUzlSRVl5cVU3LTF6M1hFV0Zxb1h5SkhNSGdFdVVfQVVYbVZRRWJJNGJqRTFoQkVOM1N1YXNlemVVeWhjSFY2eTcyY1VOQlJFTXhYcnRfc3Q0VHRpNTkzRk9hMXpkdnBraV8yVWR3ejRIMWlpZGVPRWpRYS1BNmRpMmx4Mk9JS1diZVRlMno1MkdGY04wS0ZQN0R1SHdIaU9NUkdkX2RHQnRkTEpuUE54X3hIMldNVzVn?oc=5,"Sat, 31 Aug 2024 07:00:00 GMT","<a href=""https://news.google.com/rss/articles/CBMi4gFBVV95cUxOVWNRYWNydWZIM2RnUlZFcVNUUkRIUXU2bVY3dHg3aHNEU2x5MzRTRncxUzlSRVl5cVU3LTF6M1hFV0Zxb1h5SkhNSGdFdVVfQVVYbVZRRWJJNGJqRTFoQkVOM1N1YXNlemVVeWhjSFY2eTcyY1VOQlJFTXhYcnRfc3Q0VHRpNTkzRk9hMXpkdnBraV8yVWR3ejRIMWlpZGVPRWpRYS1BNmRpMmx4Mk9JS1diZVRlMno1MkdGY04wS0ZQN0R1SHdIaU9NUkdkX2RHQnRkTEpuUE54X3hIMldNVzVn?oc=5"" target=""_blank"">Motoladrones arrastran a menor de edad en Bogotá: En la clínica la mandaron a bañarse con agua fría</a>&nbsp;&nbsp;<font color=""#6f6f6f"">redmas.com.co</font>","""pavimento"" Bogotá",Google News RSS,2026-09-21T11:45:33-05:00
news_00289,Joven es arrastrada 300 metros por un bus del SITP en Bogotá: impactantes imágenes - City Tv,https://news.google.com/rss/articles/CBMizwFBVV95cUxQRXpoNUxnM2x1bWlUem9tWmllR1VPTWRBQzJ4cEdIRldjOHpkMy1JT01HcWJJQ256VVBLUnQ5S0ptbTM3b0ZJOVc1WFZjTXNGTFBXWlFnWGtfT0RIdWF1dVFWcFNvWHNWeFpKaEZXZmRWRmdubGdzVWkxODFLVlF2WkpDdmR3clczalB3MTRkdGpKN0Y3NkpBNDRjalA5bkUtaWFNQnJKM0tNU1VqNEQyOVpmU3RwQm5CUXFwNEl6WWJpVHpHa3NSZTlONXhtRUXSAdcBQVVfeXFMTnRaUXpBNFNsZW1pLW56NVJVRDdXQWRZU3k4cEgtOTFQeVplWmN3Nlcwb3owV0lwXzBleEhJMXRQT2VKR0ZzUy1sbXlFYlRlWXVzLWpwdnNYMWNXTGVuUEZOY3RKNERFaUt3djVSUTctX3BJOWJTOHhzRXV2UFZZb2tKZVR6V3hJYjJoUlBWTWtGbE1TLXpIeHN3R1dvc05od2k4XzdIekZuNWpoeFRoUWVubzJWY3BWTFJHOHd3cGxENlpVLWFOVk5CODhqN01SSnNfMG82UTQ?oc=5,"Fri, 28 Feb 2025 08:00:00 GMT","<a href=""https://news.google.com/rss/articles/CBMizwFBVV95cUxQRXpoNUxnM2x1bWlUem9tWmllR1VPTWRBQzJ4cEdIRldjOHpkMy1JT01HcWJJQ256VVBLUnQ5S0ptbTM3b0ZJOVc1WFZjTXNGTFBXWlFnWGtfT0RIdWF1dVFWcFNvWHNWeFpKaEZXZmRWRmdubGdzVWkxODFLVlF2WkpDdmR3clczalB3MTRkdGpKN0Y3NkpBNDRjalA5bkUtaWFNQnJKM0tNU1VqNEQyOVpmU3RwQm5CUXFwNEl6WWJpVHpHa3NSZTlONXhtRUXSAdcBQVVfeXFMTnRaUXpBNFNsZW1pLW56NVJVRDdXQWRZU3k4cEgtOTFQeVplWmN3Nlcwb3owV0lwXzBleEhJMXRQT2VKR0ZzUy1sbXlFYlRlWXVzLWpwdnNYMWNXTGVuUEZOY3RKNERFaUt3djVSUTctX3BJOWJTOHhzRXV2UFZZb2tKZVR6V3hJYjJoUlBWTWtGbE1TLXpIeHN3R1dvc05od2k4XzdIekZuNWpoeFRoUWVubzJWY3BWTFJHOHd3cGxENlpVLWFOVk5CODhqN01SSnNfMG82UTQ?oc=5"" target=""_blank"">Joven es arrastrada 300 metros por un bus del SITP en Bogotá: impactantes imágenes</a>&nbsp;&nbsp;<font color=""#6f6f6f"">City Tv</font>","""pavimento"" Bogotá",Google News RSS,2026-09-21T11:45:33-05:00
news_00290,"Ojo, cerraron tramo de la vía Bogotá - Girardot tras una enorme 'grieta'; autoridades hicieron recomendaciones a conductores - El Tiempo",https://news.google.com/rss/articles/CBMiygFBVV95cUxNQUR0cEoxbEh4a2p3T3dYNUE2dDBzY21LaFhwakFZRHMwR1BMcm14bHdoNDBneXBleXptRFdFQU1MZ0drT3RGYXc5TVVHZFNJWFRJd08yaWh3MXFHVHdPbDJuOWNSRFJxZlp4ZVBjNFFxV2ZISzZ3bTh4LWs5OEF3bTN4bDdLNFhkb21aVzBmT0NQeXdxM1o3RERrR2p0VklFMWFKRmFCQXc2aG01UzVGcHZGVFVPZHU3cGpaLUJVTWMwdlhZemlYenRB0gHPAUFVX3lxTE1zd2d5SVVpUWtzS2VJaXl2ZHUtNklCTUxIYm9uT3EyekFRYWFERF9mcEJyY1hKQXFuaERySnRQQkpVbURLTFRUcnl2UEhoZ1RYdTdiam1peWVjamh3a0xMUUVhRXkxOWVpM1hsOHI1MUN2ZEtUZUxJWGRaRFk3LVltZXpxVVd3bW1YZUVpTlJtLU5zTThsLWprMC1kSzJDZTJHTUdSRkV4d2cwQ2JKaHlaQnBnbHV1V2NtV3luV0JISU5ZRnQwdjJ3ZnJRRkxKbw?oc=5,"Thu, 21 Nov 2024 08:00:00 GMT","<a href=""https://news.google.com/rss/articles/CBMiygFBVV95cUxNQUR0cEoxbEh4a2p3T3dYNUE2dDBzY21LaFhwakFZRHMwR1BMcm14bHdoNDBneXBleXptRFdFQU1MZ0drT3RGYXc5TVVHZFNJWFRJd08yaWh3MXFHVHdPbDJuOWNSRFJxZlp4ZVBjNFFxV2ZISzZ3bTh4LWs5OEF3bTN4bDdLNFhkb21aVzBmT0NQeXdxM1o3RERrR2p0VklFMWFKRmFCQXc2aG01UzVGcHZGVFVPZHU3cGpaLUJVTWMwdlhZemlYenRB0gHPAUFVX3lxTE1zd2d5SVVpUWtzS2VJaXl2ZHUtNklCTUxIYm9uT3EyekFRYWFERF9mcEJyY1hKQXFuaERySnRQQkpVbURLTFRUcnl2UEhoZ1RYdTdiam1peWVjamh3a0xMUUVhRXkxOWVpM1hsOHI1MUN2ZEtUZUxJWGRaRFk3LVltZXpxVVd3bW1YZUVpTlJtLU5zTThsLWprMC1kSzJDZTJHTUdSRkV4d2cwQ2JKaHlaQnBnbHV1V2NtV3luV0JISU5ZRnQwdjJ3ZnJRRkxKbw?oc=5"" target=""_blank"">Ojo, cerraron tramo de la vía Bogotá - Girardot tras una enorme 'grieta'; autoridades hicieron recomendaciones a conductores</a>&nbsp;&nbsp;<font color=""#6f6f6f"">El Tiempo</font>","""pavimento"" Bogotá",Google News RSS,2026-09-21T11:45:33-05:00
news_00291,El municipio más grande de Colombia tendrá aeropuerto en 2025: los trayectos reducirían significativamente - Infobae,https://news.google.com/rss/articles/CBMi5gFBVV95cUxPaTJWM29SSTBnRDRoM1ZxYTROYTk0aTBRS3JtTWhIa0JNdVhXdER1WVg3Q3ppbXN3cEFhRlFCUDdfekNVOUdYMjZEX3UzTGZ4YlZyMzkycUFmQW03NnVBbmdzREpCM2RYeDBGem5VVGJaNnhSX1F3X0xMRlF0NXN1WHBsNzNNOThxQmRQSXVfNE5mSkRqTk03a2ZKMnY4MmJ1N201QnRWVi1NUTZhektpR3hYZVcta19UQ2l2eGVhdXRMQUZ3S0ZybFNzaVBrWlRTMGYyOHRfWkV2VHlNdXZPbGIxOHhEUdIBgAJBVV95cUxQeWdyOW1nLVpZZHVfZUdtNWwzczlRZXZtYzVlMzN3NzZNYWlMWU9MdWRBSGk3NTVpaTJqcUhHbFprQUJNbG5sT3BkMWwxS0s4a3JraXNURTdLeUxRZ1lLS0pMNmdNSXNPYjVTZ3hvLVVDSEV3U3UwMHcxV1EzcS1vdXZGV0wtUkprY2hpZ1NfR0czRXo2d2k5Y2JxS0E1UExHNXZtWGRhakJvT0dOV1ZsdV9UYnhIZEhfUVNQZVRUd3U0ajNCZkpUaWpwRWk1QWstb3hNblNJZzJPSk0tRVVaZk1hRGs4S253VnQxX21xZjdSVnc2eThYNmIyMlZONDZG?oc=5,"Sun, 29 Dec 2024 08:00:00 GMT","<a href=""https://news.google.com/rss/articles/CBMi5gFBVV95cUxPaTJWM29SSTBnRDRoM1ZxYTROYTk0aTBRS3JtTWhIa0JNdVhXdER1WVg3Q3ppbXN3cEFhRlFCUDdfekNVOUdYMjZEX3UzTGZ4YlZyMzkycUFmQW03NnVBbmdzREpCM2RYeDBGem5VVGJaNnhSX1F3X0xMRlF0NXN1WHBsNzNNOThxQmRQSXVfNE5mSkRqTk03a2ZKMnY4MmJ1N201QnRWVi1NUTZhektpR3hYZVcta19UQ2l2eGVhdXRMQUZ3S0ZybFNzaVBrWlRTMGYyOHRfWkV2VHlNdXZPbGIxOHhEUdIBgAJBVV95cUxQeWdyOW1nLVpZZHVfZUdtNWwzczlRZXZtYzVlMzN3NzZNYWlMWU9MdWRBSGk3NTVpaTJqcUhHbFprQUJNbG5sT3BkMWwxS0s4a3JraXNURTdLeUxRZ1lLS0pMNmdNSXNPYjVTZ3hvLVVDSEV3U3UwMHcxV1EzcS1vdXZGV0wtUkprY2hpZ1NfR0czRXo2d2k5Y2JxS0E1UExHNXZtWGRhakJvT0dOV1ZsdV9UYnhIZEhfUVNQZVRUd3U0ajNCZkpUaWpwRWk1QWstb3hNblNJZzJPSk0tRVVaZk1hRGs4S253VnQxX21xZjdSVnc2eThYNmIyMlZONDZG?oc=5"" target=""_blank"">El municipio más grande de Colombia tendrá aeropuerto en 2025: los trayectos reducirían significativamente</a>&nbsp;&nbsp;<font color=""#6f6f6f"">Infobae</font>","""pavimento"" Bogotá",Google News RSS,2026-09-21T11:45:33-05:00
news_00292,Después de 30 años llegó el pavimento al barrio Pablo VI de Soacha - Periodismo Público,https://news.google.com/rss/articles/CBMinAFBVV95cUxQeF95RGU4NmlCNE9uMWxTaGxOYk50TmZ5eGhPTHljc2tBZ21EMzFtWHJoTGNDMFJUZk1KUWt4cTNWZ3d6UEg3S1A3NWt6TFVYR19raDBkSkx1Ty1oZ3dYOEctcEdaMUZYRmZvbXpJenZrYjBfeVVWWEZ3U3NvSVkzeWJxOUF3NHBlaUhiZ19pRnpvWnFwck44dkJoNVc?oc=5,"Tue, 11 May 2021 07:00:00 GMT","<a href=""https://news.google.com/rss/articles/CBMinAFBVV95cUxQeF95RGU4NmlCNE9uMWxTaGxOYk50TmZ5eGhPTHljc2tBZ21EMzFtWHJoTGNDMFJUZk1KUWt4cTNWZ3d6UEg3S1A3NWt6TFVYR19raDBkSkx1Ty1oZ3dYOEctcEdaMUZYRmZvbXpJenZrYjBfeVVWWEZ3U3NvSVkzeWJxOUF3NHBlaUhiZ19pRnpvWnFwck44dkJoNVc?oc=5"" target=""_blank"">Después de 30 años llegó el pavimento al barrio Pablo VI de Soacha</a>&nbsp;&nbsp;<font color=""#6f6f6f"">Periodismo Público</font>","""pavimento"" Bogotá",Google News RSS,2026-09-21T11:45:33-05:00
news_00293,Padres de ciclista arrollada en la vía Sibaté-Bogotá revelaron detalles del accidente en el que su hija perdió la vida: “Una grúa la destruyó” - Infobae,https://news.google.com/rss/articles/CBMikgJBVV95cUxOR19fazBDWENDVUlJNGRKS0ZJc2R0RlRhVmhWS3VIeGFWeDFMYk04QVo3U1NiUFQzRU12cGp2UXhZLWRlWGt4bW5QRjA1ODF1ZHVxWjFsVXZjQTNGZ0NzcEI4WHRYS0xqMXBxU2xrUmVtVk9ISDdGeDBhVm42YjNWQy16RkphY3BIZ0h2Q09jcFVna3FpRkVFR1I0bjZoaTFnRkdBUmNGMjRKZzJPb1M3ZXdwR1czYVB0d3pXT0hZVUtYaWhtbVBMOGRPWEdNQndKbDNBNXk1NmVQSEtPNzdOWnVyOHRaOTZWN21NejdBUVRlX1ZaZExYQ2pNMWx3dTIzOFRmQWlTcXJ3NzJoUTVKS09B0gGsAkFVX3lxTE9ZeGp6TlV4d0RtUldWODR1czBrN3YyU2stOTAxdEU1MGdQYTRTZlRRZldQa2JmaHJqSDB4QVVKYVEzdEZKNnlBMVBkSG4xcHpBbnctcDJKRmlmNWVQU1RlUzVOV05yUmRJaDZROEszaXp1eTE0STFmMGkyYnQ5Q2hUT2NLWGNpQUVZYWNnWDB3VDUyQ09nZ1MzVmpuY3Vpc2M0azZqek5MRHh3dXVLS1Q2X2h1eTktUEFfWjhUVUUya0Nvd3p2U1dJTGpMVGVQbkNlRElscWwxRnY1S0hMR0VObU9DT2RUSkFFQlczOEV0cUd2LWhnVzRqUm0ta2xONFBCTllrOGN6WERsVUtnMDE2TkN3dEt6d0lkSVBqRFp4dmp0QUsxNGZ1QVRvMQ?oc=5,"Tue, 07 Jan 2025 08:00:00 GMT","<a href=""https://news.google.com/rss/articles/CBMikgJBVV95cUxOR19fazBDWENDVUlJNGRKS0ZJc2R0RlRhVmhWS3VIeGFWeDFMYk04QVo3U1NiUFQzRU12cGp2UXhZLWRlWGt4bW5QRjA1ODF1ZHVxWjFsVXZjQTNGZ0NzcEI4WHRYS0xqMXBxU2xrUmVtVk9ISDdGeDBhVm42YjNWQy16RkphY3BIZ0h2Q09jcFVna3FpRkVFR1I0bjZoaTFnRkdBUmNGMjRKZzJPb1M3ZXdwR1czYVB0d3pXT0hZVUtYaWhtbVBMOGRPWEdNQndKbDNBNXk1NmVQSEtPNzdOWnVyOHRaOTZWN21NejdBUVRlX1ZaZExYQ2pNMWx3dTIzOFRmQWlTcXJ3NzJoUTVKS09B0gGsAkFVX3lxTE9ZeGp6TlV4d0RtUldWODR1czBrN3YyU2stOTAxdEU1MGdQYTRTZlRRZldQa2JmaHJqSDB4QVVKYVEzdEZKNnlBMVBkSG4xcHpBbnctcDJKRmlmNWVQU1RlUzVOV05yUmRJaDZROEszaXp1eTE0STFmMGkyYnQ5Q2hUT2NLWGNpQUVZYWNnWDB3VDUyQ09nZ1MzVmpuY3Vpc2M0azZqek5MRHh3dXVLS1Q2X2h1eTktUEFfWjhUVUUya0Nvd3p2U1dJTGpMVGVQbkNlRElscWwxRnY1S0hMR0VObU9DT2RUSkFFQlczOEV0cUd2LWhnVzRqUm0ta2xONFBCTllrOGN6WERsVUtnMDE2TkN3dEt6d0lkSVBqRFp4dmp0QUsxNGZ1QVRvMQ?oc=5"" target=""_blank"">Padres de ciclista arrollada en la vía Sibaté-Bogotá revelaron detalles del accidente en el que su hija perdió la vida: “Una grúa la destruyó”</a>&nbsp;&nbsp;<font color=""#6f6f6f"">Infobae</font>","""pavimento"" Bogotá",Google News RSS,2026-09-21T11:45:33-05:00
news_00294,"Fotos | El cinematográfico accidente en la AV. La Esperanza, en Bogotá: carro chocó contra semáforo - Minuto60",https://news.google.com/rss/articles/CBMimgFBVV95cUxNYXNtUG9PcXAyUXRyN0tPZ3htaTR1ZE93NDJvUTRldGlkUHNFcG5CMURsakVpTTZOcno4MWJVbEI4WFVOcEJnTGdUSVd2cE1vb19xMEh1cjZqWU4tS05JNzNFNnVoc1RnUnh3TVhsb3Nlc0xvS25BZDdYRWIxVnYwdGEtaERGSHlWT0hwck9vNVVST0pORVBIc19B?oc=5,"Sun, 16 Aug 2026 07:00:00 GMT","<a href=""https://news.google.com/rss/articles/CBMimgFBVV95cUxNYXNtUG9PcXAyUXRyN0tPZ3htaTR1ZE93NDJvUTRldGlkUHNFcG5CMURsakVpTTZOcno4MWJVbEI4WFVOcEJnTGdUSVd2cE1vb19xMEh1cjZqWU4tS05JNzNFNnVoc1RnUnh3TVhsb3Nlc0xvS25BZDdYRWIxVnYwdGEtaERGSHlWT0hwck9vNVVST0pORVBIc19B?oc=5"" target=""_blank"">Fotos | El cinematográfico accidente en la AV. La Esperanza, en Bogotá: carro chocó contra semáforo</a>&nbsp;&nbsp;<font color=""#6f6f6f"">Minuto60</font>","""pavimento"" Bogotá",Google News RSS,2026-09-21T11:45:33-05:00
news_00295,Adoquín y pavimento para vías de las comunas tres y cinco de Soacha - Periodismo Público,https://news.google.com/rss/articles/CBMingFBVV95cUxPVVpGU21vTFMxemJwSzZ2bFZ0YzZqVWdpQVdldl9Bb0tJb3FacEFhc1dJSmd0b1VxcUowcmdzQXNmdWI1dVRxSWhlWmxKZlkwOWpMRWdOVTZmSFJNVFAwZG45UjNYNi02XzZMMG14YUJIcjFGcGF1RXB1emhoZUhkSC10S1FuaG5vbk1vSDg3WHdSSk5KQzdkNWJtMVFnUQ?oc=5,"Sun, 22 Dec 2019 08:00:00 GMT","<a href=""https://news.google.com/rss/articles/CBMingFBVV95cUxPVVpGU21vTFMxemJwSzZ2bFZ0YzZqVWdpQVdldl9Bb0tJb3FacEFhc1dJSmd0b1VxcUowcmdzQXNmdWI1dVRxSWhlWmxKZlkwOWpMRWdOVTZmSFJNVFAwZG45UjNYNi02XzZMMG14YUJIcjFGcGF1RXB1emhoZUhkSC10S1FuaG5vbk1vSDg3WHdSSk5KQzdkNWJtMVFnUQ?oc=5"" target=""_blank"">Adoquín y pavimento para vías de las comunas tres y cinco de Soacha</a>&nbsp;&nbsp;<font color=""#6f6f6f"">Periodismo Público</font>","""pavimento"" Bogotá",Google News RSS,2026-09-21T11:45:33-05:00
news_00296,"Vía Ibagué Bogotá, estará cerrada este fin de semana - CambioIn",https://news.google.com/rss/articles/CBMijwFBVV95cUxQQlJ4MHNUdFA4NjAwUktRR1g1cU1uTFhER2pMUGtaWHBDb3hfc09uQ3FVZUdndkNRcHNxWGRDWTlPSU5HSXVGUTkxMXVaMHMtZGRqSGFZaWlveVJ1MDlEb3pHblpzdUw3OUZyV0ZJZFpWd3lWVDN0R3U0endNdEJsTml1eTlua3NqNWNWcmpmWQ?oc=5,"Fri, 13 Aug 2021 07:00:00 GMT","<a href=""https://news.google.com/rss/articles/CBMijwFBVV95cUxQQlJ4MHNUdFA4NjAwUktRR1g1cU1uTFhER2pMUGtaWHBDb3hfc09uQ3FVZUdndkNRcHNxWGRDWTlPSU5HSXVGUTkxMXVaMHMtZGRqSGFZaWlveVJ1MDlEb3pHblpzdUw3OUZyV0ZJZFpWd3lWVDN0R3U0endNdEJsTml1eTlua3NqNWNWcmpmWQ?oc=5"" target=""_blank"">Vía Ibagué Bogotá, estará cerrada este fin de semana</a>&nbsp;&nbsp;<font color=""#6f6f6f"">CambioIn</font>","""pavimento"" Bogotá",Google News RSS,2026-09-21T11:45:33-05:00
news_00297,"Autoridades de Bogotá responden a emergencia por socavón en Suba, Bogotá; ¿qué pasó? - elpais.com.co",https://news.google.com/rss/articles/CBMiwwFBVV95cUxPOGxSQ3J3RURTYWVhbzYyX3N3RFpZYzY3cnNQYUVWMzZQQ2lCcC15NEVJQmRTWmhsUkU3MUZrX1dHSFVWWm1tVGJqVUdCM1lQeDhsM29jLTg1XzZPUmlFdzFKdEhrMVRianF0ZHJ2V2ZXV0tfR2haOVFWUlExbmtlTHZkWnlJcXRnLWttWUJ4TFhSXzJmel9zOGJHWmxQU0hnXzgtYTBfcnpPbHQ3N2trUS1jbEZuWFMtQUlkRWFWczF3NmvSAcgBQVVfeXFMTmsyNVMyamstMU5uRkpNa0tVQWQyOXlmMl9kcEVMd0NhRUhuXzJqeGMzMmJCYUE3MU5zc2NrVzlicmlCUVMzQ0Q0VHN0X0VTUW0tMGhtcFFaVWwxcWo0V0xVQ2VfZDViWnEzY1lkRUpOYUtjSVZEc004bm53M1h1QmlUUkhha2VoUl9xZjR0cmFNM1BMbGN1ZWFRazdJWjJ4OEtTcHlMYUdQUzNqal9XaFNtS2FJSnJWd2pWeXUySmJndEo1dU1ZY0I?oc=5,"Sun, 08 Mar 2026 08:00:00 GMT","<a href=""https://news.google.com/rss/articles/CBMiwwFBVV95cUxPOGxSQ3J3RURTYWVhbzYyX3N3RFpZYzY3cnNQYUVWMzZQQ2lCcC15NEVJQmRTWmhsUkU3MUZrX1dHSFVWWm1tVGJqVUdCM1lQeDhsM29jLTg1XzZPUmlFdzFKdEhrMVRianF0ZHJ2V2ZXV0tfR2haOVFWUlExbmtlTHZkWnlJcXRnLWttWUJ4TFhSXzJmel9zOGJHWmxQU0hnXzgtYTBfcnpPbHQ3N2trUS1jbEZuWFMtQUlkRWFWczF3NmvSAcgBQVVfeXFMTmsyNVMyamstMU5uRkpNa0tVQWQyOXlmMl9kcEVMd0NhRUhuXzJqeGMzMmJCYUE3MU5zc2NrVzlicmlCUVMzQ0Q0VHN0X0VTUW0tMGhtcFFaVWwxcWo0V0xVQ2VfZDViWnEzY1lkRUpOYUtjSVZEc004bm53M1h1QmlUUkhha2VoUl9xZjR0cmFNM1BMbGN1ZWFRazdJWjJ4OEtTcHlMYUdQUzNqal9XaFNtS2FJSnJWd2pWeXUySmJndEo1dU1ZY0I?oc=5"" target=""_blank"">Autoridades de Bogotá responden a emergencia por socavón en Suba, Bogotá; ¿qué pasó?</a>&nbsp;&nbsp;<font color=""#6f6f6f"">elpais.com.co</font>","""pavimento"" Bogotá",Google News RSS,2026-09-21T11:45:33-05:00
news_00298,Ciclista murió al caer brutalmente contra el pavimento en el norte de Bogotá - bogota.alerta.com.co,https://news.google.com/rss/articles/CBMiqAFBVV95cUxOamNnZnJJZVhBOGxkQlN2STJBUUVXeVBWamFPSXF5SXpoRV9UQzdRNlRoTHRkaDRxdzNEY0V3alRjVWZGSEdVT0NHQzlVWVhRZXVPOEF1Q1ZwX1l2OV9VWXBCQ1ZLSkhLYXR0cl84aTd5M054RV80LWtKWnVCVTFFa1NfSHdTQUktNkd0NVNiMEVlMHFXaUdrWHkzWHlSRnZyaGhnc2ItUlLSAawBQVVfeXFMT2hGS2VzcURsZ21Gel9IWVZIaE9iU3pQT3lWeXdMS3JDYTZxTFRhNWZhQW1sZVRGVjVWdnRpbTYyZ2xRZy1YeXZOaFA5ejNOTjI2aVg5LVdCbnU2Y05xMWpEbWlVeEFkLVY1RkllR0g1RUNFeGZhb1ZibzBKT2VPQ0liUW5Mb0FheTNhWG53ejU3eGJKMy1CM3dRYXVCOURFOFQtYzNjbkZtUnhzeA?oc=5,"Wed, 25 Aug 2021 07:00:00 GMT","<a href=""https://news.google.com/rss/articles/CBMiqAFBVV95cUxOamNnZnJJZVhBOGxkQlN2STJBUUVXeVBWamFPSXF5SXpoRV9UQzdRNlRoTHRkaDRxdzNEY0V3alRjVWZGSEdVT0NHQzlVWVhRZXVPOEF1Q1ZwX1l2OV9VWXBCQ1ZLSkhLYXR0cl84aTd5M054RV80LWtKWnVCVTFFa1NfSHdTQUktNkd0NVNiMEVlMHFXaUdrWHkzWHlSRnZyaGhnc2ItUlLSAawBQVVfeXFMT2hGS2VzcURsZ21Gel9IWVZIaE9iU3pQT3lWeXdMS3JDYTZxTFRhNWZhQW1sZVRGVjVWdnRpbTYyZ2xRZy1YeXZOaFA5ejNOTjI2aVg5LVdCbnU2Y05xMWpEbWlVeEFkLVY1RkllR0g1RUNFeGZhb1ZibzBKT2VPQ0liUW5Mb0FheTNhWG53ejU3eGJKMy1CM3dRYXVCOURFOFQtYzNjbkZtUnhzeA?oc=5"" target=""_blank"">Ciclista murió al caer brutalmente contra el pavimento en el norte de Bogotá</a>&nbsp;&nbsp;<font color=""#6f6f6f"">bogota.alerta.com.co</font>","""pavimento"" Bogotá",Google News RSS,2026-09-21T11:45:33-05:00
news_00299,¡Indignante! Cerca de 2.174 kilómetros de vías en Bogotá están destruidas y llenas de huecos - Revista Semana,https://news.google.com/rss/articles/CBMi0gFBVV95cUxQTGZoQm04QTJMVFByZDV3ZDl6SXRNWXhXZTlEdThNTWFWbExnc3ViNTY0MzN1WG8xcmgwR2FETzBaejlsdVpoWjVCSDR3NFJBSEZhQ0lVZDhtZDlxQmFybWVSbmxaQmZON1pBTExYdFd0X0tKMDhpd2lqaU5mYmtVT28wZm9HQkNlcWRwMzFfbk5aSjlTNWdDQ3NkU2dVTWtOcU1CMkJaejZOM1hLVXBDMmphR3BtMlJGNmM3dkJRR3c3dmRuUHFIWGZHU2NpakNOeVHSAdcBQVVfeXFMT1Z5LXh5WHQ3SnU1Z0VsNmNMbzJXRFlrOEs1QklsektoVUZsenNERkVrX2NRZGY0TFItalV4cG15ZmRtaFpiS3kxMGt2LTZST0JDSUlGT1JlbDVZMjlOTnl6ekVRaFJ1TGJENWVrRzgwUWhNbEktekt1ckpEMjJwSmZjRFYxY1FFZGR0TWYtRkJzXzBWdDlwRUJwN1REUWRnQmF2ZkExY2FqU0NvY1ZqTVNfWVdFMzVzMGd0Z1EtNDdWWTY5ODRMa1ZYZW12WV9JUGZ5VkM3RG8?oc=5,"Wed, 28 Jul 2021 07:00:00 GMT","<a href=""https://news.google.com/rss/articles/CBMi0gFBVV95cUxQTGZoQm04QTJMVFByZDV3ZDl6SXRNWXhXZTlEdThNTWFWbExnc3ViNTY0MzN1WG8xcmgwR2FETzBaejlsdVpoWjVCSDR3NFJBSEZhQ0lVZDhtZDlxQmFybWVSbmxaQmZON1pBTExYdFd0X0tKMDhpd2lqaU5mYmtVT28wZm9HQkNlcWRwMzFfbk5aSjlTNWdDQ3NkU2dVTWtOcU1CMkJaejZOM1hLVXBDMmphR3BtMlJGNmM3dkJRR3c3dmRuUHFIWGZHU2NpakNOeVHSAdcBQVVfeXFMT1Z5LXh5WHQ3SnU1Z0VsNmNMbzJXRFlrOEs1QklsektoVUZsenNERkVrX2NRZGY0TFItalV4cG15ZmRtaFpiS3kxMGt2LTZST0JDSUlGT1JlbDVZMjlOTnl6ekVRaFJ1TGJENWVrRzgwUWhNbEktekt1ckpEMjJwSmZjRFYxY1FFZGR0TWYtRkJzXzBWdDlwRUJwN1REUWRnQmF2ZkExY2FqU0NvY1ZqTVNfWVdFMzVzMGd0Z1EtNDdWWTY5ODRMa1ZYZW12WV9JUGZ5VkM3RG8?oc=5"" target=""_blank"">¡Indignante! Cerca de 2.174 kilómetros de vías en Bogotá están destruidas y llenas de huecos</a>&nbsp;&nbsp;<font color=""#6f6f6f"">Revista Semana</font>","""pavimento"" Bogotá",Google News RSS,2026-09-21T11:45:33-05:00
news_00300,¿De puente festivo? Estos son los cierres en la vía Bogotá-Girardot - Revista Semana,https://news.google.com/rss/articles/CBMiyAFBVV95cUxNMF9EU2ZLMlNQNHF3U1RveXpTRWM3Qm4zOVB5Y29YSTdBek9MNUwyU2d1MlY2ZURBdlk5Z2xyWnA2OGlQUE95djAwUDZzWWZWQ3NtaU95YXNlWHlldHlMTENTam5ydmdPOEhXdkhtWk55TlpPZnhIRWNONXdTQ0ltN3RkZUNVT0JBd3dUSEQ2Y3hyejdET0FWSnN4cGdoYzE0d1lCSlNGZm4xVnBwREw3R3daTF9ZZ1otejRDRjl3bGFULUFTUUd3aNIBzgFBVV95cUxPNHZGX2JqWVdwa20yRWp6enp3WnJ6UVN6LWtXeHFkdmlkWTJFQ0JLTjFmMk82eE41TWtNNWNoTlp5b0tsUFZDeENCRkxBTFZ3LVE0djJ4Smp0R0RsV1VqWnYtU25FRXdvcTItQ2xZZzN6YmdaWUdXWkIzOFdPYVJFRmFFbXF3Z0FncmRXNW5YdDgzTWFMU05JZTg2UC1QM2RCSGdqcjBvVm9MY1dfT182REd3ckF1Vm1mMG43bDVVNHBlV2poSDdHVHo3Rm54Zw?oc=5,"Thu, 03 Jun 2021 07:00:00 GMT","<a href=""https://news.google.com/rss/articles/CBMiyAFBVV95cUxNMF9EU2ZLMlNQNHF3U1RveXpTRWM3Qm4zOVB5Y29YSTdBek9MNUwyU2d1MlY2ZURBdlk5Z2xyWnA2OGlQUE95djAwUDZzWWZWQ3NtaU95YXNlWHlldHlMTENTam5ydmdPOEhXdkhtWk55TlpPZnhIRWNONXdTQ0ltN3RkZUNVT0JBd3dUSEQ2Y3hyejdET0FWSnN4cGdoYzE0d1lCSlNGZm4xVnBwREw3R3daTF9ZZ1otejRDRjl3bGFULUFTUUd3aNIBzgFBVV95cUxPNHZGX2JqWVdwa20yRWp6enp3WnJ6UVN6LWtXeHFkdmlkWTJFQ0JLTjFmMk82eE41TWtNNWNoTlp5b0tsUFZDeENCRkxBTFZ3LVE0djJ4Smp0R0RsV1VqWnYtU25FRXdvcTItQ2xZZzN6YmdaWUdXWkIzOFdPYVJFRmFFbXF3Z0FncmRXNW5YdDgzTWFMU05JZTg2UC1QM2RCSGdqcjBvVm9MY1dfT182REd3ckF1Vm1mMG43bDVVNHBlV2poSDdHVHo3Rm54Zw?oc=5"" target=""_blank"">¿De puente festivo? Estos son los cierres en la vía Bogotá-Girardot</a>&nbsp;&nbsp;<font color=""#6f6f6f"">Revista Semana</font>","""pavimento"" Bogotá",Google News RSS,2026-09-21T11:45:33-05:00
news_00301,Cierran de manera preventiva la vía de la Nariz del Diablo - Infobae,https://news.google.com/rss/articles/CBMipgFBVV95cUxPYlc5X0NkeVMzdXJVeC1VazJJTElRa0RwVDNWbHp3d0JPRUhtUWoyWEtGdjJLSkp4c0dXWGN3TUVUR0RqcC1GT3RSeEJic0FXT25QSndGeTczd3FUZGppMjZTa1dqeUdQMUhhZE42X1htRXlSQzRTLTZhNHJDWTVjMk1JZmVNbmZscmFQTE02ZEJDcndQaDVWaXVma2xHSnpCVURIQ01R0gHAAUFVX3lxTE94dDItLXZvTDRaa252RVItQnY2NWF5V2NtRjVEamFpQmI0RTZveExONFVWSDItUUQ4QkFwVHVuM2l1TXZ1M05ZSDB3V1hHSG9yNDZuTG1uTjFVVkV4VFFCTE5mcUhiTFFZYVRneUtMS0V2eGhCLUhBeWRoYl81MjlJaXRyNXVndC05SkYwZTVMM2FubTk3LWdrbTdndnRWZ2FRaTJaSzRJQzJ0VWR6c01RazM1c0IzNzlqVEpVckpJNw?oc=5,"Sun, 30 Apr 2023 07:00:00 GMT","<a href=""https://news.google.com/rss/articles/CBMipgFBVV95cUxPYlc5X0NkeVMzdXJVeC1VazJJTElRa0RwVDNWbHp3d0JPRUhtUWoyWEtGdjJLSkp4c0dXWGN3TUVUR0RqcC1GT3RSeEJic0FXT25QSndGeTczd3FUZGppMjZTa1dqeUdQMUhhZE42X1htRXlSQzRTLTZhNHJDWTVjMk1JZmVNbmZscmFQTE02ZEJDcndQaDVWaXVma2xHSnpCVURIQ01R0gHAAUFVX3lxTE94dDItLXZvTDRaa252RVItQnY2NWF5V2NtRjVEamFpQmI0RTZveExONFVWSDItUUQ4QkFwVHVuM2l1TXZ1M05ZSDB3V1hHSG9yNDZuTG1uTjFVVkV4VFFCTE5mcUhiTFFZYVRneUtMS0V2eGhCLUhBeWRoYl81MjlJaXRyNXVndC05SkYwZTVMM2FubTk3LWdrbTdndnRWZ2FRaTJaSzRJQzJ0VWR6c01RazM1c0IzNzlqVEpVckpJNw?oc=5"" target=""_blank"">Cierran de manera preventiva la vía de la Nariz del Diablo</a>&nbsp;&nbsp;<font color=""#6f6f6f"">Infobae</font>","""pavimento"" Bogotá",Google News RSS,2026-09-21T11:45:33-05:00
news_00302,Cierran tramo de la vía Bogotá - Girardot por grieta en la calzada - El Nuevo Siglo,https://news.google.com/rss/articles/CBMioAFBVV95cUxOU2I2WWtZS0UwaWJ5UGFuQmZDYlRzU0VvdkVvekVKeThhb1c5emxpNlRNRl9KZkE5Ni1wZGxIeTB6bUtFWkc4MG41Ymhya3BHbUdFcjAyemhtV21nNU1uOTJMN09QalNqaDRyOFpzQXJKQnZDYXRJa292Q0Qzc3dJYm13Y3ZORDd3bi1wVElfbEVfU3FDSVRTcUpEaVBIczZa?oc=5,"Thu, 21 Nov 2024 08:00:00 GMT","<a href=""https://news.google.com/rss/articles/CBMioAFBVV95cUxOU2I2WWtZS0UwaWJ5UGFuQmZDYlRzU0VvdkVvekVKeThhb1c5emxpNlRNRl9KZkE5Ni1wZGxIeTB6bUtFWkc4MG41Ymhya3BHbUdFcjAyemhtV21nNU1uOTJMN09QalNqaDRyOFpzQXJKQnZDYXRJa292Q0Qzc3dJYm13Y3ZORDd3bi1wVElfbEVfU3FDSVRTcUpEaVBIczZa?oc=5"" target=""_blank"">Cierran tramo de la vía Bogotá - Girardot por grieta en la calzada</a>&nbsp;&nbsp;<font color=""#6f6f6f"">El Nuevo Siglo</font>","""pavimento"" Bogotá",Google News RSS,2026-09-21T11:45:33-05:00
news_00303,Enorme cráter en la vía Bogotá – Girardot: estaba en reparación - Blu Radio,https://news.google.com/rss/articles/CBMisgFBVV95cUxQUVZuRDVqTF9zM241ZzJmZENONENLenZDWnhaNi1xSlZmM28xR2MzZ1FJZlZJcGJLcldrb1dNd2RSQmJVcmFXX0hHZEU2bW9oQzlQdnhSV2oxRjN3WjY5WnJ2TFJWdlMyaEY1SElQTjRaMUgzRkhSSDZfbzlqVFlvNm9sSWlibHBTallwSzVfR21jZ0dKeWIwYjFYZjV6UXdscmY3TENhcm1WTWhEYVZ4QjNn0gG_AUFVX3lxTE5NbnZER1ZKSGxxQXA1M3JoZFRuYUMyU0FldHZDUUI1NWxIWHpVZ3BETkE4VDVaWExOZmh1bEwzZVFmWk16T29SOTJ2R3RueEV3R2ZKRm5hT0FxSml1RUswczJGMzFJbE1JQkozV0wwYllWYnc0d3hCY1dmbGZ0V1FCbFo1UVZ4QjVPdTg3T0FoZUVEYVFyQVBOWmotcmNldFRoMk5rU1k2SUJENzFFRGp2X3dkQVVrM3Nna2VjSFlj?oc=5,"Thu, 21 Nov 2024 08:00:00 GMT","<a href=""https://news.google.com/rss/articles/CBMisgFBVV95cUxQUVZuRDVqTF9zM241ZzJmZENONENLenZDWnhaNi1xSlZmM28xR2MzZ1FJZlZJcGJLcldrb1dNd2RSQmJVcmFXX0hHZEU2bW9oQzlQdnhSV2oxRjN3WjY5WnJ2TFJWdlMyaEY1SElQTjRaMUgzRkhSSDZfbzlqVFlvNm9sSWlibHBTallwSzVfR21jZ0dKeWIwYjFYZjV6UXdscmY3TENhcm1WTWhEYVZ4QjNn0gG_AUFVX3lxTE5NbnZER1ZKSGxxQXA1M3JoZFRuYUMyU0FldHZDUUI1NWxIWHpVZ3BETkE4VDVaWExOZmh1bEwzZVFmWk16T29SOTJ2R3RueEV3R2ZKRm5hT0FxSml1RUswczJGMzFJbE1JQkozV0wwYllWYnc0d3hCY1dmbGZ0V1FCbFo1UVZ4QjVPdTg3T0FoZUVEYVFyQVBOWmotcmNldFRoMk5rU1k2SUJENzFFRGp2X3dkQVVrM3Nna2VjSFlj?oc=5"" target=""_blank"">Enorme cráter en la vía Bogotá – Girardot: estaba en reparación</a>&nbsp;&nbsp;<font color=""#6f6f6f"">Blu Radio</font>","""pavimento"" Bogotá",Google News RSS,2026-09-21T11:45:33-05:00
news_00304,SITP queda atrapado en enorme hueco en Teusaquillo: Vecinos habían advertido el peligro - Caracol Radio,https://news.google.com/rss/articles/CBMivgFBVV95cUxQamNCc3dpcTNyN1VBTGF4MVpGTmo4bEhGM1VOZEJxeHhSMy1iRWl0RXZJcGJ6Z0kyT3V0RmZTY3lfQVRDai1Ib2JOSzFKSjJ3OFJxNEF6dTIyb09DeW1LV3BOSDJXUWtGS0RPTTJsNFp5UF8yWjZ1ZThNQVVtWnE3cWlmNnFrYWo1RVFuczJTemRjbjJ6WWZJQ1Fhc2EzTnEyZjV2X0lJUjZXNWRtbDdrZWxxWC1ucGRTSVlKSm9R0gHSAUFVX3lxTFBGdGg5NFBqTFJtYTBxRVRieWFObkRwNmw5R1lsQ01ZRFpETi14UEZjZ3gzZEpMbFJDVkpCVXBZM01tN182Sm04dDRDenN6Tm9KY0JHMmstc290bHhHaDdPQ0lYb09MVnRuVDdiS0lVVVlHbTFxMExLMk5SNEhkSTBUeVo0RHNzcGt5a1Zkemctd2ptZWw2SUoyOXQ2OTdaNjIwX0ZWZk1nMTJuSEgycnZkUUpUTlU2Y01aVDRrNTJDU3V5TU96b2VKNlZxOTdSajJLdw?oc=5,"Wed, 03 Apr 2024 07:00:00 GMT","<a href=""https://news.google.com/rss/articles/CBMivgFBVV95cUxQamNCc3dpcTNyN1VBTGF4MVpGTmo4bEhGM1VOZEJxeHhSMy1iRWl0RXZJcGJ6Z0kyT3V0RmZTY3lfQVRDai1Ib2JOSzFKSjJ3OFJxNEF6dTIyb09DeW1LV3BOSDJXUWtGS0RPTTJsNFp5UF8yWjZ1ZThNQVVtWnE3cWlmNnFrYWo1RVFuczJTemRjbjJ6WWZJQ1Fhc2EzTnEyZjV2X0lJUjZXNWRtbDdrZWxxWC1ucGRTSVlKSm9R0gHSAUFVX3lxTFBGdGg5NFBqTFJtYTBxRVRieWFObkRwNmw5R1lsQ01ZRFpETi14UEZjZ3gzZEpMbFJDVkpCVXBZM01tN182Sm04dDRDenN6Tm9KY0JHMmstc290bHhHaDdPQ0lYb09MVnRuVDdiS0lVVVlHbTFxMExLMk5SNEhkSTBUeVo0RHNzcGt5a1Zkemctd2ptZWw2SUoyOXQ2OTdaNjIwX0ZWZk1nMTJuSEgycnZkUUpUTlU2Y01aVDRrNTJDU3V5TU96b2VKNlZxOTdSajJLdw?oc=5"" target=""_blank"">SITP queda atrapado en enorme hueco en Teusaquillo: Vecinos habían advertido el peligro</a>&nbsp;&nbsp;<font color=""#6f6f6f"">Caracol Radio</font>","""pavimento"" Bogotá",Google News RSS,2026-09-21T11:45:33-05:00
news_00305,Varios motociclistas resbalaron en un pavimento mojado; todo quedó grabado por un conductor - unitel.bo,https://news.google.com/rss/articles/CBMi1gFBVV95cUxObmpueUwtNTQ2NExxQ3dQbUdxOVg1XzdLVUZmcTVwUDAtbjRVajBIMi1MMUI0SHdsZTFmYUNTR2JhcEp4NTJUT1ROWnpGLVU2Wl9RdzMyUzNncTJpMHd5RkRxczlZWDV1MVVQb1gtaHlKU2ZUOXNWMjZtN0lpRm5PNjQ1aEhZMmZJYktYODlDSzRXd3JXSE5JcEV4dVRIX2hCS2F0aXZlYXl5bHVEZGNJOFN3RmNaWmRDY0x0dVNsWGMzMmFBWUFOTTBIWGpTQTY0M3ZpT3NB?oc=5,"Fri, 10 May 2024 07:00:00 GMT","<a href=""https://news.google.com/rss/articles/CBMi1gFBVV95cUxObmpueUwtNTQ2NExxQ3dQbUdxOVg1XzdLVUZmcTVwUDAtbjRVajBIMi1MMUI0SHdsZTFmYUNTR2JhcEp4NTJUT1ROWnpGLVU2Wl9RdzMyUzNncTJpMHd5RkRxczlZWDV1MVVQb1gtaHlKU2ZUOXNWMjZtN0lpRm5PNjQ1aEhZMmZJYktYODlDSzRXd3JXSE5JcEV4dVRIX2hCS2F0aXZlYXl5bHVEZGNJOFN3RmNaWmRDY0x0dVNsWGMzMmFBWUFOTTBIWGpTQTY0M3ZpT3NB?oc=5"" target=""_blank"">Varios motociclistas resbalaron en un pavimento mojado; todo quedó grabado por un conductor</a>&nbsp;&nbsp;<font color=""#6f6f6f"">unitel.bo</font>","""pavimento"" Bogotá",Google News RSS,2026-09-21T11:45:33-05:00
news_00306,BOGOTÁ TENDRÁ MANUAL PARA MEJORAR PAVIMENTO - El Tiempo,https://news.google.com/rss/articles/CBMiY0FVX3lxTE5mdzc4SHpvMXVqbjZYSDk3bVNBQlFCZjFnN2hTSHNnMVpMYnBlV2RNMVFpYmowamtHcEJKbUdRMm9ORFREYnZzQlQ0OG9KeWNoTVJnUGkyQl9xcTN6M1ZFMnJaWdIBaEFVX3lxTFBTTXdJUUFsYUhpaFo4S29zczhfUW96RWdPZm5sN3J4a1FpWDhfYUVRZ2k5bGstODZlUmE4OHRUbDNPcGZ6Sl9ERnpQcURjVUVTckV5NzNxd3dhWk5wWnBXZEYxTm9Qdk5G?oc=5,"Tue, 26 Nov 1996 08:00:00 GMT","<a href=""https://news.google.com/rss/articles/CBMiY0FVX3lxTE5mdzc4SHpvMXVqbjZYSDk3bVNBQlFCZjFnN2hTSHNnMVpMYnBlV2RNMVFpYmowamtHcEJKbUdRMm9ORFREYnZzQlQ0OG9KeWNoTVJnUGkyQl9xcTN6M1ZFMnJaWdIBaEFVX3lxTFBTTXdJUUFsYUhpaFo4S29zczhfUW96RWdPZm5sN3J4a1FpWDhfYUVRZ2k5bGstODZlUmE4OHRUbDNPcGZ6Sl9ERnpQcURjVUVTckV5NzNxd3dhWk5wWnBXZEYxTm9Qdk5G?oc=5"" target=""_blank"">BOGOTÁ TENDRÁ MANUAL PARA MEJORAR PAVIMENTO</a>&nbsp;&nbsp;<font color=""#6f6f6f"">El Tiempo</font>","""pavimento"" Bogotá",Google News RSS,2026-09-21T11:45:33-05:00
news_00307,Después de 25 años llegó el pavimento al barrio San Miguel de Zipaquirá - Periodismo Público,https://news.google.com/rss/articles/CBMiaEFVX3lxTFB5bUl0SjhXbGpqV3VOdGlva0JvbzFTcC1BSENDaVhhdmtlYmFKQUJ4SWo0bVRZak5RdFk2VmpCdXp6cVBOQnllTkpqcUg5anZMREFPRWtTamNEYXNtc1ZpYTMxM0ZDb3lD?oc=5,"Thu, 01 Sep 2011 07:00:00 GMT","<a href=""https://news.google.com/rss/articles/CBMiaEFVX3lxTFB5bUl0SjhXbGpqV3VOdGlva0JvbzFTcC1BSENDaVhhdmtlYmFKQUJ4SWo0bVRZak5RdFk2VmpCdXp6cVBOQnllTkpqcUg5anZMREFPRWtTamNEYXNtc1ZpYTMxM0ZDb3lD?oc=5"" target=""_blank"">Después de 25 años llegó el pavimento al barrio San Miguel de Zipaquirá</a>&nbsp;&nbsp;<font color=""#6f6f6f"">Periodismo Público</font>","""pavimento"" Bogotá",Google News RSS,2026-09-21T11:45:33-05:00
news_00308,"Van 6,4 millones m² de calles, andenes y espacios públicos arreglados en Bogotá - Bogota.gov.co",https://news.google.com/rss/articles/CBMisAFBVV95cUxNUEpiWTdBM1hHekRPa2U4VkNVTHZPaWtYbng5UF9CMzE4bmNjQ0UzMHU5dGJIcURhSU92OHBqajFoaGZLaHowYTZGS0ZnU0l0UU9FbU4zWlVqOGtJbm1BaEdoV0NoSGVLZDdNNjdiOVNXeko2V1ZDTHVnb0U0R0pFWVhnaU91aFVkOHpnRW5oakFlWkhUd0F6aWdYeGxfdTZLR0RrUTVxTk01dnF0M3RZVg?oc=5,"Tue, 15 Sep 2026 20:12:00 GMT","<a href=""https://news.google.com/rss/articles/CBMisAFBVV95cUxNUEpiWTdBM1hHekRPa2U4VkNVTHZPaWtYbng5UF9CMzE4bmNjQ0UzMHU5dGJIcURhSU92OHBqajFoaGZLaHowYTZGS0ZnU0l0UU9FbU4zWlVqOGtJbm1BaEdoV0NoSGVLZDdNNjdiOVNXeko2V1ZDTHVnb0U0R0pFWVhnaU91aFVkOHpnRW5oakFlWkhUd0F6aWdYeGxfdTZLR0RrUTVxTk01dnF0M3RZVg?oc=5"" target=""_blank"">Van 6,4 millones m² de calles, andenes y espacios públicos arreglados en Bogotá</a>&nbsp;&nbsp;<font color=""#6f6f6f"">Bogota.gov.co</font>","""UMV"" Bogotá",Google News RSS,2026-09-21T11:45:35-05:00
news_00309,La Unidad de Mantenimiento Vial reafirma su compromiso con la inclusión y el respeto - Bogota.gov.co,https://news.google.com/rss/articles/CBMiqAFBVV95cUxQMEttc2VUQkt0RThWT0J3QXEtU1JrcjZEeG1OdnFIZVlXZFExaVB2bEdhcnRQd2lFYWxyZlQ0VWJIZFBwczlHRlJ4MGVxYVQ0TEhvc0U0M1pVY0pUanYwNDUyb243a09GdjQ0Tk9iZ3RHRURjc3dKWmdIZG5IVHRvRkh5V2VCNDZQQ2Z6NWRHTmRxWHJKZHdWMDJZM21PeGtjY2g5cElMc1k?oc=5,"Tue, 21 Jul 2026 16:28:00 GMT","<a href=""https://news.google.com/rss/articles/CBMiqAFBVV95cUxQMEttc2VUQkt0RThWT0J3QXEtU1JrcjZEeG1OdnFIZVlXZFExaVB2bEdhcnRQd2lFYWxyZlQ0VWJIZFBwczlHRlJ4MGVxYVQ0TEhvc0U0M1pVY0pUanYwNDUyb243a09GdjQ0Tk9iZ3RHRURjc3dKWmdIZG5IVHRvRkh5V2VCNDZQQ2Z6NWRHTmRxWHJKZHdWMDJZM21PeGtjY2g5cElMc1k?oc=5"" target=""_blank"">La Unidad de Mantenimiento Vial reafirma su compromiso con la inclusión y el respeto</a>&nbsp;&nbsp;<font color=""#6f6f6f"">Bogota.gov.co</font>","""UMV"" Bogotá",Google News RSS,2026-09-21T11:45:35-05:00
news_00310,La Unidad de Mantenimiento Vial impulsa acciones de sostenibilidad en la Semana Ambiental 2026 de Bogotá - Pulzo,https://news.google.com/rss/articles/CBMiwwFBVV95cUxNMUJNMmVmYUhYaUhzMmFyYzBMTnVDT2RvWHlxVFd1a3RqZDVLbHhKOXc4TEx5bjBPOExFTHF5RnRwNTY0WmQ5Yk1hWmRuQ1p2YTR1ZHEyWERUX2c3aWFSTzFIYm1ka1hhaVh1NU9nWVdhN2tJSkxvTTg3U2tQMEwyNUpweWNfTk5UV3dPSGswODdxQV9oWnlOanNtbVUxT2JLRUVhaS1PMDROanpBLTZwX1Jsa3VuUmM2V2NweFlibXo2VEU?oc=5,"Sat, 27 Jun 2026 07:00:00 GMT","<a href=""https://news.google.com/rss/articles/CBMiwwFBVV95cUxNMUJNMmVmYUhYaUhzMmFyYzBMTnVDT2RvWHlxVFd1a3RqZDVLbHhKOXc4TEx5bjBPOExFTHF5RnRwNTY0WmQ5Yk1hWmRuQ1p2YTR1ZHEyWERUX2c3aWFSTzFIYm1ka1hhaVh1NU9nWVdhN2tJSkxvTTg3U2tQMEwyNUpweWNfTk5UV3dPSGswODdxQV9oWnlOanNtbVUxT2JLRUVhaS1PMDROanpBLTZwX1Jsa3VuUmM2V2NweFlibXo2VEU?oc=5"" target=""_blank"">La Unidad de Mantenimiento Vial impulsa acciones de sostenibilidad en la Semana Ambiental 2026 de Bogotá</a>&nbsp;&nbsp;<font color=""#6f6f6f"">Pulzo</font>","""UMV"" Bogotá",Google News RSS,2026-09-21T11:45:35-05:00
news_00311,La UMV entrega la nueva Calle 222: 16 cuadras renovadas le cambian la cara al norte de Bogotá - bogota.alerta.com.co,https://news.google.com/rss/articles/CBMiswFBVV95cUxNZkxVcHVIU19OZldQbnEwcHBBalJiQzNYS0gyM3lqQUExRTh3dFNVbWg2OUk3am9xWUN1b09EX2xPTFI4U0h5LUZ5dmlWeG9ucFBiS0ZwbzFnem4tbExGRW9uWUEzNm9uZ0p5UG91MzdSY3JJRDk0eWFCT3JyOS1FdXVUNjhkRksyTm44Q1VjRkZxbEFSQ2F2UHNHYmtETVVkdGF0RXAwWUNRUTJITW9yay1Bd9IBtwFBVV95cUxPeVFpdjlaOTBWZllYQkkxTjc2Ny05TGhGTDlmakJ4bk1kSnBUcEk3M05pX2JYWURLN1dwNHFBV1lmc2RwMDNoRWZEczVzQTJBZXdPd1F5RThPOVVJWTNkY00xXzNfRWhpakxlV1hJRHJFblBrelZsMzlwcFpLYmllNm9TaGdrRU4zcGlHaS1JeWtiMkVqa3NNbnNWaEw5NzhsbnN5bkgzTHJORHpKenpNQ0kxQTQ2QVU?oc=5,"Mon, 18 May 2026 07:00:00 GMT","<a href=""https://news.google.com/rss/articles/CBMiswFBVV95cUxNZkxVcHVIU19OZldQbnEwcHBBalJiQzNYS0gyM3lqQUExRTh3dFNVbWg2OUk3am9xWUN1b09EX2xPTFI4U0h5LUZ5dmlWeG9ucFBiS0ZwbzFnem4tbExGRW9uWUEzNm9uZ0p5UG91MzdSY3JJRDk0eWFCT3JyOS1FdXVUNjhkRksyTm44Q1VjRkZxbEFSQ2F2UHNHYmtETVVkdGF0RXAwWUNRUTJITW9yay1Bd9IBtwFBVV95cUxPeVFpdjlaOTBWZllYQkkxTjc2Ny05TGhGTDlmakJ4bk1kSnBUcEk3M05pX2JYWURLN1dwNHFBV1lmc2RwMDNoRWZEczVzQTJBZXdPd1F5RThPOVVJWTNkY00xXzNfRWhpakxlV1hJRHJFblBrelZsMzlwcFpLYmllNm9TaGdrRU4zcGlHaS1JeWtiMkVqa3NNbnNWaEw5NzhsbnN5bkgzTHJORHpKenpNQ0kxQTQ2QVU?oc=5"" target=""_blank"">La UMV entrega la nueva Calle 222: 16 cuadras renovadas le cambian la cara al norte de Bogotá</a>&nbsp;&nbsp;<font color=""#6f6f6f"">bogota.alerta.com.co</font>","""UMV"" Bogotá",Google News RSS,2026-09-21T11:45:35-05:00
news_00312,Unidad de Mantenimiento Vial llegó a Mochuelo en Ciudad Bolívar en el marco de 'Ecofest' - Bogota.gov.co,https://news.google.com/rss/articles/CBMipgFBVV95cUxQa2x2b0NkWjRsMEZDbXNCdzNtbjJiVkxtNHB3Z2I5NUtzT2ppRlhaY2thWE9WZ1NhRVlvVDJfaTUwampjTGtCdE9QWU52dzBEUHh3RDlzOE5hcW5tcDB5bDlJQk9GZkxFejNYVUZrd1NoeEpGQXF2RmJQQ1Jjbmh3c2hjYXRMZDEwaE42dXprX2U3UXRvazA3VFdad28zWTNMZkt3bXV3?oc=5,"Sun, 24 May 2026 19:02:46 GMT","<a href=""https://news.google.com/rss/articles/CBMipgFBVV95cUxQa2x2b0NkWjRsMEZDbXNCdzNtbjJiVkxtNHB3Z2I5NUtzT2ppRlhaY2thWE9WZ1NhRVlvVDJfaTUwampjTGtCdE9QWU52dzBEUHh3RDlzOE5hcW5tcDB5bDlJQk9GZkxFejNYVUZrd1NoeEpGQXF2RmJQQ1Jjbmh3c2hjYXRMZDEwaE42dXprX2U3UXRvazA3VFdad28zWTNMZkt3bXV3?oc=5"" target=""_blank"">Unidad de Mantenimiento Vial llegó a Mochuelo en Ciudad Bolívar en el marco de 'Ecofest'</a>&nbsp;&nbsp;<font color=""#6f6f6f"">Bogota.gov.co</font>","""UMV"" Bogotá",Google News RSS,2026-09-21T11:45:35-05:00
news_00313,"Día de la Madre: conoce a Mayra Molina, profesional social de la Unidad de Mantenimiento Vial - Bogota.gov.co",https://news.google.com/rss/articles/CBMiqgFBVV95cUxOYzVhUXRCaHhZUmpXQU95bnNFeTVBWUtwN1RWY1lPOXBNSXlQcUhZcG9VRnQ0WlJBR2pUQlJvOUNIbGdHZm9vaDBkYXFsRm12LVNnTGNtcDVPX0J2Zi1QcktsNmFPR19SNlBYcGNtUjZxRW1iUjYtWVZyNUlkWmx4aWpuTk1NN1M3a25BMEcwOWtjUTNhQ0gydG1hLURKOTJmNnJraWhsUlgtUQ?oc=5,"Sun, 10 May 2026 11:01:34 GMT","<a href=""https://news.google.com/rss/articles/CBMiqgFBVV95cUxOYzVhUXRCaHhZUmpXQU95bnNFeTVBWUtwN1RWY1lPOXBNSXlQcUhZcG9VRnQ0WlJBR2pUQlJvOUNIbGdHZm9vaDBkYXFsRm12LVNnTGNtcDVPX0J2Zi1QcktsNmFPR19SNlBYcGNtUjZxRW1iUjYtWVZyNUlkWmx4aWpuTk1NN1M3a25BMEcwOWtjUTNhQ0gydG1hLURKOTJmNnJraWhsUlgtUQ?oc=5"" target=""_blank"">Día de la Madre: conoce a Mayra Molina, profesional social de la Unidad de Mantenimiento Vial</a>&nbsp;&nbsp;<font color=""#6f6f6f"">Bogota.gov.co</font>","""UMV"" Bogotá",Google News RSS,2026-09-21T11:45:35-05:00
news_00314,UMV renueva vías del Bronx Distrito Creativo en el centro de Bogotá - Bogota.gov.co,https://news.google.com/rss/articles/CBMirgFBVV95cUxPekFHOUhRbVJ0R1FETWgyVXFaSUhmZGh6SFhYTXpuMHdsWWFGWU0xWVJTN09HOGJxNHdlZ2lsTTVrV09FUC1iS0UtLTFJSElTMlI0RFVIV0Vja3Y3MXVRN1YwU0lLZi12aEstR00yQmt2dm1ya3g2MjNERmZqZkVsNm5Fb29RX2l6T3VONHhHaW1zc25yMDBERjFsUDdXbWw3TllTZFZEUHRMc0FBNHc?oc=5,"Sun, 31 May 2026 07:00:00 GMT","<a href=""https://news.google.com/rss/articles/CBMirgFBVV95cUxPekFHOUhRbVJ0R1FETWgyVXFaSUhmZGh6SFhYTXpuMHdsWWFGWU0xWVJTN09HOGJxNHdlZ2lsTTVrV09FUC1iS0UtLTFJSElTMlI0RFVIV0Vja3Y3MXVRN1YwU0lLZi12aEstR00yQmt2dm1ya3g2MjNERmZqZkVsNm5Fb29RX2l6T3VONHhHaW1zc25yMDBERjFsUDdXbWw3TllTZFZEUHRMc0FBNHc?oc=5"" target=""_blank"">UMV renueva vías del Bronx Distrito Creativo en el centro de Bogotá</a>&nbsp;&nbsp;<font color=""#6f6f6f"">Bogota.gov.co</font>","""UMV"" Bogotá",Google News RSS,2026-09-21T11:45:35-05:00
news_00315,"Reporté un hueco y el arreglo quedó muy bien: Andrey Pinto, habitante de localidad de Engativá - Bogota.gov.co",https://news.google.com/rss/articles/CBMipwFBVV95cUxPSGJxUWJPcnhEUnR4VXV3Mnp1SXB1YlRsRGpOZUNIYVNHLXZMd21IS25hQ1V5d3NMVjdZTzBzMTFiRGRVTlYyVnJ3b0FQVnBibDR4VmFhMEJNZ3AyWG95RmlYXzhJTFltOE5HdWt6RFoxM0YyLXJVMnR6QmtuRzJEaGRJdzhoeTd4dDVaOW5WdlBOdEdGZTRkMVIwenBSTlcwMk1kdE9Jaw?oc=5,"Mon, 27 Apr 2026 07:00:00 GMT","<a href=""https://news.google.com/rss/articles/CBMipwFBVV95cUxPSGJxUWJPcnhEUnR4VXV3Mnp1SXB1YlRsRGpOZUNIYVNHLXZMd21IS25hQ1V5d3NMVjdZTzBzMTFiRGRVTlYyVnJ3b0FQVnBibDR4VmFhMEJNZ3AyWG95RmlYXzhJTFltOE5HdWt6RFoxM0YyLXJVMnR6QmtuRzJEaGRJdzhoeTd4dDVaOW5WdlBOdEdGZTRkMVIwenBSTlcwMk1kdE9Jaw?oc=5"" target=""_blank"">Reporté un hueco y el arreglo quedó muy bien: Andrey Pinto, habitante de localidad de Engativá</a>&nbsp;&nbsp;<font color=""#6f6f6f"">Bogota.gov.co</font>","""UMV"" Bogotá",Google News RSS,2026-09-21T11:45:35-05:00
news_00316,"La UMV renueva importante vía para el acceso a Corabastos en Kennedy, principal centro de abastecimiento del país - Bogota.gov.co",https://news.google.com/rss/articles/CBMingFBVV95cUxNbVllUkc2OTRlbW5rUzZKSGwwdzBaUDNfMS1oRXdCUi1oT3ZjcE8tYnRreWRQbFpNQ3lLRVJzTHVOelpKd0QzcjVWbW9IUlF6b1B5UmQtNjV6T2FfUmd0OGpyZ3ZadXNRQU5LRVVsYi0yVVMwanFpQnlhR2tIMW9oc0p1MzlPYU1QVFJqMnBOWXNEc3J5OXFvVXJoekVCQQ?oc=5,"Tue, 31 Mar 2026 07:00:00 GMT","<a href=""https://news.google.com/rss/articles/CBMingFBVV95cUxNbVllUkc2OTRlbW5rUzZKSGwwdzBaUDNfMS1oRXdCUi1oT3ZjcE8tYnRreWRQbFpNQ3lLRVJzTHVOelpKd0QzcjVWbW9IUlF6b1B5UmQtNjV6T2FfUmd0OGpyZ3ZadXNRQU5LRVVsYi0yVVMwanFpQnlhR2tIMW9oc0p1MzlPYU1QVFJqMnBOWXNEc3J5OXFvVXJoekVCQQ?oc=5"" target=""_blank"">La UMV renueva importante vía para el acceso a Corabastos en Kennedy, principal centro de abastecimiento del país</a>&nbsp;&nbsp;<font color=""#6f6f6f"">Bogota.gov.co</font>","""UMV"" Bogotá",Google News RSS,2026-09-21T11:45:35-05:00
news_00317,'10 No Negociables en Bogotá': la UMV avanza con limpieza de sumideros en barrios de la ciudad - Bogota.gov.co,https://news.google.com/rss/articles/CBMipAFBVV95cUxQSmhrVHNkMGpHMGRoMXlXVkwyWVgyMUR6WV9FekhQQ2FqSFRkVzlvTHBYSi1ZZWZMNUlIelI4ZDVOVGV4WXAwelFUaEZwSTVnYVQ4eUlpNnktajdWb3BDVklDSThWMTBLMlpqd3RQNGowZ1pTaldNRWs0cjJ3elFlNWg2Nkw4SnlPQVBueTN5MnpCM0NiTUVYWkVUSlNwc3lxRHhzaQ?oc=5,"Wed, 11 Feb 2026 21:37:46 GMT","<a href=""https://news.google.com/rss/articles/CBMipAFBVV95cUxQSmhrVHNkMGpHMGRoMXlXVkwyWVgyMUR6WV9FekhQQ2FqSFRkVzlvTHBYSi1ZZWZMNUlIelI4ZDVOVGV4WXAwelFUaEZwSTVnYVQ4eUlpNnktajdWb3BDVklDSThWMTBLMlpqd3RQNGowZ1pTaldNRWs0cjJ3elFlNWg2Nkw4SnlPQVBueTN5MnpCM0NiTUVYWkVUSlNwc3lxRHhzaQ?oc=5"" target=""_blank"">'10 No Negociables en Bogotá': la UMV avanza con limpieza de sumideros en barrios de la ciudad</a>&nbsp;&nbsp;<font color=""#6f6f6f"">Bogota.gov.co</font>","""UMV"" Bogotá",Google News RSS,2026-09-21T11:45:35-05:00
news_00318,UMV y otras entidades trabajan por reactivar obras en la entrada a Suba por calle 80 - Bogota.gov.co,https://news.google.com/rss/articles/CBMipwFBVV95cUxNMU13LUFlS0xUU0xkdkRWRHBTQ1JMZi1YcUw0UFplckNEOThLbWtldl9aN3dmRDFpb250LTNpVG1WYzBNeUJsRTJQTDZBdmV3RlJPRGxsQ25LaEJaZlNiM1BnalFLR1p6c2Zhd1hkeWYwSzN5NjJvSUdnSFdtQmNpbElJWTVGTm5mZHpSSmJvTjRNT3BuUm1qX2R5QllPU0tpNGdlS2dxcw?oc=5,"Thu, 11 Dec 2025 14:55:47 GMT","<a href=""https://news.google.com/rss/articles/CBMipwFBVV95cUxNMU13LUFlS0xUU0xkdkRWRHBTQ1JMZi1YcUw0UFplckNEOThLbWtldl9aN3dmRDFpb250LTNpVG1WYzBNeUJsRTJQTDZBdmV3RlJPRGxsQ25LaEJaZlNiM1BnalFLR1p6c2Zhd1hkeWYwSzN5NjJvSUdnSFdtQmNpbElJWTVGTm5mZHpSSmJvTjRNT3BuUm1qX2R5QllPU0tpNGdlS2dxcw?oc=5"" target=""_blank"">UMV y otras entidades trabajan por reactivar obras en la entrada a Suba por calle 80</a>&nbsp;&nbsp;<font color=""#6f6f6f"">Bogota.gov.co</font>","""UMV"" Bogotá",Google News RSS,2026-09-21T11:45:35-05:00
news_00319,Cinco datos de la sede de producción mezclas asfálticas de la UMV en Bogotá - Bogota.gov.co,https://news.google.com/rss/articles/CBMirAFBVV95cUxQX2pkaHNUTTJSalpaUEVSUG5KY0dDSXdUdFNUY0RBbEQ2YUgwdDkwYlJHRWl6UVlwdnJaRUFmWktVVGpBM1hJY05PSF9YYUpVVFNsdFVVeENIQlFNemMydzRNUGJKbzNEMjFnSTNtYUVIbjVpOEpXV184UkE1NEVPckZvY3g0eTFSVllQQUFwcEtUTlRGVHFWRENoejdWNHcwZ0tIMm5kRngxR0tW?oc=5,"Fri, 14 Nov 2025 08:00:00 GMT","<a href=""https://news.google.com/rss/articles/CBMirAFBVV95cUxQX2pkaHNUTTJSalpaUEVSUG5KY0dDSXdUdFNUY0RBbEQ2YUgwdDkwYlJHRWl6UVlwdnJaRUFmWktVVGpBM1hJY05PSF9YYUpVVFNsdFVVeENIQlFNemMydzRNUGJKbzNEMjFnSTNtYUVIbjVpOEpXV184UkE1NEVPckZvY3g0eTFSVllQQUFwcEtUTlRGVHFWRENoejdWNHcwZ0tIMm5kRngxR0tW?oc=5"" target=""_blank"">Cinco datos de la sede de producción mezclas asfálticas de la UMV en Bogotá</a>&nbsp;&nbsp;<font color=""#6f6f6f"">Bogota.gov.co</font>","""UMV"" Bogotá",Google News RSS,2026-09-21T11:45:35-05:00
news_00320,"La UMV culminó obras en la vía Lisboa, conexión con la calle 80 en Bogotá - Bogota.gov.co",https://news.google.com/rss/articles/CBMipwFBVV95cUxPTUFUUzh5M3VyXy1iazFFVmdxekhhb0hEaTJ0OW1yY0FxVjFTTUlLampXckhPQkZxQ0FfMFM5RzhNQVJsV05MLXBueEFyNWJ4ay1zVHBCOXBBa0xkNXhSZ1Vlam0yVU91V3RKZy1GcmpIVi1lTGtOWFpKNjZ2OE5jdWlIRWkxZ0Rwc1dPR0tyekZwODRTc0plUXZ3SzlPMnJ3VkcwcHRYTQ?oc=5,"Tue, 17 Mar 2026 07:00:00 GMT","<a href=""https://news.google.com/rss/articles/CBMipwFBVV95cUxPTUFUUzh5M3VyXy1iazFFVmdxekhhb0hEaTJ0OW1yY0FxVjFTTUlLampXckhPQkZxQ0FfMFM5RzhNQVJsV05MLXBueEFyNWJ4ay1zVHBCOXBBa0xkNXhSZ1Vlam0yVU91V3RKZy1GcmpIVi1lTGtOWFpKNjZ2OE5jdWlIRWkxZ0Rwc1dPR0tyekZwODRTc0plUXZ3SzlPMnJ3VkcwcHRYTQ?oc=5"" target=""_blank"">La UMV culminó obras en la vía Lisboa, conexión con la calle 80 en Bogotá</a>&nbsp;&nbsp;<font color=""#6f6f6f"">Bogota.gov.co</font>","""UMV"" Bogotá",Google News RSS,2026-09-21T11:45:35-05:00
news_00321,La UMV convierte cascos en materas y fortalece la infraestructura verde urbana - Bogota.gov.co,https://news.google.com/rss/articles/CBMisAFBVV95cUxPRlZBQnd1UUJRTnZjNVFEeE0yRmRXZjhrdjBfUDRNMFFWZktKaGlBa3liUzdPQTBNME51bjdEa1hOSEI4MGNsempPd2JGNXlyRVlIODRXU3ljQTA2TEhscWs0eVRoeG9ZWV85c3R3a0c3dGlodndnSjk4UGQ2MjJ4NG9fWDdMb2VfSlZkYTlKZmpqVk56aDdDdjNJZlZaRFJaaW9sX0ozUE12bnh5S2hURQ?oc=5,"Sun, 19 Oct 2025 07:02:55 GMT","<a href=""https://news.google.com/rss/articles/CBMisAFBVV95cUxPRlZBQnd1UUJRTnZjNVFEeE0yRmRXZjhrdjBfUDRNMFFWZktKaGlBa3liUzdPQTBNME51bjdEa1hOSEI4MGNsempPd2JGNXlyRVlIODRXU3ljQTA2TEhscWs0eVRoeG9ZWV85c3R3a0c3dGlodndnSjk4UGQ2MjJ4NG9fWDdMb2VfSlZkYTlKZmpqVk56aDdDdjNJZlZaRFJaaW9sX0ozUE12bnh5S2hURQ?oc=5"" target=""_blank"">La UMV convierte cascos en materas y fortalece la infraestructura verde urbana</a>&nbsp;&nbsp;<font color=""#6f6f6f"">Bogota.gov.co</font>","""UMV"" Bogotá",Google News RSS,2026-09-21T11:45:35-05:00
news_00322,"En tiempo récord, la UMV recupera vía clave para la movilidad en El Mochuelo - Bogota.gov.co",https://news.google.com/rss/articles/CBMipgFBVV95cUxPVjY2VEZRX3ZCblhBa1JCY0ZlcDBhLUZvOXhmVTM0NVpqZHFpdmVfcElreDhCRVBOd05NTWptV0YtVDM4Q1RlYldpdU1jd2lLaFlWSHlfVHFNSHhmUEF0TzNfdzRkQ1lSTXFTNGxac1cweFZSNnExSTlGaU53NG5zQ3ZlSjlCNWJKSXhXZS1BVHpsYW1FNUptUVVxVF9oa2VIOGhpYUR3?oc=5,"Mon, 16 Mar 2026 07:00:00 GMT","<a href=""https://news.google.com/rss/articles/CBMipgFBVV95cUxPVjY2VEZRX3ZCblhBa1JCY0ZlcDBhLUZvOXhmVTM0NVpqZHFpdmVfcElreDhCRVBOd05NTWptV0YtVDM4Q1RlYldpdU1jd2lLaFlWSHlfVHFNSHhmUEF0TzNfdzRkQ1lSTXFTNGxac1cweFZSNnExSTlGaU53NG5zQ3ZlSjlCNWJKSXhXZS1BVHpsYW1FNUptUVVxVF9oa2VIOGhpYUR3?oc=5"" target=""_blank"">En tiempo récord, la UMV recupera vía clave para la movilidad en El Mochuelo</a>&nbsp;&nbsp;<font color=""#6f6f6f"">Bogota.gov.co</font>","""UMV"" Bogotá",Google News RSS,2026-09-21T11:45:35-05:00
news_00323,Así se fortalece la señalización vial en los barrios de Bogotá - Bogota.gov.co,https://news.google.com/rss/articles/CBMiqAFBVV95cUxPYjR3MWlEZ0QtdHFKR2xpWUh3cmdpQkRrNDM2UTU4SU5BNkxjUGJWRkV2cXQtRXplT0RUNkJmanpqZ2xfUjNqaTZhNEVpdFBYUGt5T25nTjA0a0FYY3dva2pGR1A2V1c4bDhfckc1aWNIRTFsVE4zblBDZm5tTk9TcktVMldtZmFEeTVTay1NUnNsOTlVVFp3bjRhS3dRQ21Ea19DVVg5N0I?oc=5,"Mon, 01 Dec 2025 15:49:24 GMT","<a href=""https://news.google.com/rss/articles/CBMiqAFBVV95cUxPYjR3MWlEZ0QtdHFKR2xpWUh3cmdpQkRrNDM2UTU4SU5BNkxjUGJWRkV2cXQtRXplT0RUNkJmanpqZ2xfUjNqaTZhNEVpdFBYUGt5T25nTjA0a0FYY3dva2pGR1A2V1c4bDhfckc1aWNIRTFsVE4zblBDZm5tTk9TcktVMldtZmFEeTVTay1NUnNsOTlVVFp3bjRhS3dRQ21Ea19DVVg5N0I?oc=5"" target=""_blank"">Así se fortalece la señalización vial en los barrios de Bogotá</a>&nbsp;&nbsp;<font color=""#6f6f6f"">Bogota.gov.co</font>","""UMV"" Bogotá",Google News RSS,2026-09-21T11:45:35-05:00
news_00324,En imágenes | Este es el antes y después de algunas de las obras de mantenimiento vial más importantes de Bogotá - Revista Semana,https://news.google.com/rss/articles/CBMi9wFBVV95cUxQRS10aWtUU0lEcW5ENURHRVRsQ21fY0wxZHFmMmkydTQyVlVmcXQyaXRiYldqNFg3dFBobm5RbXF1UWdEaUtSdHlraG9MRWFBczdBTDZSSmdqMlloWlhzcUtxZlBJQmd1cVlQU0Z4bkExRTltekVQZ3F1OVhscExXamRzNk9JcWFNZzVsbk5UVEdRVzhXYnNLSmdhNVNFc01QMExEWHZ6YW1zcFZ1UklFUXRBV1k4VzhUck4tWF9ORGRPUDZkZl9iZHkycGlLNUV5R3BHYUVQamYwVFZjRWk2bHVCaldqMUdtME5JNW1BM1BjNk11aE440gH8AUFVX3lxTE9HLUxUMUpjVzd3SkRZTTZ6alJDeE1yakgwZDRaR0puNVp0UGZGbnU3TGIwNWxRY1oxNUFXRVEyMjQwNzlYbUtiRUw5SDZIOVZLNngzNUhsWU84SlNpZWVib3dVdWYzYkpZRDV4WU4xb1phYmZVaGl1TEk3MlRKU0NtdHZmT1Bwc3hOWVdlUWZiNE94TUJUdjZaa1FDckJkdE5nZ3RTRTJIRGNsX2tUS3RmYk8zaW9vRm4zOEdiakQyd1B1Snk3R2RocG1Qb1hBcTMyeXFkenJSODVZTENTLTN4VUcwOVZjcmQzak9qNE1xWUdBaDdUdjQ4Wk41dA?oc=5,"Mon, 16 Mar 2026 07:00:00 GMT","<a href=""https://news.google.com/rss/articles/CBMi9wFBVV95cUxQRS10aWtUU0lEcW5ENURHRVRsQ21fY0wxZHFmMmkydTQyVlVmcXQyaXRiYldqNFg3dFBobm5RbXF1UWdEaUtSdHlraG9MRWFBczdBTDZSSmdqMlloWlhzcUtxZlBJQmd1cVlQU0Z4bkExRTltekVQZ3F1OVhscExXamRzNk9JcWFNZzVsbk5UVEdRVzhXYnNLSmdhNVNFc01QMExEWHZ6YW1zcFZ1UklFUXRBV1k4VzhUck4tWF9ORGRPUDZkZl9iZHkycGlLNUV5R3BHYUVQamYwVFZjRWk2bHVCaldqMUdtME5JNW1BM1BjNk11aE440gH8AUFVX3lxTE9HLUxUMUpjVzd3SkRZTTZ6alJDeE1yakgwZDRaR0puNVp0UGZGbnU3TGIwNWxRY1oxNUFXRVEyMjQwNzlYbUtiRUw5SDZIOVZLNngzNUhsWU84SlNpZWVib3dVdWYzYkpZRDV4WU4xb1phYmZVaGl1TEk3MlRKU0NtdHZmT1Bwc3hOWVdlUWZiNE94TUJUdjZaa1FDckJkdE5nZ3RTRTJIRGNsX2tUS3RmYk8zaW9vRm4zOEdiakQyd1B1Snk3R2RocG1Qb1hBcTMyeXFkenJSODVZTENTLTN4VUcwOVZjcmQzak9qNE1xWUdBaDdUdjQ4Wk41dA?oc=5"" target=""_blank"">En imágenes | Este es el antes y después de algunas de las obras de mantenimiento vial más importantes de Bogotá</a>&nbsp;&nbsp;<font color=""#6f6f6f"">Revista Semana</font>","""UMV"" Bogotá",Google News RSS,2026-09-21T11:45:35-05:00
news_00325,Importante obra en el norte de Bogotá presenta avances del 40 %: ¿cuándo terminará la intervención que impacta a más de 11.000 personas? - Revista Semana,https://news.google.com/rss/articles/CBMikgJBVV95cUxNd1k3b0YxTmdKQ3FGYThTdG9fTklZNTRfbWI4M2xUdG9JZGozYmEzNERJMUwtMDNIWEkxQkxVS2o5aXVFMDhYWUlfOXR2ZWJ2Ny11SFJ4TUdKT0Q1bzBKdUdvYW5XTEQxelAxa2NxWGtuV3VPV2xtazZEVjNGdVFBeXJNYk9rdFNqUGgyTGprMHNrWXJkX1JIUXpybE9SY2M1elB2al93TERRWmJJVWxBRzVEcEswNU1MN0ZhU2hRZm51eDJoMnJma0lSamdNS1Y5R2swcFhjbzk1TUlqOUgyTG1oSmlfYV9vTWNValZrWng4elVUbVJqUXNJSGw4bElZS25DcWkzeHEyYzZOSmZjczln0gGXAkFVX3lxTFB4VDU2eURLMk9mMzAyazZVckgyTWZXSUp1Rk93OHBxSnZZbmY4a3RMYUUzdmFlS0dMWG9vLWg4Z2hoc1I5ZnlkVWVVZlBUOWFOT3VDbGxjaTFLUjhaLVJwNTA1dmhuOXBEcWxVb3dSbXBLSERCRXVsbXBGSHFMMzJhX1BhOG93MTVuZ2NSNzNZaV95VlZxMTBUb09IOXVrYTBMOV9HWXJTWTkwYVI1RU5YNzFrM3cwMm45YWNzSjhDREZWVmhCWHRJbU1jUnliQm05WF9VTDRGd0RZcm9sMzZqdjRYTlJWU2JLUVNIdjhNdU1RT0lzdDd0UWVIeV9zZ2NHU2kyNy0xeGZnd1I5OFhjLWtEMGZuNA?oc=5,"Tue, 24 Feb 2026 08:00:00 GMT","<a href=""https://news.google.com/rss/articles/CBMikgJBVV95cUxNd1k3b0YxTmdKQ3FGYThTdG9fTklZNTRfbWI4M2xUdG9JZGozYmEzNERJMUwtMDNIWEkxQkxVS2o5aXVFMDhYWUlfOXR2ZWJ2Ny11SFJ4TUdKT0Q1bzBKdUdvYW5XTEQxelAxa2NxWGtuV3VPV2xtazZEVjNGdVFBeXJNYk9rdFNqUGgyTGprMHNrWXJkX1JIUXpybE9SY2M1elB2al93TERRWmJJVWxBRzVEcEswNU1MN0ZhU2hRZm51eDJoMnJma0lSamdNS1Y5R2swcFhjbzk1TUlqOUgyTG1oSmlfYV9vTWNValZrWng4elVUbVJqUXNJSGw4bElZS25DcWkzeHEyYzZOSmZjczln0gGXAkFVX3lxTFB4VDU2eURLMk9mMzAyazZVckgyTWZXSUp1Rk93OHBxSnZZbmY4a3RMYUUzdmFlS0dMWG9vLWg4Z2hoc1I5ZnlkVWVVZlBUOWFOT3VDbGxjaTFLUjhaLVJwNTA1dmhuOXBEcWxVb3dSbXBLSERCRXVsbXBGSHFMMzJhX1BhOG93MTVuZ2NSNzNZaV95VlZxMTBUb09IOXVrYTBMOV9HWXJTWTkwYVI1RU5YNzFrM3cwMm45YWNzSjhDREZWVmhCWHRJbU1jUnliQm05WF9VTDRGd0RZcm9sMzZqdjRYTlJWU2JLUVNIdjhNdU1RT0lzdDd0UWVIeV9zZ2NHU2kyNy0xeGZnd1I5OFhjLWtEMGZuNA?oc=5"" target=""_blank"">Importante obra en el norte de Bogotá presenta avances del 40 %: ¿cuándo terminará la intervención que impacta a más de 11.000 personas?</a>&nbsp;&nbsp;<font color=""#6f6f6f"">Revista Semana</font>","""UMV"" Bogotá",Google News RSS,2026-09-21T11:45:35-05:00
news_00326,"Unidad de Mantenimiento Vial, ganadora del Premio de Alta Gerencia 2021 - Bogota.gov.co",https://news.google.com/rss/articles/CBMiqwFBVV95cUxNME5tUGZ5YW5iSHFfcGhiS0FqMUl3QldseFpFNDNaQmg5NXIxNFpyRlpwbFdqWGQ0MUY2S3dMa2RyanluMmQxaHcwVkpJbmx0V0FOaEZiQ2hxUjdxcjRnT0M2VjcxdENpVGVtcHpBdUtaQjZvTTlNUzBteExtR014VzV3MGJGbHYta010UDB4TFZzZWI0WHhnMmV6eXYya0wzT0FUaU9Oa1B3NGM?oc=5,"Wed, 27 Oct 2021 01:52:54 GMT","<a href=""https://news.google.com/rss/articles/CBMiqwFBVV95cUxNME5tUGZ5YW5iSHFfcGhiS0FqMUl3QldseFpFNDNaQmg5NXIxNFpyRlpwbFdqWGQ0MUY2S3dMa2RyanluMmQxaHcwVkpJbmx0V0FOaEZiQ2hxUjdxcjRnT0M2VjcxdENpVGVtcHpBdUtaQjZvTTlNUzBteExtR014VzV3MGJGbHYta010UDB4TFZzZWI0WHhnMmV6eXYya0wzT0FUaU9Oa1B3NGM?oc=5"" target=""_blank"">Unidad de Mantenimiento Vial, ganadora del Premio de Alta Gerencia 2021</a>&nbsp;&nbsp;<font color=""#6f6f6f"">Bogota.gov.co</font>","""UMV"" Bogotá",Google News RSS,2026-09-21T11:45:35-05:00
news_00327,Video: Conoce de qué se trata la Gran Ruta UMV por toda Bogotá - Bogota.gov.co,https://news.google.com/rss/articles/CBMiogFBVV95cUxOWU0xTlMtNkVaT21obnVpY3BCcVpybjg0Nk9oWXgwYlBzNEFYWkU4U2RnYUZaN29qUkFxSmdMUEV3cWVmOTVkMHdyR1U1THgxNXRIUkVWZFVNVjhyMjJZOHZfNzh3OTFVX3RMYVJUbDBiZnBXQ0UtVUVoWHFVYzhWdzNRMkExbEtqeWwwWnVqdl9vbUJrdTZMcjQ5djBLX3JpVEE?oc=5,"Wed, 22 May 2024 17:47:56 GMT","<a href=""https://news.google.com/rss/articles/CBMiogFBVV95cUxOWU0xTlMtNkVaT21obnVpY3BCcVpybjg0Nk9oWXgwYlBzNEFYWkU4U2RnYUZaN29qUkFxSmdMUEV3cWVmOTVkMHdyR1U1THgxNXRIUkVWZFVNVjhyMjJZOHZfNzh3OTFVX3RMYVJUbDBiZnBXQ0UtVUVoWHFVYzhWdzNRMkExbEtqeWwwWnVqdl9vbUJrdTZMcjQ5djBLX3JpVEE?oc=5"" target=""_blank"">Video: Conoce de qué se trata la Gran Ruta UMV por toda Bogotá</a>&nbsp;&nbsp;<font color=""#6f6f6f"">Bogota.gov.co</font>","""UMV"" Bogotá",Google News RSS,2026-09-21T11:45:35-05:00
news_00328,"Elena, la ingeniera que lidera los equipos del plan tapahuecos en Kennedy - Bogota.gov.co",https://news.google.com/rss/articles/CBMiqwFBVV95cUxNMnJ4OTBOVXJtQjJ0bEtJM1NNXzZRRVNaT1hTWmFjcm52Yzlyd2Frc1dtS2U4UGYwWVk2TUNCckh6MG1nVms4dWdMdm45MjlnZjhXN0VNSVpQRWRDU05QSjJYa21QT0V4TFlYQVR2cHhuQjFZdkE4WW03QTRsa29QNEFNZDJFdVF4dXRyV2xMTjUwRGhKRml3dEhUV18tbXZIMXNXUjBIaFZ6Njg?oc=5,"Sat, 15 Oct 2022 01:33:28 GMT","<a href=""https://news.google.com/rss/articles/CBMiqwFBVV95cUxNMnJ4OTBOVXJtQjJ0bEtJM1NNXzZRRVNaT1hTWmFjcm52Yzlyd2Frc1dtS2U4UGYwWVk2TUNCckh6MG1nVms4dWdMdm45MjlnZjhXN0VNSVpQRWRDU05QSjJYa21QT0V4TFlYQVR2cHhuQjFZdkE4WW03QTRsa29QNEFNZDJFdVF4dXRyV2xMTjUwRGhKRml3dEhUV18tbXZIMXNXUjBIaFZ6Njg?oc=5"" target=""_blank"">Elena, la ingeniera que lidera los equipos del plan tapahuecos en Kennedy</a>&nbsp;&nbsp;<font color=""#6f6f6f"">Bogota.gov.co</font>","""UMV"" Bogotá",Google News RSS,2026-09-21T11:45:35-05:00
news_00329,UMV transforma la movilidad en Teusaquillo con más de 13.000 m² intervenidos - Bogota.gov.co,https://news.google.com/rss/articles/CBMisgFBVV95cUxPaEh6MXNBbTRJQlNLMTNoQ1JXVTgxYmVQQnZxVU9Edy1sbHdHRjNoRlRJOUV4UmNtMVg5dUE0VkpDLWhjeXhHZnZCVEZ6ZUxXcHdJeTBoYWlIVHRzSXdSOU94NGZwWktHOEFsa0JIUkM3WHhCZDlfZjlaQWtNZE9RZS1MWWxFdVQtc3BkT0ZaMjE0dVktMTlrWFhnOUxzbjY4SzFBb2FwUUgzY3BMOFFMWHJ3?oc=5,"Sat, 20 Sep 2025 15:09:06 GMT","<a href=""https://news.google.com/rss/articles/CBMisgFBVV95cUxPaEh6MXNBbTRJQlNLMTNoQ1JXVTgxYmVQQnZxVU9Edy1sbHdHRjNoRlRJOUV4UmNtMVg5dUE0VkpDLWhjeXhHZnZCVEZ6ZUxXcHdJeTBoYWlIVHRzSXdSOU94NGZwWktHOEFsa0JIUkM3WHhCZDlfZjlaQWtNZE9RZS1MWWxFdVQtc3BkT0ZaMjE0dVktMTlrWFhnOUxzbjY4SzFBb2FwUUgzY3BMOFFMWHJ3?oc=5"" target=""_blank"">UMV transforma la movilidad en Teusaquillo con más de 13.000 m² intervenidos</a>&nbsp;&nbsp;<font color=""#6f6f6f"">Bogota.gov.co</font>","""UMV"" Bogotá",Google News RSS,2026-09-21T11:45:35-05:00
news_00330,La UMV seguirá atendiendo de forma virtual en la cuarentena - Bogota.gov.co,https://news.google.com/rss/articles/CBMiwAFBVV95cUxPMXJLQUs5Y2R5cHNyTTg4TngydG1KUjNRc3k1cHRMbllfWlRjdW5scWpaWF94cW1iR2hpdGhWaHlwNnNtVHRLSDRBdVVsRjdNSTRuSzZGSF9aTFdqZ0IzbWVIVVhRUXFCWDc3MzFDUmxBQ0RQZklna0lYS0lwVGV2ZTFLM1pWVEZXQmZOYXZBZ0JKNXpVTXJabHAwQWhSOHBHTzNleHQyeVdKMU9BYVJ5c3RPeFUtcUI5LUhhUjBHNUs?oc=5,"Wed, 13 Jan 2021 15:50:48 GMT","<a href=""https://news.google.com/rss/articles/CBMiwAFBVV95cUxPMXJLQUs5Y2R5cHNyTTg4TngydG1KUjNRc3k1cHRMbllfWlRjdW5scWpaWF94cW1iR2hpdGhWaHlwNnNtVHRLSDRBdVVsRjdNSTRuSzZGSF9aTFdqZ0IzbWVIVVhRUXFCWDc3MzFDUmxBQ0RQZklna0lYS0lwVGV2ZTFLM1pWVEZXQmZOYXZBZ0JKNXpVTXJabHAwQWhSOHBHTzNleHQyeVdKMU9BYVJ5c3RPeFUtcUI5LUhhUjBHNUs?oc=5"" target=""_blank"">La UMV seguirá atendiendo de forma virtual en la cuarentena</a>&nbsp;&nbsp;<font color=""#6f6f6f"">Bogota.gov.co</font>","""UMV"" Bogotá",Google News RSS,2026-09-21T11:45:35-05:00
news_00331,"📹 Javier López trabaja mejorando las vías de Bogotá, mi Ciudad, mi Casa - Bogota.gov.co",https://news.google.com/rss/articles/CBMirAFBVV95cUxNUGdWam1UVDFvQlVfTXB1LVIyQ2RRWEliN0wtUmNkUlp4YTF3eUZrbDZyZDFmNGdyMFFOblRHYmg5UHk5aXRBNlpjSDc1V3J2ZW96YXV0MkhYWjFMdXFmT1FqVFVpRjRqcHdxQU85VUI1YXFnSkVrLVpySnp0dkt0enkxU3BNSkNuUWNYVWdVVE4xckFpd1pBZTA3bEpWcHRrOWpfVlNpOEpxT0xa?oc=5,"Wed, 20 Nov 2024 12:02:43 GMT","<a href=""https://news.google.com/rss/articles/CBMirAFBVV95cUxNUGdWam1UVDFvQlVfTXB1LVIyQ2RRWEliN0wtUmNkUlp4YTF3eUZrbDZyZDFmNGdyMFFOblRHYmg5UHk5aXRBNlpjSDc1V3J2ZW96YXV0MkhYWjFMdXFmT1FqVFVpRjRqcHdxQU85VUI1YXFnSkVrLVpySnp0dkt0enkxU3BNSkNuUWNYVWdVVE4xckFpd1pBZTA3bEpWcHRrOWpfVlNpOEpxT0xa?oc=5"" target=""_blank"">📹 Javier López trabaja mejorando las vías de Bogotá, mi Ciudad, mi Casa</a>&nbsp;&nbsp;<font color=""#6f6f6f"">Bogota.gov.co</font>","""UMV"" Bogotá",Google News RSS,2026-09-21T11:45:35-05:00
news_00332,UMV inaugura Unidad de Intervención Zonal Norte para mejorar mantenimiento vial - Bogota.gov.co,https://news.google.com/rss/articles/CBMisAFBVV95cUxOUVFPYTFvZEN4VUFPYkpyWUVCNmwwakwxcmNkd0kwbndvcF9Da3g4SEFkbXVjSV92X1hHbkZ4Z0VMN2I5T09fQU5FTElCMk1Cd0RJR0QzOXNQaXZ0b3d1ZGtaRXRTVndfWXRzRmdXcWJfUFpqMkpBZU9PWTdmTFZYQTM2WG9jSWd4cXozdGtuNExkVmRwakxONEJvTlR0SlJTSnN4R1RyVkhzNjBiNXZwVg?oc=5,"Thu, 19 Dec 2024 15:35:53 GMT","<a href=""https://news.google.com/rss/articles/CBMisAFBVV95cUxOUVFPYTFvZEN4VUFPYkpyWUVCNmwwakwxcmNkd0kwbndvcF9Da3g4SEFkbXVjSV92X1hHbkZ4Z0VMN2I5T09fQU5FTElCMk1Cd0RJR0QzOXNQaXZ0b3d1ZGtaRXRTVndfWXRzRmdXcWJfUFpqMkpBZU9PWTdmTFZYQTM2WG9jSWd4cXozdGtuNExkVmRwakxONEJvTlR0SlJTSnN4R1RyVkhzNjBiNXZwVg?oc=5"" target=""_blank"">UMV inaugura Unidad de Intervención Zonal Norte para mejorar mantenimiento vial</a>&nbsp;&nbsp;<font color=""#6f6f6f"">Bogota.gov.co</font>","""UMV"" Bogotá",Google News RSS,2026-09-21T11:45:35-05:00
news_00333,La UMV inicia trabajos del primer acuerdo colaborativo con el sector privado - Bogota.gov.co,https://news.google.com/rss/articles/CBMiqwFBVV95cUxNd25ONkxlLXp3SlVtalF2YUFrTXpRUU1SNEVzb1dRSmFhUDNPOVVWYkRoSmFyWnZtODhDNXF2RGJ6TW1DWnRHMkFjYlZzYnhzUWg1UHg4M3QzZzJYZHozMGc5STFrejNwcU9UTmV5OV9NcTk1VVdyUVgzSlhzU29PWFlncGk4OVhPcXVlZUMwUld6Yk12dW5Hd2FEY1hEanA2NDMxSjVCbU1kT2c?oc=5,"Sun, 22 Dec 2024 17:02:28 GMT","<a href=""https://news.google.com/rss/articles/CBMiqwFBVV95cUxNd25ONkxlLXp3SlVtalF2YUFrTXpRUU1SNEVzb1dRSmFhUDNPOVVWYkRoSmFyWnZtODhDNXF2RGJ6TW1DWnRHMkFjYlZzYnhzUWg1UHg4M3QzZzJYZHozMGc5STFrejNwcU9UTmV5OV9NcTk1VVdyUVgzSlhzU29PWFlncGk4OVhPcXVlZUMwUld6Yk12dW5Hd2FEY1hEanA2NDMxSjVCbU1kT2c?oc=5"" target=""_blank"">La UMV inicia trabajos del primer acuerdo colaborativo con el sector privado</a>&nbsp;&nbsp;<font color=""#6f6f6f"">Bogota.gov.co</font>","""UMV"" Bogotá",Google News RSS,2026-09-21T11:45:35-05:00
news_00334,¡Vías renovadas en La Liberia! Así mejora la movilidad y la seguridad para adultos mayores en Usaquén - Pulzo,https://news.google.com/rss/articles/CBMi2wFBVV95cUxOQ2I1aVIxTnZreGR6alhTUkdyMTlYdmtONEg5QXh1LWhlWTZyd2tHU2h1UHFPdE9YdEV0YTVhOWw0ZFh3MnpRb3NYeUdmOEVEYXFRRVZqb0pEMHAyV0NSdUEzYVdOcENhZDQweU51WHRza3lRdUUzSGdxdWwtVTI0R2taR3FLMUlkellQYVlraE9EcVBuS3N4Y09LelFqS1NtUWdaZGd5WkptdUtOT21hQmVzRG1nRC1YWWlWRjU0NVVEWnpoQTVWWVpMbS11WDBjTm1MNDhPa3Awb0U?oc=5,"Thu, 29 Jan 2026 08:00:00 GMT","<a href=""https://news.google.com/rss/articles/CBMi2wFBVV95cUxOQ2I1aVIxTnZreGR6alhTUkdyMTlYdmtONEg5QXh1LWhlWTZyd2tHU2h1UHFPdE9YdEV0YTVhOWw0ZFh3MnpRb3NYeUdmOEVEYXFRRVZqb0pEMHAyV0NSdUEzYVdOcENhZDQweU51WHRza3lRdUUzSGdxdWwtVTI0R2taR3FLMUlkellQYVlraE9EcVBuS3N4Y09LelFqS1NtUWdaZGd5WkptdUtOT21hQmVzRG1nRC1YWWlWRjU0NVVEWnpoQTVWWVpMbS11WDBjTm1MNDhPa3Awb0U?oc=5"" target=""_blank"">¡Vías renovadas en La Liberia! Así mejora la movilidad y la seguridad para adultos mayores en Usaquén</a>&nbsp;&nbsp;<font color=""#6f6f6f"">Pulzo</font>","""UMV"" Bogotá",Google News RSS,2026-09-21T11:45:35-05:00
news_00335,La UMV contribuye a la recuperación del Parque Nacional reparando sus vías - Bogota.gov.co,https://news.google.com/rss/articles/CBMirwFBVV95cUxPV1VlZXNUTl9PQnV4SGtrS3NXanhVUXQxR0VPdzNqUjF1c2ZBR3pIT0ZfNWhZa1gtOU1WZDdTSnZDRHMzenNTX243RUZyT0lvdXFDU1pOclJmTlBmT0tBV1JZc0djaXpncDlVc1BZaEVTelBxM2pWUVgtYm55WUdPV3dXOHNOTFdEY1pFVkhHNVg0RlREVnVfakdGXzhHNXlWXzJwUld6V1FEd3RZQzhn?oc=5,"Sat, 23 Nov 2024 19:27:10 GMT","<a href=""https://news.google.com/rss/articles/CBMirwFBVV95cUxPV1VlZXNUTl9PQnV4SGtrS3NXanhVUXQxR0VPdzNqUjF1c2ZBR3pIT0ZfNWhZa1gtOU1WZDdTSnZDRHMzenNTX243RUZyT0lvdXFDU1pOclJmTlBmT0tBV1JZc0djaXpncDlVc1BZaEVTelBxM2pWUVgtYm55WUdPV3dXOHNOTFdEY1pFVkhHNVg0RlREVnVfakdGXzhHNXlWXzJwUld6V1FEd3RZQzhn?oc=5"" target=""_blank"">La UMV contribuye a la recuperación del Parque Nacional reparando sus vías</a>&nbsp;&nbsp;<font color=""#6f6f6f"">Bogota.gov.co</font>","""UMV"" Bogotá",Google News RSS,2026-09-21T11:45:35-05:00
news_00336,100 Días por Bogotá: La UMV supera la meta y renueva 125.000 m² de pavimento - Bogota.gov.co,https://news.google.com/rss/articles/CBMirgFBVV95cUxQVXdFWlo0RUVMQjFTdFVsYXdCOW9HcHJkUjFVQThMV0VEZGhyVWJjV3RLbEFnWjRoZk1Idk1DN1o5d1JoOTdLeVo0a1d1WWVQbDJSSXJUTlZFWE5HTU1qdktITFA3YVVIZXdseHRTdEZMd1hucnYzaW5ZekRydm9qNjZwdE85aUZKaEpzUjNDTWRwVC1udllaZ2g3Zm1YdzhMNl9UMkJTM0ZxdDltOUE?oc=5,"Tue, 09 Apr 2024 20:50:13 GMT","<a href=""https://news.google.com/rss/articles/CBMirgFBVV95cUxQVXdFWlo0RUVMQjFTdFVsYXdCOW9HcHJkUjFVQThMV0VEZGhyVWJjV3RLbEFnWjRoZk1Idk1DN1o5d1JoOTdLeVo0a1d1WWVQbDJSSXJUTlZFWE5HTU1qdktITFA3YVVIZXdseHRTdEZMd1hucnYzaW5ZekRydm9qNjZwdE85aUZKaEpzUjNDTWRwVC1udllaZ2g3Zm1YdzhMNl9UMkJTM0ZxdDltOUE?oc=5"" target=""_blank"">100 Días por Bogotá: La UMV supera la meta y renueva 125.000 m² de pavimento</a>&nbsp;&nbsp;<font color=""#6f6f6f"">Bogota.gov.co</font>","""UMV"" Bogotá",Google News RSS,2026-09-21T11:45:35-05:00
news_00337,UMV mejoró equipamientos deportivos en parque del barrio La Serafina sector III - Bogota.gov.co,https://news.google.com/rss/articles/CBMisAFBVV95cUxNV2pLMzJfbXVwenVCd1FmcVRRMjRtZDU3SFFybUdwNk45MVJackowSWozeUczYU9FQ1BqR0xaMHZ5NEMweGpCUW5LTVdIa1NseUgzamtiZnhxWDk3bnYydDFMWUZWWEt5ZUQxdU5vdjFZM2pJVTduZ0hLNWNoRGtTeXFLUWJOOThrT3ZQdGRERkZySTJySjVQX3pCbFhES293YUplTHRsU01BSF9ybTNqZg?oc=5,"Mon, 28 Aug 2023 19:46:29 GMT","<a href=""https://news.google.com/rss/articles/CBMisAFBVV95cUxNV2pLMzJfbXVwenVCd1FmcVRRMjRtZDU3SFFybUdwNk45MVJackowSWozeUczYU9FQ1BqR0xaMHZ5NEMweGpCUW5LTVdIa1NseUgzamtiZnhxWDk3bnYydDFMWUZWWEt5ZUQxdU5vdjFZM2pJVTduZ0hLNWNoRGtTeXFLUWJOOThrT3ZQdGRERkZySTJySjVQX3pCbFhES293YUplTHRsU01BSF9ybTNqZg?oc=5"" target=""_blank"">UMV mejoró equipamientos deportivos en parque del barrio La Serafina sector III</a>&nbsp;&nbsp;<font color=""#6f6f6f"">Bogota.gov.co</font>","""UMV"" Bogotá",Google News RSS,2026-09-21T11:45:35-05:00
news_00338,Con el compromiso de mejorar las calles la UMV llegó al Parque Nacional - Bogota.gov.co,https://news.google.com/rss/articles/CBMipAFBVV95cUxPOG1hOTR1bjBXYU5hb0Q1bFBHVThrT2tOZ1dZWGlmUlp1dHcyc29uRUliTVpPQ2g4VmpoRVRJSzlDSWhPTG9iX3Y3T2ZQcE9vMDFDMTVqRXBNVVlVdTNEVmtLalNieFEzOHJqNFJ2d2xnWmQtTXhHTy1NMVI1eG85ZWdzU0gxWDJKWWxidU1Yem5JMUxaOGVtZFRpOGpLOGUza1VkWA?oc=5,"Mon, 18 Nov 2024 08:00:00 GMT","<a href=""https://news.google.com/rss/articles/CBMipAFBVV95cUxPOG1hOTR1bjBXYU5hb0Q1bFBHVThrT2tOZ1dZWGlmUlp1dHcyc29uRUliTVpPQ2g4VmpoRVRJSzlDSWhPTG9iX3Y3T2ZQcE9vMDFDMTVqRXBNVVlVdTNEVmtLalNieFEzOHJqNFJ2d2xnWmQtTXhHTy1NMVI1eG85ZWdzU0gxWDJKWWxidU1Yem5JMUxaOGVtZFRpOGpLOGUza1VkWA?oc=5"" target=""_blank"">Con el compromiso de mejorar las calles la UMV llegó al Parque Nacional</a>&nbsp;&nbsp;<font color=""#6f6f6f"">Bogota.gov.co</font>","""UMV"" Bogotá",Google News RSS,2026-09-21T11:45:35-05:00
news_00339,Unidad de Mantenimiento Vial firma contrato que beneficiará a 600 trabajadores - Bogota.gov.co,https://news.google.com/rss/articles/CBMikAFBVV95cUxQRF9Fa0ZLT29JUW1ybVVuQ2tFdmJ4cHYzU2hzNFJqZ05DWkt0dW9oVldMNFdwd0w5Y2ZCeEdqaVcyRmNHT3Z4a3c5Wjc3UXE1RjRpcGlVUHk1N21fQk1uQ0RvbmVRb3V4aV9rRk4tX3ZlTjRuVTlGWVQ5TmQ1VnNBaDJLdUhETmM0bjVORWRvRGs?oc=5,"Thu, 04 Mar 2021 01:05:29 GMT","<a href=""https://news.google.com/rss/articles/CBMikAFBVV95cUxQRF9Fa0ZLT29JUW1ybVVuQ2tFdmJ4cHYzU2hzNFJqZ05DWkt0dW9oVldMNFdwd0w5Y2ZCeEdqaVcyRmNHT3Z4a3c5Wjc3UXE1RjRpcGlVUHk1N21fQk1uQ0RvbmVRb3V4aV9rRk4tX3ZlTjRuVTlGWVQ5TmQ1VnNBaDJLdUhETmM0bjVORWRvRGs?oc=5"" target=""_blank"">Unidad de Mantenimiento Vial firma contrato que beneficiará a 600 trabajadores</a>&nbsp;&nbsp;<font color=""#6f6f6f"">Bogota.gov.co</font>","""UMV"" Bogotá",Google News RSS,2026-09-21T11:45:35-05:00
news_00340,Conozca la nueva oficina de atención al ciudadano de la UMV - Bogota.gov.co,https://news.google.com/rss/articles/CBMikAFBVV95cUxPeExMeElMMkMyWmRYbnpIenpDbUlvdlIteHZOLS1Pa1JPSVRYMzRiY3lpT1Y4djBXNThvaTBGaDMyWUNvcEF3SWJfRXgzTFlBcGtfMll1cGt4WWJUU2FvNl9uaklqQjRYMGNvR29WOEVudGxFV01hWnBMZXNzNVRQSVAweFFEOGl1S2ZKc0puUWI?oc=5,"Fri, 23 Aug 2019 16:23:03 GMT","<a href=""https://news.google.com/rss/articles/CBMikAFBVV95cUxPeExMeElMMkMyWmRYbnpIenpDbUlvdlIteHZOLS1Pa1JPSVRYMzRiY3lpT1Y4djBXNThvaTBGaDMyWUNvcEF3SWJfRXgzTFlBcGtfMll1cGt4WWJUU2FvNl9uaklqQjRYMGNvR29WOEVudGxFV01hWnBMZXNzNVRQSVAweFFEOGl1S2ZKc0puUWI?oc=5"" target=""_blank"">Conozca la nueva oficina de atención al ciudadano de la UMV</a>&nbsp;&nbsp;<font color=""#6f6f6f"">Bogota.gov.co</font>","""UMV"" Bogotá",Google News RSS,2026-09-21T11:45:35-05:00
news_00341,La UMV terminó la construcción del bicicarril que rodea el parque Gilma Jiménez - Bogota.gov.co,https://news.google.com/rss/articles/CBMirwFBVV95cUxNZ0ZuZXBHTUw5RUxjVEF0WnRYSHp0SVBPZHd4c2tRc0gyVURVeUdTNjd0eW1lallpYjlnMy1kOEhCcE1UTURLX0ZLdVFUVkJpZEdSSWxJLVFRWFRoY00tZ29MU0RGRjM5OEhoYUh5M1VxaDNyWmNlcUpNaU1BRGxmODQydUpNUWtrQUVPeDVxOU9Qam9EaUREbGtzcFV6TEVNakxUS01JRlJGM3R4b0dr?oc=5,"Fri, 01 Sep 2023 23:45:31 GMT","<a href=""https://news.google.com/rss/articles/CBMirwFBVV95cUxNZ0ZuZXBHTUw5RUxjVEF0WnRYSHp0SVBPZHd4c2tRc0gyVURVeUdTNjd0eW1lallpYjlnMy1kOEhCcE1UTURLX0ZLdVFUVkJpZEdSSWxJLVFRWFRoY00tZ29MU0RGRjM5OEhoYUh5M1VxaDNyWmNlcUpNaU1BRGxmODQydUpNUWtrQUVPeDVxOU9Qam9EaUREbGtzcFV6TEVNakxUS01JRlJGM3R4b0dr?oc=5"" target=""_blank"">La UMV terminó la construcción del bicicarril que rodea el parque Gilma Jiménez</a>&nbsp;&nbsp;<font color=""#6f6f6f"">Bogota.gov.co</font>","""UMV"" Bogotá",Google News RSS,2026-09-21T11:45:35-05:00
news_00342,UMV ha recuperado más de 110 kilómetros de vías en Bogotá - Bogota.gov.co,https://news.google.com/rss/articles/CBMioAFBVV95cUxQQWx1YnRTSVB2S2NWTHIxUl9JbVA1Rm1GSTRMeVZyY2ltMldLV0J6NHd1OTdaZlV6VGNrWUpONnkyYWhyMktLaG9RY2QxSFA3QjlzdVlRMlV6cXdWU2pVRGgtY0cwVTFzNlJUcFJ4WXlrT0pWT1FkajRJNV92UGdmYjJLaF96VkxnRkp0TlF5dnJGZzFnY3ZrdENJZHFSODQ0?oc=5,"Sun, 19 May 2019 19:08:02 GMT","<a href=""https://news.google.com/rss/articles/CBMioAFBVV95cUxQQWx1YnRTSVB2S2NWTHIxUl9JbVA1Rm1GSTRMeVZyY2ltMldLV0J6NHd1OTdaZlV6VGNrWUpONnkyYWhyMktLaG9RY2QxSFA3QjlzdVlRMlV6cXdWU2pVRGgtY0cwVTFzNlJUcFJ4WXlrT0pWT1FkajRJNV92UGdmYjJLaF96VkxnRkp0TlF5dnJGZzFnY3ZrdENJZHFSODQ0?oc=5"" target=""_blank"">UMV ha recuperado más de 110 kilómetros de vías en Bogotá</a>&nbsp;&nbsp;<font color=""#6f6f6f"">Bogota.gov.co</font>","""UMV"" Bogotá",Google News RSS,2026-09-21T11:45:35-05:00
news_00343,"Cumpleaños de mi Casa: UMV interviene vías en La Candelaria, centro de la ciudad - Bogota.gov.co",https://news.google.com/rss/articles/CBMipAFBVV95cUxORlZxRlpZVUY0cjJsRTkwdmloZmp5cEVQb1l2bkhlTEhES3M0SFZsbFZ5YnZwWHlCNnpjU3E1ZGw2MU42eFRvRG41ejZPZjBUMFFNcVIybS16SzFxZGh0NFJRanlOeUlEYlBzaDZmX3RjamtPT2Q5SUdxb185d19QNVBVcWpVS1RUcW01dXR6aE16eHdGOXQ1aDRJV3RZZU5pVklINA?oc=5,"Sat, 10 Aug 2024 07:00:00 GMT","<a href=""https://news.google.com/rss/articles/CBMipAFBVV95cUxORlZxRlpZVUY0cjJsRTkwdmloZmp5cEVQb1l2bkhlTEhES3M0SFZsbFZ5YnZwWHlCNnpjU3E1ZGw2MU42eFRvRG41ejZPZjBUMFFNcVIybS16SzFxZGh0NFJRanlOeUlEYlBzaDZmX3RjamtPT2Q5SUdxb185d19QNVBVcWpVS1RUcW01dXR6aE16eHdGOXQ1aDRJV3RZZU5pVklINA?oc=5"" target=""_blank"">Cumpleaños de mi Casa: UMV interviene vías en La Candelaria, centro de la ciudad</a>&nbsp;&nbsp;<font color=""#6f6f6f"">Bogota.gov.co</font>","""UMV"" Bogotá",Google News RSS,2026-09-21T11:45:35-05:00
news_00344,IDU y UMV iniciaron intervención de malla vial en la avenida Circunvalar - Bogota.gov.co,https://news.google.com/rss/articles/CBMirgFBVV95cUxQdjFoSW1FZHB0ZmVVc0ZjTDNOV3JybGpZcWMtY2FUMVR0RkJZaER4X2ZWcE9yTmRGM2hwTlk5aTFEbGJZSnlHMkkwU1FIamJUYkZtZ0RONE5PSHM3dW1oeG5BVDNWUHBxS25xdXhFV2RzQmFMek91Rm1DWDhIdURacURuMFlpZ3RzNUpyZUVIeG90SklQb1lPWVEycVhvVkRxNmtQcjlhRU4tQ0QtSFE?oc=5,"Thu, 26 Jun 2025 20:59:19 GMT","<a href=""https://news.google.com/rss/articles/CBMirgFBVV95cUxQdjFoSW1FZHB0ZmVVc0ZjTDNOV3JybGpZcWMtY2FUMVR0RkJZaER4X2ZWcE9yTmRGM2hwTlk5aTFEbGJZSnlHMkkwU1FIamJUYkZtZ0RONE5PSHM3dW1oeG5BVDNWUHBxS25xdXhFV2RzQmFMek91Rm1DWDhIdURacURuMFlpZ3RzNUpyZUVIeG90SklQb1lPWVEycVhvVkRxNmtQcjlhRU4tQ0QtSFE?oc=5"" target=""_blank"">IDU y UMV iniciaron intervención de malla vial en la avenida Circunvalar</a>&nbsp;&nbsp;<font color=""#6f6f6f"">Bogota.gov.co</font>","""UMV"" Bogotá",Google News RSS,2026-09-21T11:45:35-05:00
news_00345,La UMV seguirá atendiendo a los ciudadanos por medio de los canales virtuales - Bogota.gov.co,https://news.google.com/rss/articles/CBMikAFBVV95cUxOZmdqV1BRNzBOaFQyOXBhSzBIWnlZM3ZLMzZBSlYtVHpvRGYxdGowbTl6MXpycG1BbkxsQUtFNG81c2xIeUdDcWI4YzJwWUk2UWhUUGhOT1lVM2Y4X0g1UjV2SzltRFVHbVZyY2dyNlprbGxsRGZXQTFlUnFualEyaEZYZEV6SnpST3dnaFB2WUk?oc=5,"Wed, 01 Apr 2020 20:49:09 GMT","<a href=""https://news.google.com/rss/articles/CBMikAFBVV95cUxOZmdqV1BRNzBOaFQyOXBhSzBIWnlZM3ZLMzZBSlYtVHpvRGYxdGowbTl6MXpycG1BbkxsQUtFNG81c2xIeUdDcWI4YzJwWUk2UWhUUGhOT1lVM2Y4X0g1UjV2SzltRFVHbVZyY2dyNlprbGxsRGZXQTFlUnFualEyaEZYZEV6SnpST3dnaFB2WUk?oc=5"" target=""_blank"">La UMV seguirá atendiendo a los ciudadanos por medio de los canales virtuales</a>&nbsp;&nbsp;<font color=""#6f6f6f"">Bogota.gov.co</font>","""UMV"" Bogotá",Google News RSS,2026-09-21T11:45:35-05:00
news_00346,UMV mejorará cerca de 4.000 m2 de espacio público alrededor de El Campín - Bogota.gov.co,https://news.google.com/rss/articles/CBMirAFBVV95cUxPRXJGWnNJRkIwXy1WVnhVVUlDd1JOd1JsMi1LYzhIZGhHeFJqYXloaGVsQjhBY2pBVl9EazlZWW93dEk3QWhSajd0UXNFaU5lZ3ZTUGF3R2pqbEViSC1HY0dWR2NFY0RuNTI3WVN6dzFEN0doMnNlcHV2VlpXOWc3cHRnMm1vZnNxUERYeDBQZG5ObTNGZHJaSEZVeFlPSHByWnQyMllQZWRLS0t4?oc=5,"Fri, 18 Nov 2022 18:29:35 GMT","<a href=""https://news.google.com/rss/articles/CBMirAFBVV95cUxPRXJGWnNJRkIwXy1WVnhVVUlDd1JOd1JsMi1LYzhIZGhHeFJqYXloaGVsQjhBY2pBVl9EazlZWW93dEk3QWhSajd0UXNFaU5lZ3ZTUGF3R2pqbEViSC1HY0dWR2NFY0RuNTI3WVN6dzFEN0doMnNlcHV2VlpXOWc3cHRnMm1vZnNxUERYeDBQZG5ObTNGZHJaSEZVeFlPSHByWnQyMllQZWRLS0t4?oc=5"" target=""_blank"">UMV mejorará cerca de 4.000 m2 de espacio público alrededor de El Campín</a>&nbsp;&nbsp;<font color=""#6f6f6f"">Bogota.gov.co</font>","""UMV"" Bogotá",Google News RSS,2026-09-21T11:45:35-05:00
news_00347,Con asfalto reciclado se recuperan vías en El Recodo Fontibón de Bogotá - Bogota.gov.co,https://news.google.com/rss/articles/CBMirAFBVV95cUxQcVRfTy1SUkc4a0xrNDQ4c2E1ZzBjNExCWlZqeDBwYzlkTVNEd1JPLTI4ZU1qNHRPUFdSQ3c4czd3elBWdThsM0s4RzgtMW1FSHpuNjhvZ0VWS2U2aGxQNFFHTG9VRFJvWVB3ZlB4QlkwWW1hZ1o3T09KUTA3cF90NGpSeTZRUzJNSG5aTVV0dkRFS2JQR0Fmc3JLam5rWFdTSFh5Rzk2M2REaWln?oc=5,"Tue, 21 May 2024 17:44:22 GMT","<a href=""https://news.google.com/rss/articles/CBMirAFBVV95cUxQcVRfTy1SUkc4a0xrNDQ4c2E1ZzBjNExCWlZqeDBwYzlkTVNEd1JPLTI4ZU1qNHRPUFdSQ3c4czd3elBWdThsM0s4RzgtMW1FSHpuNjhvZ0VWS2U2aGxQNFFHTG9VRFJvWVB3ZlB4QlkwWW1hZ1o3T09KUTA3cF90NGpSeTZRUzJNSG5aTVV0dkRFS2JQR0Fmc3JLam5rWFdTSFh5Rzk2M2REaWln?oc=5"" target=""_blank"">Con asfalto reciclado se recuperan vías en El Recodo Fontibón de Bogotá</a>&nbsp;&nbsp;<font color=""#6f6f6f"">Bogota.gov.co</font>","""UMV"" Bogotá",Google News RSS,2026-09-21T11:45:35-05:00
news_00348,Cumpleaños de Bogotá: UMV entrega la ciclorruta del parque El Tunal - Bogota.gov.co,https://news.google.com/rss/articles/CBMipwFBVV95cUxNRS1sVEJ4WUlESmdLN2xrUU90UWRNVFptMHVjODVvZmlhd2k2cHRrMjlRQnZTNURHcTc4ZnhPaVVoYVByTURTbGQzLWpweHZkMG1feFRxajlGU29aRWt5dk9RQ1RIRnZ1Qm5VMFhoU1RIZm01UVFmYnBOM05WTXVaRmV2QjBKZDJpMTVVZ0M4VjM1TDBIWHR0ZEpKcVRRb0phZ3BPUUxTaw?oc=5,"Tue, 06 Aug 2024 16:51:23 GMT","<a href=""https://news.google.com/rss/articles/CBMipwFBVV95cUxNRS1sVEJ4WUlESmdLN2xrUU90UWRNVFptMHVjODVvZmlhd2k2cHRrMjlRQnZTNURHcTc4ZnhPaVVoYVByTURTbGQzLWpweHZkMG1feFRxajlGU29aRWt5dk9RQ1RIRnZ1Qm5VMFhoU1RIZm01UVFmYnBOM05WTXVaRmV2QjBKZDJpMTVVZ0M4VjM1TDBIWHR0ZEpKcVRRb0phZ3BPUUxTaw?oc=5"" target=""_blank"">Cumpleaños de Bogotá: UMV entrega la ciclorruta del parque El Tunal</a>&nbsp;&nbsp;<font color=""#6f6f6f"">Bogota.gov.co</font>","""UMV"" Bogotá",Google News RSS,2026-09-21T11:45:35-05:00
news_00349,La UMV mejora la movilidad en el barrio San Luis en la localidad de Teusaquillo - Bogota.gov.co,https://news.google.com/rss/articles/CBMisgFBVV95cUxNNTFJQ1JnSkdPY2xlUkpZYTlxRnZ0YVNfaVpoUHV5a1RKRUxJbVpKZ0RIdldiRlJpbnU1dHF2ZmhMaHhDSGZ2cUF0cENrWUk1ZmZyWllJMjJlM2dHUGFVOUZtVk1LOElMbGl3dlJpdTdqenNrREVmenV0dmMwNm50T1dRbXdVTnhZelZiQTh5NHBoMXJDM2xKS29Ec2ZPelRVdm5nZUhfcHVTNm96eGxjYWtn?oc=5,"Mon, 07 Jul 2025 07:00:00 GMT","<a href=""https://news.google.com/rss/articles/CBMisgFBVV95cUxNNTFJQ1JnSkdPY2xlUkpZYTlxRnZ0YVNfaVpoUHV5a1RKRUxJbVpKZ0RIdldiRlJpbnU1dHF2ZmhMaHhDSGZ2cUF0cENrWUk1ZmZyWllJMjJlM2dHUGFVOUZtVk1LOElMbGl3dlJpdTdqenNrREVmenV0dmMwNm50T1dRbXdVTnhZelZiQTh5NHBoMXJDM2xKS29Ec2ZPelRVdm5nZUhfcHVTNm96eGxjYWtn?oc=5"" target=""_blank"">La UMV mejora la movilidad en el barrio San Luis en la localidad de Teusaquillo</a>&nbsp;&nbsp;<font color=""#6f6f6f"">Bogota.gov.co</font>","""UMV"" Bogotá",Google News RSS,2026-09-21T11:45:35-05:00
news_00350,Te explicamos cómo reportar huecos en las vías de Bogotá para que sean tapados - Bogota.gov.co,https://news.google.com/rss/articles/CBMipAFBVV95cUxNaUJHcHR4cmdVbjhmVGFQQkVCelZBdndQTDZNdjFmX1lyLWxsZ19lbDRpNzZkS3lEOWljWlc5U0xzZHdCd2J4UkRiNkNqRzRhZWRaZWtONmtYbDZOWEtiVE00ejdHWWlNcGwwQkZmOTlSMWZLUldNZ3NoUWszMHhNdm5sSG9aRVI4N0xGRWVDZmtfZzVhcFZsTkhKZ2l6a1hHekJ0QQ?oc=5,"Wed, 23 Nov 2022 21:45:22 GMT","<a href=""https://news.google.com/rss/articles/CBMipAFBVV95cUxNaUJHcHR4cmdVbjhmVGFQQkVCelZBdndQTDZNdjFmX1lyLWxsZ19lbDRpNzZkS3lEOWljWlc5U0xzZHdCd2J4UkRiNkNqRzRhZWRaZWtONmtYbDZOWEtiVE00ejdHWWlNcGwwQkZmOTlSMWZLUldNZ3NoUWszMHhNdm5sSG9aRVI4N0xGRWVDZmtfZzVhcFZsTkhKZ2l6a1hHekJ0QQ?oc=5"" target=""_blank"">Te explicamos cómo reportar huecos en las vías de Bogotá para que sean tapados</a>&nbsp;&nbsp;<font color=""#6f6f6f"">Bogota.gov.co</font>","""UMV"" Bogotá",Google News RSS,2026-09-21T11:45:35-05:00
news_00351,UMV entregó obra que beneficiará a más de 1.000 personas en Bosa ¡Entérate! - Bogota.gov.co,https://news.google.com/rss/articles/CBMirAFBVV95cUxPTVlCNnppUDQ0WVlZbVJDd3RNY2ZxaU96cURSMzJwampUelBvTEJ4T3U0WnhZUUhBV2RJUGc1N1JtZXJNYnY5SndIaW9QUWlkYmJWT3hDVWFIdm1RZG4yNkZvS3FxaUxmUVJxdXY3ZkNkMjFJc1hKTWNpUy1JMkk4UUVOVk1tX1JwR3dvQUYyQ0JHc2lnYWxtRnhsUHhlT2tYYmpJSTFWS01Vd1My?oc=5,"Sun, 13 Aug 2023 20:02:50 GMT","<a href=""https://news.google.com/rss/articles/CBMirAFBVV95cUxPTVlCNnppUDQ0WVlZbVJDd3RNY2ZxaU96cURSMzJwampUelBvTEJ4T3U0WnhZUUhBV2RJUGc1N1JtZXJNYnY5SndIaW9QUWlkYmJWT3hDVWFIdm1RZG4yNkZvS3FxaUxmUVJxdXY3ZkNkMjFJc1hKTWNpUy1JMkk4UUVOVk1tX1JwR3dvQUYyQ0JHc2lnYWxtRnhsUHhlT2tYYmpJSTFWS01Vd1My?oc=5"" target=""_blank"">UMV entregó obra que beneficiará a más de 1.000 personas en Bosa ¡Entérate!</a>&nbsp;&nbsp;<font color=""#6f6f6f"">Bogota.gov.co</font>","""UMV"" Bogotá",Google News RSS,2026-09-21T11:45:35-05:00
news_00352,Julieth: una mujer de hierro con sangre hidráulica que trabaja por Bogotá - Bogota.gov.co,https://news.google.com/rss/articles/CBMilwFBVV95cUxQci1kM09wbDBNQV9XTHpsUnc0MFdvVWlOcVZXaEprMUMza1Y3TkJ6X3JqcHdlbE9odUYxcHhKTXd6cE9tbTNoaUhEZ1doZ0ZETjQ2ekhCU2d3T2szUU1SSGxWbElXZjRoNDU2NGxweUVzaDNqMEpXT25IdFl3Y3N2b2JHWnNtQ0dKM1lyVlhwLUZMcjBjYkRN?oc=5,"Mon, 09 Mar 2020 22:26:44 GMT","<a href=""https://news.google.com/rss/articles/CBMilwFBVV95cUxQci1kM09wbDBNQV9XTHpsUnc0MFdvVWlOcVZXaEprMUMza1Y3TkJ6X3JqcHdlbE9odUYxcHhKTXd6cE9tbTNoaUhEZ1doZ0ZETjQ2ekhCU2d3T2szUU1SSGxWbElXZjRoNDU2NGxweUVzaDNqMEpXT25IdFl3Y3N2b2JHWnNtQ0dKM1lyVlhwLUZMcjBjYkRN?oc=5"" target=""_blank"">Julieth: una mujer de hierro con sangre hidráulica que trabaja por Bogotá</a>&nbsp;&nbsp;<font color=""#6f6f6f"">Bogota.gov.co</font>","""UMV"" Bogotá",Google News RSS,2026-09-21T11:45:35-05:00
news_00353,UMV rehabilitó 259 metros cuadrados de espacio público en localidad de San Cristóbal - Bogota.gov.co,https://news.google.com/rss/articles/CBMixwFBVV95cUxPazlNbUhpQmVMY09ialFZU0lmUEs1VzJ5ZWFLUFN5OHpsLWktY2sxR2wzVm85UUk0WDlLWEhoVDZiRXFDWjNRWVZPVW02VXc0S3E2bVhBcmstWlNtZ05GX2hqenNNOTFFWGtMcjdzQTBWN2N5TTZkbTBXYTFicjczMEdubnA0dmlta0ljeXBselItZXdfT3dqbGV6VzNrOFFBWkZnYXdrMnBEaldPaXpBTmxMOFJmS3ZZc0RKWHFrQzk2ZzNzNmlR?oc=5,"Thu, 20 May 2021 06:27:48 GMT","<a href=""https://news.google.com/rss/articles/CBMixwFBVV95cUxPazlNbUhpQmVMY09ialFZU0lmUEs1VzJ5ZWFLUFN5OHpsLWktY2sxR2wzVm85UUk0WDlLWEhoVDZiRXFDWjNRWVZPVW02VXc0S3E2bVhBcmstWlNtZ05GX2hqenNNOTFFWGtMcjdzQTBWN2N5TTZkbTBXYTFicjczMEdubnA0dmlta0ljeXBselItZXdfT3dqbGV6VzNrOFFBWkZnYXdrMnBEaldPaXpBTmxMOFJmS3ZZc0RKWHFrQzk2ZzNzNmlR?oc=5"" target=""_blank"">UMV rehabilitó 259 metros cuadrados de espacio público en localidad de San Cristóbal</a>&nbsp;&nbsp;<font color=""#6f6f6f"">Bogota.gov.co</font>","""UMV"" Bogotá",Google News RSS,2026-09-21T11:45:35-05:00
news_00354,Así puedes reportar los huecos en las vías de Bogotá para que sean tapados - Bogota.gov.co,https://news.google.com/rss/articles/CBMiqgFBVV95cUxPN2stU0hfeklKQTJuQzFQTi1NQTNxTkttdUJ6TU1qd3FnQnJ3WWxRaTRCTENsSVIzNHZTMXRxWkFiaHdDaFRBcUZfQXVuRy1HU1M1TTJSNnpXclFQU0haN1M1Ty1XeWRKakpoa1pRR2doNGdqNS1VOVRtbUhjTExhcUI5NUs4R243THhIQktfNTBmVmFENXJxTm1IbDZidzRNNGtRZWk2c3E5UQ?oc=5,"Tue, 02 May 2023 21:38:30 GMT","<a href=""https://news.google.com/rss/articles/CBMiqgFBVV95cUxPN2stU0hfeklKQTJuQzFQTi1NQTNxTkttdUJ6TU1qd3FnQnJ3WWxRaTRCTENsSVIzNHZTMXRxWkFiaHdDaFRBcUZfQXVuRy1HU1M1TTJSNnpXclFQU0haN1M1Ty1XeWRKakpoa1pRR2doNGdqNS1VOVRtbUhjTExhcUI5NUs4R243THhIQktfNTBmVmFENXJxTm1IbDZidzRNNGtRZWk2c3E5UQ?oc=5"" target=""_blank"">Así puedes reportar los huecos en las vías de Bogotá para que sean tapados</a>&nbsp;&nbsp;<font color=""#6f6f6f"">Bogota.gov.co</font>","""UMV"" Bogotá",Google News RSS,2026-09-21T11:45:35-05:00
news_00355,UMV sigue renovando el espacio público para peatones ¡Conoce las obras aquí! - Bogota.gov.co,https://news.google.com/rss/articles/CBMirgFBVV95cUxNdTkyMzZQTG9nck5mbndjNTNiSUhnM0RYSVc5UWZWdWRocnMyTDZDRGxrdUo3STZDc1MtOTUybGZvN29hWXNRZkJIWm1XbjFkSTNGdjZwUEk2MmtNbHdidU53TjFRMENqWkNjUmdpSEJyT2dUTTBoSkZ5cG9Od2xHMjJXS2FwQVNrVF9QRjJVc0lsNVJtc0RCeTlSVGZjbjZ3dExJSnFqajhieFJmZlE?oc=5,"Thu, 17 Aug 2023 07:00:00 GMT","<a href=""https://news.google.com/rss/articles/CBMirgFBVV95cUxNdTkyMzZQTG9nck5mbndjNTNiSUhnM0RYSVc5UWZWdWRocnMyTDZDRGxrdUo3STZDc1MtOTUybGZvN29hWXNRZkJIWm1XbjFkSTNGdjZwUEk2MmtNbHdidU53TjFRMENqWkNjUmdpSEJyT2dUTTBoSkZ5cG9Od2xHMjJXS2FwQVNrVF9QRjJVc0lsNVJtc0RCeTlSVGZjbjZ3dExJSnFqajhieFJmZlE?oc=5"" target=""_blank"">UMV sigue renovando el espacio público para peatones ¡Conoce las obras aquí!</a>&nbsp;&nbsp;<font color=""#6f6f6f"">Bogota.gov.co</font>","""UMV"" Bogotá",Google News RSS,2026-09-21T11:45:35-05:00
news_00356,Conoce la sede de producción de mezclas asfálticas de la UMV en Bogotá - Bogota.gov.co,https://news.google.com/rss/articles/CBMirgFBVV95cUxPTFptbjJ6enVYc1Joc2t2Z1BTZTNoaUZ6cm1QQWtjWW55UmNncnJBNjFXejJoZzBRNkZhakdxVEJtQmpfbG1MWU5PRm5mTy0tQXE1NXNTa0d6RVRJUllydFhrYk8wMUt1bXJ1alNLMlZaZ2t5NHhQMFg3Q21nN0hLZWFEMVJpOHNxS25uTzJieXd5Ukp3V0Rxek1KMkR5b3BtS1ZkSUprakVlQWFIdHc?oc=5,"Thu, 02 May 2024 22:35:38 GMT","<a href=""https://news.google.com/rss/articles/CBMirgFBVV95cUxPTFptbjJ6enVYc1Joc2t2Z1BTZTNoaUZ6cm1QQWtjWW55UmNncnJBNjFXejJoZzBRNkZhakdxVEJtQmpfbG1MWU5PRm5mTy0tQXE1NXNTa0d6RVRJUllydFhrYk8wMUt1bXJ1alNLMlZaZ2t5NHhQMFg3Q21nN0hLZWFEMVJpOHNxS25uTzJieXd5Ukp3V0Rxek1KMkR5b3BtS1ZkSUprakVlQWFIdHc?oc=5"" target=""_blank"">Conoce la sede de producción de mezclas asfálticas de la UMV en Bogotá</a>&nbsp;&nbsp;<font color=""#6f6f6f"">Bogota.gov.co</font>","""UMV"" Bogotá",Google News RSS,2026-09-21T11:45:35-05:00
news_00357,"UMV ha realizado 15 obras de bioingeniería en Usme, Ciudad Bolívar y Sumapaz - Bogota.gov.co",https://news.google.com/rss/articles/CBMisAFBVV95cUxQTGlVLVJ2VUdKN3czY19sVlpqMkdiU2xBcHlJOTFUV1gyWlBDRU1uTFZMTWctSkJaN1V1ZGl0MmN2N1VwUDNkR3hxLXFCVXZYNTVQa2dHWFZhWUFIeEs0QWYxSXFnVGdwZ0N4ZnVaUEJiY3R6aDNuX0UxUUo4MnBLZjYwREtkaEtkTnhwaG1Ta2hEX0w2OHN2dVVBRUh1NG16eWQ4eTRTMzNOU2V5WUlDNg?oc=5,"Mon, 31 Oct 2022 07:00:00 GMT","<a href=""https://news.google.com/rss/articles/CBMisAFBVV95cUxQTGlVLVJ2VUdKN3czY19sVlpqMkdiU2xBcHlJOTFUV1gyWlBDRU1uTFZMTWctSkJaN1V1ZGl0MmN2N1VwUDNkR3hxLXFCVXZYNTVQa2dHWFZhWUFIeEs0QWYxSXFnVGdwZ0N4ZnVaUEJiY3R6aDNuX0UxUUo4MnBLZjYwREtkaEtkTnhwaG1Ta2hEX0w2OHN2dVVBRUh1NG16eWQ4eTRTMzNOU2V5WUlDNg?oc=5"" target=""_blank"">UMV ha realizado 15 obras de bioingeniería en Usme, Ciudad Bolívar y Sumapaz</a>&nbsp;&nbsp;<font color=""#6f6f6f"">Bogota.gov.co</font>","""UMV"" Bogotá",Google News RSS,2026-09-21T11:45:35-05:00
news_00358,UMV ha tapado 39 mil 161 huecos de la malla vial local - Bogota.gov.co,https://news.google.com/rss/articles/CBMinAFBVV95cUxOR0NobjRXRmZNUm90NVlCbThUSV9jZVI1RGtBZVBsV1RIY3ZJMksyVE8xSFlLY0FfRDhtRERzUXFoRmFLLVhNOWxYV3Y1VjJaUy01dTg0NF85YkVjcjJENV9EZG9LTWtkYlN0bks0T3NXWDFrSGtiTzlmaUZsUkpNenE4bjd2TUZ0SEY1SERvUjRsX1R6aE5sbHo0YzY?oc=5,"Mon, 20 May 2019 02:34:30 GMT","<a href=""https://news.google.com/rss/articles/CBMinAFBVV95cUxOR0NobjRXRmZNUm90NVlCbThUSV9jZVI1RGtBZVBsV1RIY3ZJMksyVE8xSFlLY0FfRDhtRERzUXFoRmFLLVhNOWxYV3Y1VjJaUy01dTg0NF85YkVjcjJENV9EZG9LTWtkYlN0bks0T3NXWDFrSGtiTzlmaUZsUkpNenE4bjd2TUZ0SEY1SERvUjRsX1R6aE5sbHo0YzY?oc=5"" target=""_blank"">UMV ha tapado 39 mil 161 huecos de la malla vial local</a>&nbsp;&nbsp;<font color=""#6f6f6f"">Bogota.gov.co</font>","""UMV"" Bogotá",Google News RSS,2026-09-21T11:45:35-05:00
news_00359,Con #100DíasPorBogotá UMV ha reparado 3.979 metros cuadrados de malla vial - Bogota.gov.co,https://news.google.com/rss/articles/CBMirgFBVV95cUxPSnR1U1ZoSkxwWllYWWx1NWk3bkI2Tl9aT0FFOWMybG1WSnBNMUd2T21kTmp0NmlMMk9vWlQ4RmczemxuYk1RZUJ6NTlfajc1Z1N3cTNjMVFBSjdXWmFwS25rQUNjcF96cTJCbEYwZ0dwSXdmWlJCV3BwZnNod2FmcmFUelB2dElTY2FIMmlOUlNFME1idTVHX0pDLVh1eTB5ZE91UlNFYWdDZGJPMHc?oc=5,"Sun, 14 Jan 2024 08:00:00 GMT","<a href=""https://news.google.com/rss/articles/CBMirgFBVV95cUxPSnR1U1ZoSkxwWllYWWx1NWk3bkI2Tl9aT0FFOWMybG1WSnBNMUd2T21kTmp0NmlMMk9vWlQ4RmczemxuYk1RZUJ6NTlfajc1Z1N3cTNjMVFBSjdXWmFwS25rQUNjcF96cTJCbEYwZ0dwSXdmWlJCV3BwZnNod2FmcmFUelB2dElTY2FIMmlOUlNFME1idTVHX0pDLVh1eTB5ZE91UlNFYWdDZGJPMHc?oc=5"" target=""_blank"">Con #100DíasPorBogotá UMV ha reparado 3.979 metros cuadrados de malla vial</a>&nbsp;&nbsp;<font color=""#6f6f6f"">Bogota.gov.co</font>","""UMV"" Bogotá",Google News RSS,2026-09-21T11:45:35-05:00
news_00360,UMV prepara el trayecto para la llegada de la Vuelta a Colombia este 25 de abril - Bogota.gov.co,https://news.google.com/rss/articles/CBMiqgFBVV95cUxPdGlWNXZLUlNWMWduUkVqTHBMNjdhUmxyNlE2REhsSnBhYkg4V010NVRQOGV2NzZYczlmWEhwX0wwbE5PRE5VVGttMkRCUnV1dFh2d3haQVdBLWZ2Wk53M0ZlZGxxTHIwRWptbzZsOVdFbDE2TEZGc2Q2bHNWbktQTjk3TnhzQXpXdWl3VVVLOHUzMHY5VDJuQnlZbXcxX0czbVducmtoS3JQZw?oc=5,"Wed, 14 Apr 2021 23:20:00 GMT","<a href=""https://news.google.com/rss/articles/CBMiqgFBVV95cUxPdGlWNXZLUlNWMWduUkVqTHBMNjdhUmxyNlE2REhsSnBhYkg4V010NVRQOGV2NzZYczlmWEhwX0wwbE5PRE5VVGttMkRCUnV1dFh2d3haQVdBLWZ2Wk53M0ZlZGxxTHIwRWptbzZsOVdFbDE2TEZGc2Q2bHNWbktQTjk3TnhzQXpXdWl3VVVLOHUzMHY5VDJuQnlZbXcxX0czbVducmtoS3JQZw?oc=5"" target=""_blank"">UMV prepara el trayecto para la llegada de la Vuelta a Colombia este 25 de abril</a>&nbsp;&nbsp;<font color=""#6f6f6f"">Bogota.gov.co</font>","""UMV"" Bogotá",Google News RSS,2026-09-21T11:45:35-05:00
news_00361,"Conoce sobre la señalización vial de Bogotá, mi Ciudad, mi Casa 🚶🏾‍♀️🚴🏼🚗 - Bogota.gov.co",https://news.google.com/rss/articles/CBMiqwFBVV95cUxOcUNOWXhkUzNmMHNpUzVmbU5oUmdmZmU4SFBBT2VCcWswcEVxdzRoUzZOTjB4WHA0Tk80TWp1V2JDd0xoY2ZWVUJ1Z01BR2RFYnFBRGUtbkdFSzJMN2ZPT1d0ME45WTNjYWI5R0NtSE43eTM3WUJJMEpkX0RUcWlJYU1PUGJXNlZpVzRSZ1R3N0tvMTQ1MEFqR1Y2X0ZYRDV0b1dMQzVsLWNGQUU?oc=5,"Thu, 03 Apr 2025 07:00:00 GMT","<a href=""https://news.google.com/rss/articles/CBMiqwFBVV95cUxOcUNOWXhkUzNmMHNpUzVmbU5oUmdmZmU4SFBBT2VCcWswcEVxdzRoUzZOTjB4WHA0Tk80TWp1V2JDd0xoY2ZWVUJ1Z01BR2RFYnFBRGUtbkdFSzJMN2ZPT1d0ME45WTNjYWI5R0NtSE43eTM3WUJJMEpkX0RUcWlJYU1PUGJXNlZpVzRSZ1R3N0tvMTQ1MEFqR1Y2X0ZYRDV0b1dMQzVsLWNGQUU?oc=5"" target=""_blank"">Conoce sobre la señalización vial de Bogotá, mi Ciudad, mi Casa 🚶🏾‍♀️🚴🏼🚗</a>&nbsp;&nbsp;<font color=""#6f6f6f"">Bogota.gov.co</font>","""UMV"" Bogotá",Google News RSS,2026-09-21T11:45:35-05:00
news_00362,¿Cuáles son las principales metas a cumplir de la UMV en esta administración? - Bogota.gov.co,https://news.google.com/rss/articles/CBMimwFBVV95cUxQaC1BazVfMHFNQ01RWVJ4eGQwMk5DX2xyQUk5bjBIVUttaVA0Rl9QbmNxSy1PaDlQZFpXTVV4THFqOFppakVJd1lHTTVCMVBuWmR4WTdaV0NEdGRzZEZpNkJsQU5Sb0tkTEszT19Lalp2RmI4eTlUUWJRYmc1YzBUei1pSWZGemVUbm1hRGlhRGo4T3E0UXVZTEE2UQ?oc=5,"Thu, 27 Feb 2020 22:18:51 GMT","<a href=""https://news.google.com/rss/articles/CBMimwFBVV95cUxQaC1BazVfMHFNQ01RWVJ4eGQwMk5DX2xyQUk5bjBIVUttaVA0Rl9QbmNxSy1PaDlQZFpXTVV4THFqOFppakVJd1lHTTVCMVBuWmR4WTdaV0NEdGRzZEZpNkJsQU5Sb0tkTEszT19Lalp2RmI4eTlUUWJRYmc1YzBUei1pSWZGemVUbm1hRGlhRGo4T3E0UXVZTEE2UQ?oc=5"" target=""_blank"">¿Cuáles son las principales metas a cumplir de la UMV en esta administración?</a>&nbsp;&nbsp;<font color=""#6f6f6f"">Bogota.gov.co</font>","""UMV"" Bogotá",Google News RSS,2026-09-21T11:45:35-05:00
news_00363,UMV tapa el hueco 25.000 - Bogota.gov.co,https://news.google.com/rss/articles/CBMic0FVX3lxTE9JUDNVQkFQQTNublFGWmdXbGFFYmFncVJOTzRnN0lCQlVheUdOekV1YUw1Y1NadzRXTjJ2WU1fMzlYSDFLMlRsc1Z3WVNmVXdrREFNMHotZ2Z3aU9MVzNQSjIzZURjaDRaZ051NDJlSjNtWDQ?oc=5,"Sun, 19 May 2019 19:46:07 GMT","<a href=""https://news.google.com/rss/articles/CBMic0FVX3lxTE9JUDNVQkFQQTNublFGWmdXbGFFYmFncVJOTzRnN0lCQlVheUdOekV1YUw1Y1NadzRXTjJ2WU1fMzlYSDFLMlRsc1Z3WVNmVXdrREFNMHotZ2Z3aU9MVzNQSjIzZURjaDRaZ051NDJlSjNtWDQ?oc=5"" target=""_blank"">UMV tapa el hueco 25.000</a>&nbsp;&nbsp;<font color=""#6f6f6f"">Bogota.gov.co</font>","""UMV"" Bogotá",Google News RSS,2026-09-21T11:45:35-05:00
news_00364,La UMV ha mejorado más de 550 calles en el centro de Bogotá este 2022 - Bogota.gov.co,https://news.google.com/rss/articles/CBMirAFBVV95cUxQd0pmNl83dElpelFhd1U4MUMwWlN3RW1zZ0VDUXpQd0pwZ1JuOU5oY1cxNDJCYm8tYVJETDdvaWZRZ1UtUnMtZ1EtXzJ6aTgzZzMtN2wteTFfa0VGT1pfYTI2RDlDSUhYRmZiUmZldXhFdXJRNV9VQ3NSOFZfeDR5eHh4S3JzOWdHSEQtSG12a1QyTl9xRlJvdVlwLUkwZnEtWkd6T21OcGg2cHpz?oc=5,"Tue, 18 Oct 2022 07:00:00 GMT","<a href=""https://news.google.com/rss/articles/CBMirAFBVV95cUxQd0pmNl83dElpelFhd1U4MUMwWlN3RW1zZ0VDUXpQd0pwZ1JuOU5oY1cxNDJCYm8tYVJETDdvaWZRZ1UtUnMtZ1EtXzJ6aTgzZzMtN2wteTFfa0VGT1pfYTI2RDlDSUhYRmZiUmZldXhFdXJRNV9VQ3NSOFZfeDR5eHh4S3JzOWdHSEQtSG12a1QyTl9xRlJvdVlwLUkwZnEtWkd6T21OcGg2cHpz?oc=5"" target=""_blank"">La UMV ha mejorado más de 550 calles en el centro de Bogotá este 2022</a>&nbsp;&nbsp;<font color=""#6f6f6f"">Bogota.gov.co</font>","""UMV"" Bogotá",Google News RSS,2026-09-21T11:45:35-05:00
news_00365,Cuatro barrios de la localidad de Usme mejoraron sus vías con material reciclado - Bogota.gov.co,https://news.google.com/rss/articles/CBMimwFBVV95cUxObjFpYU1NWWFuTGtxbnhjY0lvdVBpdEd3X01jTC0wVkpFS05kOUs4WWk5YmJzVTZ0R2FyYUYwaVZyNW5WdE1zSlEyWEJwSlh5eFRBU2FqZi1ENFdiT3lveHRaQ2dPWG1IYkpLcWRka2tyZXFzSTRHZ3RNc3NNM3hjTkJObE1iUXdRaTZJWXgweklsMEc0OVF0Q0hVVQ?oc=5,"Sat, 22 Jan 2022 19:17:27 GMT","<a href=""https://news.google.com/rss/articles/CBMimwFBVV95cUxObjFpYU1NWWFuTGtxbnhjY0lvdVBpdEd3X01jTC0wVkpFS05kOUs4WWk5YmJzVTZ0R2FyYUYwaVZyNW5WdE1zSlEyWEJwSlh5eFRBU2FqZi1ENFdiT3lveHRaQ2dPWG1IYkpLcWRka2tyZXFzSTRHZ3RNc3NNM3hjTkJObE1iUXdRaTZJWXgweklsMEc0OVF0Q0hVVQ?oc=5"" target=""_blank"">Cuatro barrios de la localidad de Usme mejoraron sus vías con material reciclado</a>&nbsp;&nbsp;<font color=""#6f6f6f"">Bogota.gov.co</font>","""UMV"" Bogotá",Google News RSS,2026-09-21T11:45:35-05:00
news_00366,Mantenimiento Vial ha tapado más de 14.000 huecos en Bogotá - Bogota.gov.co,https://news.google.com/rss/articles/CBMiogFBVV95cUxNelh0V0NrSmJ1WldQUDAta0U4Zk1KRS1lR2F6STZKa3VHb1ltYkxpY09wNlA4Ri1vM2I1Si1uRGdSeFZOSVRjSlpnZVFJNERTSXZqZUlaTnpubmNrcXd6RDB0S1hzLTlqRmI4MTFfU2lQakE5RENaaWxpb0FnTzJJR2JNRmZhNWJtblNLSXNKVWlxX1JPZE5odzNJV2dpb3czMkE?oc=5,"Sat, 18 May 2019 01:40:06 GMT","<a href=""https://news.google.com/rss/articles/CBMiogFBVV95cUxNelh0V0NrSmJ1WldQUDAta0U4Zk1KRS1lR2F6STZKa3VHb1ltYkxpY09wNlA4Ri1vM2I1Si1uRGdSeFZOSVRjSlpnZVFJNERTSXZqZUlaTnpubmNrcXd6RDB0S1hzLTlqRmI4MTFfU2lQakE5RENaaWxpb0FnTzJJR2JNRmZhNWJtblNLSXNKVWlxX1JPZE5odzNJV2dpb3czMkE?oc=5"" target=""_blank"">Mantenimiento Vial ha tapado más de 14.000 huecos en Bogotá</a>&nbsp;&nbsp;<font color=""#6f6f6f"">Bogota.gov.co</font>","""UMV"" Bogotá",Google News RSS,2026-09-21T11:45:35-05:00
news_00367,Jornada de #MovilidadAlBarrio: UMV entregó balance de obras en Puente Aranda - Bogota.gov.co,https://news.google.com/rss/articles/CBMiogFBVV95cUxPRDdWRzFkYkhuN3lPUTlCQmllVThNSFV0MFhaYlFhZEdlX2d6SnFCSi1SRFVXU2VJYzdBcEszSzVROEFWY3FKclR6RG1jZEVoUUpPNFJsT3kwLTZEejlhdlp3SFkzUDJ4aVR3aG1FTGZqT3ZfV2hoUi1lZkRCejNGVEthMnhJSldKMXJqRkVRWHdHWlFad1hyM01na0JiLTdFSlE?oc=5,"Sat, 28 Aug 2021 07:00:00 GMT","<a href=""https://news.google.com/rss/articles/CBMiogFBVV95cUxPRDdWRzFkYkhuN3lPUTlCQmllVThNSFV0MFhaYlFhZEdlX2d6SnFCSi1SRFVXU2VJYzdBcEszSzVROEFWY3FKclR6RG1jZEVoUUpPNFJsT3kwLTZEejlhdlp3SFkzUDJ4aVR3aG1FTGZqT3ZfV2hoUi1lZkRCejNGVEthMnhJSldKMXJqRkVRWHdHWlFad1hyM01na0JiLTdFSlE?oc=5"" target=""_blank"">Jornada de #MovilidadAlBarrio: UMV entregó balance de obras en Puente Aranda</a>&nbsp;&nbsp;<font color=""#6f6f6f"">Bogota.gov.co</font>","""UMV"" Bogotá",Google News RSS,2026-09-21T11:45:35-05:00
news_00368,La UMV ha intervenido más de 1.500 daños viales reportados por motociclistas - Bogota.gov.co,https://news.google.com/rss/articles/CBMiqwFBVV95cUxOeWwzd0hPSUctNy1fSFlfRmQwaHJhQWRBaDRnNkEwbG5pNXhJYTlxUjJvR3ladUxoV3BFYllpT0ZCeXdjcTlWWmh0VDFUdExWeXFCYXVZLThlVS1UUUxna0dRdXJtUVlyc21jYTZsTUNCaUFFSGd5ZmdRTi02a3J4RGU0Tm9mR2ZIN1lQWlhRUlpXTjd1OEFfZE5URFBxRFZ1ZGl2Rmo3RGdEWWs?oc=5,"Wed, 23 Nov 2022 08:00:00 GMT","<a href=""https://news.google.com/rss/articles/CBMiqwFBVV95cUxOeWwzd0hPSUctNy1fSFlfRmQwaHJhQWRBaDRnNkEwbG5pNXhJYTlxUjJvR3ladUxoV3BFYllpT0ZCeXdjcTlWWmh0VDFUdExWeXFCYXVZLThlVS1UUUxna0dRdXJtUVlyc21jYTZsTUNCaUFFSGd5ZmdRTi02a3J4RGU0Tm9mR2ZIN1lQWlhRUlpXTjd1OEFfZE5URFBxRFZ1ZGl2Rmo3RGdEWWs?oc=5"" target=""_blank"">La UMV ha intervenido más de 1.500 daños viales reportados por motociclistas</a>&nbsp;&nbsp;<font color=""#6f6f6f"">Bogota.gov.co</font>","""UMV"" Bogotá",Google News RSS,2026-09-21T11:45:35-05:00
news_00369,Suspenden a directora de UMV de Bogotá - Noticias RCN,https://news.google.com/rss/articles/CBMiigFBVV95cUxNV2xKa19TNFBxSTBjb1lCWWwwc25EdzI3REZrU1I4Y3Y1cXd3OS14QURidG9UZmd6Z1RQZDRUaWVzQlA2OVV2TGh1UVhuNk5nVDBFNDkzaHozbGdSODUyTDU0TkpqNWFRWld3M0FnM0oxX1I3U2hRQkhmQXh2b3RmX0JGU1VpaFNwZ3fSAYoBQVVfeXFMTzlHMVdfd19XS3B6V2dZSzRCRWd1QlZJak9JZ3JoalBQdjJrSmgzRURoS0VVQlBfVmktTk5XNWF4ZnZwcGY5WG1DRjR0azBEV2hOUnhYVWpYMjNGUlNWTXdaWUJEblhPZE41YlhzOUFuRDRldWlYelR2ekRiZ3UxaXRvXzZUZzlXMWpB?oc=5,"Sat, 13 Apr 2024 21:35:02 GMT","<a href=""https://news.google.com/rss/articles/CBMiigFBVV95cUxNV2xKa19TNFBxSTBjb1lCWWwwc25EdzI3REZrU1I4Y3Y1cXd3OS14QURidG9UZmd6Z1RQZDRUaWVzQlA2OVV2TGh1UVhuNk5nVDBFNDkzaHozbGdSODUyTDU0TkpqNWFRWld3M0FnM0oxX1I3U2hRQkhmQXh2b3RmX0JGU1VpaFNwZ3fSAYoBQVVfeXFMTzlHMVdfd19XS3B6V2dZSzRCRWd1QlZJak9JZ3JoalBQdjJrSmgzRURoS0VVQlBfVmktTk5XNWF4ZnZwcGY5WG1DRjR0azBEV2hOUnhYVWpYMjNGUlNWTXdaWUJEblhPZE41YlhzOUFuRDRldWlYelR2ekRiZ3UxaXRvXzZUZzlXMWpB?oc=5"" target=""_blank"">Suspenden a directora de UMV de Bogotá</a>&nbsp;&nbsp;<font color=""#6f6f6f"">Noticias RCN</font>","""UMV"" Bogotá",Google News RSS,2026-09-21T11:45:35-05:00
news_00370,Laboratorio de la Unidad de Mantenimiento Vial recibe acreditación nacional - Bogota.gov.co,https://news.google.com/rss/articles/CBMirAFBVV95cUxPS0xEN3ZCcVVocGFta1BkQkd0Z3ozNW1Tb0x4bm1scGJjTDNOR2tNUHptN0g4UFdyemNEZFh3cFR2Tk9jRmU5NjFWUFdER1V5enBYS0lLbUtTdWxiN0VxWGVDeGpzVTdBa3NfUnFfczRuNWQwT21kZUV4Y1VyT2p3X1FYeGJoRGQ2X0djdHRBV0tRbWVDX1daMTRkX3pOSURFZHRvd0lMWW1mWUpX?oc=5,"Wed, 05 Aug 2020 20:56:00 GMT","<a href=""https://news.google.com/rss/articles/CBMirAFBVV95cUxPS0xEN3ZCcVVocGFta1BkQkd0Z3ozNW1Tb0x4bm1scGJjTDNOR2tNUHptN0g4UFdyemNEZFh3cFR2Tk9jRmU5NjFWUFdER1V5enBYS0lLbUtTdWxiN0VxWGVDeGpzVTdBa3NfUnFfczRuNWQwT21kZUV4Y1VyT2p3X1FYeGJoRGQ2X0djdHRBV0tRbWVDX1daMTRkX3pOSURFZHRvd0lMWW1mWUpX?oc=5"" target=""_blank"">Laboratorio de la Unidad de Mantenimiento Vial recibe acreditación nacional</a>&nbsp;&nbsp;<font color=""#6f6f6f"">Bogota.gov.co</font>","""UMV"" Bogotá",Google News RSS,2026-09-21T11:45:35-05:00
news_00371,Bogotá Humana y la UMV entregan obra en Altos de la Estancia - Bogota.gov.co,https://news.google.com/rss/articles/CBMiowFBVV95cUxQc1JZMHNiVWd4bEpKSVc1Wm40SUU4SHR6WnRvemliR2R2dDNZdWRzeWhubDAxMmdNZUN3V3hyMnJ1Y1lhbVVtek0xT2hocDEyWnFjTnJ6RmxKVFRUQ2VYNFVXR2NiQ1VYT05IMnNKTi1rbVdXREZ4bHFkZ19fY3BJYnNoaU0zUjUtbG1pUHpMZTJ5NXUyWjNIX1g4N2MyWENkUm1R?oc=5,"Sun, 19 May 2019 15:16:46 GMT","<a href=""https://news.google.com/rss/articles/CBMiowFBVV95cUxQc1JZMHNiVWd4bEpKSVc1Wm40SUU4SHR6WnRvemliR2R2dDNZdWRzeWhubDAxMmdNZUN3V3hyMnJ1Y1lhbVVtek0xT2hocDEyWnFjTnJ6RmxKVFRUQ2VYNFVXR2NiQ1VYT05IMnNKTi1rbVdXREZ4bHFkZ19fY3BJYnNoaU0zUjUtbG1pUHpMZTJ5NXUyWjNIX1g4N2MyWENkUm1R?oc=5"" target=""_blank"">Bogotá Humana y la UMV entregan obra en Altos de la Estancia</a>&nbsp;&nbsp;<font color=""#6f6f6f"">Bogota.gov.co</font>","""UMV"" Bogotá",Google News RSS,2026-09-21T11:45:35-05:00
news_00372,UMV entregará los 6 tramos de la ciclorruta de la Avenida Calle 13 el 7 de mayo - Bogota.gov.co,https://news.google.com/rss/articles/CBMirAFBVV95cUxQc3NsMUd3Nll1bk9RN1cydG1ZSzhfbDl1YXREamtWUXBOOGwwWHUybDVkUFlIa1Npc2NOZjg5NXM1dGhhQXN0dHdDRUZnNEdvVTNuZU54YzRmSmo3NzdmYUs3Wm1YQVBLSWdQX1piSDBsTUZKZjFCekMzejBTdTlsWUFjN3o5QlBCRFFMSUllUDlEYjJjTTdZc0VrRzYyQUlqakR6V3VIcGFxT3VY?oc=5,"Thu, 18 Feb 2021 08:00:00 GMT","<a href=""https://news.google.com/rss/articles/CBMirAFBVV95cUxQc3NsMUd3Nll1bk9RN1cydG1ZSzhfbDl1YXREamtWUXBOOGwwWHUybDVkUFlIa1Npc2NOZjg5NXM1dGhhQXN0dHdDRUZnNEdvVTNuZU54YzRmSmo3NzdmYUs3Wm1YQVBLSWdQX1piSDBsTUZKZjFCekMzejBTdTlsWUFjN3o5QlBCRFFMSUllUDlEYjJjTTdZc0VrRzYyQUlqakR6V3VIcGFxT3VY?oc=5"" target=""_blank"">UMV entregará los 6 tramos de la ciclorruta de la Avenida Calle 13 el 7 de mayo</a>&nbsp;&nbsp;<font color=""#6f6f6f"">Bogota.gov.co</font>","""UMV"" Bogotá",Google News RSS,2026-09-21T11:45:35-05:00
news_00373,UMV recuperó segmento vial en barrio santa fe de la localidad de Bosa - Bogota.gov.co,https://news.google.com/rss/articles/CBMiugFBVV95cUxPQ3IyNVNlaWlGMmFIQ3ltbnVfeUM5MkczVVFja3B5MUpVQm94cnRqdmVIN2c4QmpTUTdCY2pkUUxtcUZqRUpDUEVtc09oODVsMDBkWmRRdVpUMzZmMWtOdGhWTlZVZnVpV1N1RF85RGx5cnIxRVRBQkRGRUFUWmtkaXRtWmlHNnZQZm9fNk00WFZuX0dhaVU5cEljYnJzZFUtTlZXLUM1LTh6M0laUlkySEhrSURTd01hWUE?oc=5,"Mon, 08 Feb 2021 05:43:32 GMT","<a href=""https://news.google.com/rss/articles/CBMiugFBVV95cUxPQ3IyNVNlaWlGMmFIQ3ltbnVfeUM5MkczVVFja3B5MUpVQm94cnRqdmVIN2c4QmpTUTdCY2pkUUxtcUZqRUpDUEVtc09oODVsMDBkWmRRdVpUMzZmMWtOdGhWTlZVZnVpV1N1RF85RGx5cnIxRVRBQkRGRUFUWmtkaXRtWmlHNnZQZm9fNk00WFZuX0dhaVU5cEljYnJzZFUtTlZXLUM1LTh6M0laUlkySEhrSURTd01hWUE?oc=5"" target=""_blank"">UMV recuperó segmento vial en barrio santa fe de la localidad de Bosa</a>&nbsp;&nbsp;<font color=""#6f6f6f"">Bogota.gov.co</font>","""UMV"" Bogotá",Google News RSS,2026-09-21T11:45:35-05:00
news_00374,Procuraduría destituyó e inhabilitó a exdirectora de la UMV de Bogotá - Noticias RCN,https://news.google.com/rss/articles/CBMiswFBVV95cUxPVzE1WFNnR25QNmNZZC1mNy1RcEgwY19OdW85dm5oRi1GREpJZGNfX29zOGVsQkcyTnYyQVc1ajBQT3ktdHk2TnlXek5hS1dxaGZjTjFhcXN4R2hNWDdCcTExZHVjb2ZTeG5YRW1tSFZQb2tZSGRIRWxXa3dsZmVFNF9MVWZKcVlvd0NTQTQ3RWVLR0oyazFpSlRrUEJxdHdnU1lsVHZ5Mm1jc0pqZ2hRbW5sQdIBswFBVV95cUxOV3JfX1l4b0RpQzE4WGVoVlBZRmNsR29XbVZRWEJ4ekU0ci1yTzBoTWJNXzM4Mm5qeC1qdTRWLW44YXVSQ0Y4TnBiY2FwVEdrX1NfY09ZNWh4SVd0TWxueDBWU1dQTVhXZDlzekdyVktsbE83UEZzUHlzWW5IcjVCcjVydElnTnZDM1FhUTZManRDNmVGMndfVWxXTEtScC1Hb0xzNUFvQVRjUmxfbDJqTUZtSQ?oc=5,"Mon, 15 Apr 2024 13:51:51 GMT","<a href=""https://news.google.com/rss/articles/CBMiswFBVV95cUxPVzE1WFNnR25QNmNZZC1mNy1RcEgwY19OdW85dm5oRi1GREpJZGNfX29zOGVsQkcyTnYyQVc1ajBQT3ktdHk2TnlXek5hS1dxaGZjTjFhcXN4R2hNWDdCcTExZHVjb2ZTeG5YRW1tSFZQb2tZSGRIRWxXa3dsZmVFNF9MVWZKcVlvd0NTQTQ3RWVLR0oyazFpSlRrUEJxdHdnU1lsVHZ5Mm1jc0pqZ2hRbW5sQdIBswFBVV95cUxOV3JfX1l4b0RpQzE4WGVoVlBZRmNsR29XbVZRWEJ4ekU0ci1yTzBoTWJNXzM4Mm5qeC1qdTRWLW44YXVSQ0Y4TnBiY2FwVEdrX1NfY09ZNWh4SVd0TWxueDBWU1dQTVhXZDlzekdyVktsbE83UEZzUHlzWW5IcjVCcjVydElnTnZDM1FhUTZManRDNmVGMndfVWxXTEtScC1Hb0xzNUFvQVRjUmxfbDJqTUZtSQ?oc=5"" target=""_blank"">Procuraduría destituyó e inhabilitó a exdirectora de la UMV de Bogotá</a>&nbsp;&nbsp;<font color=""#6f6f6f"">Noticias RCN</font>","""UMV"" Bogotá",Google News RSS,2026-09-21T11:45:35-05:00
news_00375,UMV y motociclistas se unen para atender puntos críticos de las vías en Bogotá - Bogota.gov.co,https://news.google.com/rss/articles/CBMisgFBVV95cUxPZGppWTZCdnVzdGx6MzhVbzk4WWVYN3ktNHF2TUVEWUsyUUdwZnNvNUVGS0NuSnFWNGpIb2VHWjFzZVF2cmt3cGNvdTdOR19oN201U0pDeGhqU1JPbTkwbUxaMDJGeHRNM2lfdm1FRWpQTWltVE1vMjZIcVpvdWtOOTdWd0Fkb184cS05MTl2a0VXMThsRDBRVk5hNmY5UF9Hb3dVeVFvdXgwYkZRVUZrenJB?oc=5,"Mon, 01 Feb 2021 08:00:00 GMT","<a href=""https://news.google.com/rss/articles/CBMisgFBVV95cUxPZGppWTZCdnVzdGx6MzhVbzk4WWVYN3ktNHF2TUVEWUsyUUdwZnNvNUVGS0NuSnFWNGpIb2VHWjFzZVF2cmt3cGNvdTdOR19oN201U0pDeGhqU1JPbTkwbUxaMDJGeHRNM2lfdm1FRWpQTWltVE1vMjZIcVpvdWtOOTdWd0Fkb184cS05MTl2a0VXMThsRDBRVk5hNmY5UF9Hb3dVeVFvdXgwYkZRVUZrenJB?oc=5"" target=""_blank"">UMV y motociclistas se unen para atender puntos críticos de las vías en Bogotá</a>&nbsp;&nbsp;<font color=""#6f6f6f"">Bogota.gov.co</font>","""UMV"" Bogotá",Google News RSS,2026-09-21T11:45:35-05:00
news_00376,La UMV entrega obras viales a los habitantes de Cedritos - Bogota.gov.co,https://news.google.com/rss/articles/CBMilwFBVV95cUxOZEwyODlMUXVSUFB4V054ZC1VVnZCTl94NTQ3NThuSkhYMWliLW14MnhRU253WTY4eVM0TUxqVWlXbWxpU2oteHBXNmg5dG9TZnlDMFBNVFE4am9SRENZUkxhUUNiTjBET250S2J6UENVaWtmTW00ejFHd3VBbUlQeG83YmxXVnVDSmpjekU0UEVVVjBURXVv?oc=5,"Sun, 19 May 2019 15:22:36 GMT","<a href=""https://news.google.com/rss/articles/CBMilwFBVV95cUxOZEwyODlMUXVSUFB4V054ZC1VVnZCTl94NTQ3NThuSkhYMWliLW14MnhRU253WTY4eVM0TUxqVWlXbWxpU2oteHBXNmg5dG9TZnlDMFBNVFE4am9SRENZUkxhUUNiTjBET250S2J6UENVaWtmTW00ejFHd3VBbUlQeG83YmxXVnVDSmpjekU0UEVVVjBURXVv?oc=5"" target=""_blank"">La UMV entrega obras viales a los habitantes de Cedritos</a>&nbsp;&nbsp;<font color=""#6f6f6f"">Bogota.gov.co</font>","""UMV"" Bogotá",Google News RSS,2026-09-21T11:45:35-05:00
news_00377,Así puede reportar el mal estado de una vía local en Bogotá para que la arreglen - Pulzo,https://news.google.com/rss/articles/CBMipAFBVV95cUxQQzZwY3JxMzREOTYzcmZ0MzV4cUU1QndMT05SSXdreDYtd1dwNmkyRm9ndVRPdE1sbERCSXdtbVYwa3FsZHU0Z3JxaDFoamtQSjBkYy1Ma3pPUVItUWZnbzdoSGlCd1MwcnVuZVM5TnlVdHZhSm9MSFBZVnFWQUFxSW9QRWdDVEFoZ3VrR2lYaVJpekdRTkFxR3dtdU85VGNEVmwyQQ?oc=5,"Tue, 25 Apr 2023 22:07:19 GMT","<a href=""https://news.google.com/rss/articles/CBMipAFBVV95cUxQQzZwY3JxMzREOTYzcmZ0MzV4cUU1QndMT05SSXdreDYtd1dwNmkyRm9ndVRPdE1sbERCSXdtbVYwa3FsZHU0Z3JxaDFoamtQSjBkYy1Ma3pPUVItUWZnbzdoSGlCd1MwcnVuZVM5TnlVdHZhSm9MSFBZVnFWQUFxSW9QRWdDVEFoZ3VrR2lYaVJpekdRTkFxR3dtdU85VGNEVmwyQQ?oc=5"" target=""_blank"">Así puede reportar el mal estado de una vía local en Bogotá para que la arreglen</a>&nbsp;&nbsp;<font color=""#6f6f6f"">Pulzo</font>","""UMV"" Bogotá",Google News RSS,2026-09-21T11:45:35-05:00
news_00378,Mantenimiento vial de Bogotá: sello de excelencia del MinTIC por su sistema de información geográfica - Las2orillas,https://news.google.com/rss/articles/CBMixwFBVV95cUxPdmVwM0otOWd3YWdpN2d3eUFtcU9RNFF4WXdPZm5NUXRFZlBRbVduUDV5V19ScGhHSGc2cUVNVjdRRWNlSG1wbU1LMjhrMEpBQ0l5U1ZvSXJicy12YlRXdDViRzNfZkJOcXlZVi1iRWwxV3gtcFFGaUNKZl8wTHctOGR0ZkE5S05tajdLZ3pPZFplTzdTLVhSMlZfWXlZdG5od3RqUVRnT2d2QWZodWtSbklDR1lKTHNkaktjQWYtb0NLdS1PaXFZ?oc=5,"Mon, 04 Sep 2023 07:00:00 GMT","<a href=""https://news.google.com/rss/articles/CBMixwFBVV95cUxPdmVwM0otOWd3YWdpN2d3eUFtcU9RNFF4WXdPZm5NUXRFZlBRbVduUDV5V19ScGhHSGc2cUVNVjdRRWNlSG1wbU1LMjhrMEpBQ0l5U1ZvSXJicy12YlRXdDViRzNfZkJOcXlZVi1iRWwxV3gtcFFGaUNKZl8wTHctOGR0ZkE5S05tajdLZ3pPZFplTzdTLVhSMlZfWXlZdG5od3RqUVRnT2d2QWZodWtSbklDR1lKTHNkaktjQWYtb0NLdS1PaXFZ?oc=5"" target=""_blank"">Mantenimiento vial de Bogotá: sello de excelencia del MinTIC por su sistema de información geográfica</a>&nbsp;&nbsp;<font color=""#6f6f6f"">Las2orillas</font>","""UMV"" Bogotá",Google News RSS,2026-09-21T11:45:35-05:00
news_00379,UMV renueva ciclorruta en el parque El Tunal : 2.5 km de infraestructura mejorada - City Tv,https://news.google.com/rss/articles/CBMiywFBVV95cUxNdFlLYnNBOXJscFRkVmdSTGsteEw2TmxmQnQtNFVQeUdPSklFalBSVVJoQkdBQ29acXJXYzF4NjNQSHJ5SjEzSUlSUzQwdWNkUU85R2hicUhTNVNOWExmZzRqMGRBWmJRdk9TWHhoMHdVVW9namJUeEREcDlaTVNST01zNDJEREd4a1ZqY3lTY2FxSUNJakhCSGFTaHdxNjBpSlRvYnVzZEpSSVQyRTBFQzFLclRRYU9qdVlDR3c3SHQxT1pWanZtS20ybw?oc=5,"Wed, 21 Aug 2024 07:00:00 GMT","<a href=""https://news.google.com/rss/articles/CBMiywFBVV95cUxNdFlLYnNBOXJscFRkVmdSTGsteEw2TmxmQnQtNFVQeUdPSklFalBSVVJoQkdBQ29acXJXYzF4NjNQSHJ5SjEzSUlSUzQwdWNkUU85R2hicUhTNVNOWExmZzRqMGRBWmJRdk9TWHhoMHdVVW9namJUeEREcDlaTVNST01zNDJEREd4a1ZqY3lTY2FxSUNJakhCSGFTaHdxNjBpSlRvYnVzZEpSSVQyRTBFQzFLclRRYU9qdVlDR3c3SHQxT1pWanZtS20ybw?oc=5"" target=""_blank"">UMV renueva ciclorruta en el parque El Tunal : 2.5 km de infraestructura mejorada</a>&nbsp;&nbsp;<font color=""#6f6f6f"">City Tv</font>","""UMV"" Bogotá",Google News RSS,2026-09-21T11:45:35-05:00
news_00380,Cuánto tiempo tarda tapar un hueco en Bogotá; son varias horas y se necesitan varias manos - Pulzo,https://news.google.com/rss/articles/CBMilgFBVV95cUxOdmo1TEYzQVRQR2Ezc1NsbkdndG5wdklId0diX0tMRVhxaG9pQlhuSTUwclBPOXp6Z0l4UjUxWlNuQ1JIbjh3TGNTMDkxZHdWRWNwLTFpUk9KZDBpcWhBOW1RcF9XZ2djUHdqRTg4N1BTZUxqTW5uRFl6V0d3VVJodEpuclMtb3dkbmhib3dyMmRFMFBlc0E?oc=5,"Mon, 10 Apr 2023 07:00:00 GMT","<a href=""https://news.google.com/rss/articles/CBMilgFBVV95cUxOdmo1TEYzQVRQR2Ezc1NsbkdndG5wdklId0diX0tMRVhxaG9pQlhuSTUwclBPOXp6Z0l4UjUxWlNuQ1JIbjh3TGNTMDkxZHdWRWNwLTFpUk9KZDBpcWhBOW1RcF9XZ2djUHdqRTg4N1BTZUxqTW5uRFl6V0d3VVJodEpuclMtb3dkbmhib3dyMmRFMFBlc0E?oc=5"" target=""_blank"">Cuánto tiempo tarda tapar un hueco en Bogotá; son varias horas y se necesitan varias manos</a>&nbsp;&nbsp;<font color=""#6f6f6f"">Pulzo</font>","""UMV"" Bogotá",Google News RSS,2026-09-21T11:45:35-05:00
news_00381,"""Quisiéramos ir tan rápido como van los vehículos que se accidentan” - KienyKe",https://news.google.com/rss/articles/CBMilgFBVV95cUxQay1SSlc3ZF9sS3FCMG9YUTlGYTZJdDE2VS1IYUZmTlNWNVViLTE4U3BoaERDcVNFZ044TUMzbmdfZThpbF90WXFxLVNiNUZNaURtVFk3QnZESjhrN3FZVE9XQTdLQm9abXV6V21mczJIY244dWxFYXQ4Wktwdi1XMTNYejRJc2s3UHlzeG9aUllmQkxFQXc?oc=5,"Thu, 25 Nov 2021 08:00:00 GMT","<a href=""https://news.google.com/rss/articles/CBMilgFBVV95cUxQay1SSlc3ZF9sS3FCMG9YUTlGYTZJdDE2VS1IYUZmTlNWNVViLTE4U3BoaERDcVNFZ044TUMzbmdfZThpbF90WXFxLVNiNUZNaURtVFk3QnZESjhrN3FZVE9XQTdLQm9abXV6V21mczJIY244dWxFYXQ4Wktwdi1XMTNYejRJc2s3UHlzeG9aUllmQkxFQXc?oc=5"" target=""_blank"">""Quisiéramos ir tan rápido como van los vehículos que se accidentan”</a>&nbsp;&nbsp;<font color=""#6f6f6f"">KienyKe</font>","""UMV"" Bogotá",Google News RSS,2026-09-21T11:45:35-05:00
news_00382,Alcaldía de Kennedy sella bodega de alimentos por invasión del espacio público y afectación a la malla vial en el barrio Camilo Torres - noticiasdiaadia.com,https://news.google.com/rss/articles/CBMidkFVX3lxTFBXa2FZTlJCTXd6bC0xN19lby1vZWxVVjVRNFR4X2RZdVVEZ3hDRGVaU2pBX1QtLVM2NHAxZ3NsQVN5c2ZmeGIzLXVaSmw5UjNBN21QaFkyV0E2c29sRjFydTNpUlFfZkkzR0dRM1VlVkI3YURaQVE?oc=5,"Sun, 20 Sep 2026 11:11:37 GMT","<a href=""https://news.google.com/rss/articles/CBMidkFVX3lxTFBXa2FZTlJCTXd6bC0xN19lby1vZWxVVjVRNFR4X2RZdVVEZ3hDRGVaU2pBX1QtLVM2NHAxZ3NsQVN5c2ZmeGIzLXVaSmw5UjNBN21QaFkyV0E2c29sRjFydTNpUlFfZkkzR0dRM1VlVkI3YURaQVE?oc=5"" target=""_blank"">Alcaldía de Kennedy sella bodega de alimentos por invasión del espacio público y afectación a la malla vial en el barrio Camilo Torres</a>&nbsp;&nbsp;<font color=""#6f6f6f"">noticiasdiaadia.com</font>","""malla vial"" ""Alcaldía de Bogotá""",Google News RSS,2026-09-21T11:45:36-05:00
news_00383,La Alcaldía de Bogotá alista 18 nuevas cámaras de foto multas que serán colocadas en distintos puntos de la ciudad - Las2orillas,https://news.google.com/rss/articles/CBMi2gFBVV95cUxQdGJVb0VJbTBDd1NSMkhrc2F2Y04yUXkydDB1TFE3RUpHUWFDX2c4TE9xM0JsbmxHYWpQODZPd3FGT3hUZnR3c2p4VXB2RUVPcGE3MkhwYXowXzdZdURKMXVqNkJBVG51R2hFZU5vQzVVRHB6dENzUXZHWThJVmxwc0VmbVktOVRuWDlvWWl3WU1BTWtEc05DTkE0UjlWUFVpZldObl9ZQ2otMERKRm42ZmV4UElFNV9HSUVFQVhjRS1VT3dNdUZrcTlWV3NtdG85WlRkSTdYY2p3UQ?oc=5,"Sat, 11 Jul 2026 07:00:00 GMT","<a href=""https://news.google.com/rss/articles/CBMi2gFBVV95cUxQdGJVb0VJbTBDd1NSMkhrc2F2Y04yUXkydDB1TFE3RUpHUWFDX2c4TE9xM0JsbmxHYWpQODZPd3FGT3hUZnR3c2p4VXB2RUVPcGE3MkhwYXowXzdZdURKMXVqNkJBVG51R2hFZU5vQzVVRHB6dENzUXZHWThJVmxwc0VmbVktOVRuWDlvWWl3WU1BTWtEc05DTkE0UjlWUFVpZldObl9ZQ2otMERKRm42ZmV4UElFNV9HSUVFQVhjRS1VT3dNdUZrcTlWV3NtdG85WlRkSTdYY2p3UQ?oc=5"" target=""_blank"">La Alcaldía de Bogotá alista 18 nuevas cámaras de foto multas que serán colocadas en distintos puntos de la ciudad</a>&nbsp;&nbsp;<font color=""#6f6f6f"">Las2orillas</font>","""malla vial"" ""Alcaldía de Bogotá""",Google News RSS,2026-09-21T11:45:36-05:00
news_00384,Carlos Fernando Galán obtiene el aval para instalar 18 nuevas cámaras de fotodetección en Bogotá: estas serán las zonas intervenidas - Infobae,https://news.google.com/rss/articles/CBMihwJBVV95cUxPd3N1OE9BMTFRam4zTVVJa3Jwb1luZ0lESGk5bVQyRUxJeHZUYmZ4T0tXUXB4Y2FHNEpnTFFjbkxRN0dNajZEUUhvdExfc1BQWEFHLVZ4YTJWblY3cExhMjVkd3U5QnFQelZDdUZTVjltSHdKc0JfTTJ1TFlJVTB3NTY0bVl1RGZrNXp1RVd0TUVFZ0lKZ2ZGczhXdVl5T2kzb2EwZEdHakRrQ2RNLXpCUkpMUk9RSHh5dXJSdWxoSGYtZ3o3WGhkWGs2ZXB1VmdFckcwRktBTnRZU29tc0lMRERPVE1OcGNSaVpMZXpjc3V0X2ptMzhKeU8zTFlRYjUzal93QjB0c9IBogJBVV95cUxQdU9yX1lIWnNPNGxRTDlaYWhrRG9GMmtXSUZuaWJCMG5EeXNJY0NyU0s0OVp1eVY1cEdETm1WT0pOcjZQWEs0WElMSDFFd1JIdnlfY3pMSDZwdHNrZlN1RjlqUFBDU3lCTmsweEdNWGdWV1Zta1BMcE5YbXlyMWhNTTRnOXpPUG5rV3ZEa2U1cktHTzA5c0lDTUZMaGhmU3lRTFFSTEF4bG5CU2hteGl0U2g0aTExdl9ITklpeXVLSW9tNVpoclM4OHJrUWtrSTlVU0ZrdUtHVUM3UEUzZFlPcHFIbEp3R1laU0xZZDdGQjhnbXQyZTFubDVKdXMtMVR2ZUJhVXNES0VIVnJaNTlWb2tjUHJNUUt2ZUFvSGUtdC1pdw?oc=5,"Thu, 09 Jul 2026 07:00:00 GMT","<a href=""https://news.google.com/rss/articles/CBMihwJBVV95cUxPd3N1OE9BMTFRam4zTVVJa3Jwb1luZ0lESGk5bVQyRUxJeHZUYmZ4T0tXUXB4Y2FHNEpnTFFjbkxRN0dNajZEUUhvdExfc1BQWEFHLVZ4YTJWblY3cExhMjVkd3U5QnFQelZDdUZTVjltSHdKc0JfTTJ1TFlJVTB3NTY0bVl1RGZrNXp1RVd0TUVFZ0lKZ2ZGczhXdVl5T2kzb2EwZEdHakRrQ2RNLXpCUkpMUk9RSHh5dXJSdWxoSGYtZ3o3WGhkWGs2ZXB1VmdFckcwRktBTnRZU29tc0lMRERPVE1OcGNSaVpMZXpjc3V0X2ptMzhKeU8zTFlRYjUzal93QjB0c9IBogJBVV95cUxQdU9yX1lIWnNPNGxRTDlaYWhrRG9GMmtXSUZuaWJCMG5EeXNJY0NyU0s0OVp1eVY1cEdETm1WT0pOcjZQWEs0WElMSDFFd1JIdnlfY3pMSDZwdHNrZlN1RjlqUFBDU3lCTmsweEdNWGdWV1Zta1BMcE5YbXlyMWhNTTRnOXpPUG5rV3ZEa2U1cktHTzA5c0lDTUZMaGhmU3lRTFFSTEF4bG5CU2hteGl0U2g0aTExdl9ITklpeXVLSW9tNVpoclM4OHJrUWtrSTlVU0ZrdUtHVUM3UEUzZFlPcHFIbEp3R1laU0xZZDdGQjhnbXQyZTFubDVKdXMtMVR2ZUJhVXNES0VIVnJaNTlWb2tjUHJNUUt2ZUFvSGUtdC1pdw?oc=5"" target=""_blank"">Carlos Fernando Galán obtiene el aval para instalar 18 nuevas cámaras de fotodetección en Bogotá: estas serán las zonas intervenidas</a>&nbsp;&nbsp;<font color=""#6f6f6f"">Infobae</font>","""malla vial"" ""Alcaldía de Bogotá""",Google News RSS,2026-09-21T11:45:36-05:00
news_00385,Alcaldía de Kennedy entrega nuevo tramo vial en Villa Rica y supervisa avances de obras en ejecución - Bogota.gov.co,https://news.google.com/rss/articles/CBMiqAFBVV95cUxPbFZBRFdORXFqQmdkY1lYODhSSHJJZnppRjctY0J3bm0tZGxGLXlGR291R0d4dDBydUNybVB0cjI0cWFXZlVJV0c3QU1PbGVKajA5ZTlNVU5FajZpcXBuMDBHZXBXa0xVVjdnS0MtWWsyaFRBOEE5MUZrZ3RlcGlPZXp5c0pkT3NMZk1XWm91eWpuVF9EUUFsUl8xSG1HWjNPaEJsMEItZTk?oc=5,"Thu, 26 Mar 2026 21:13:48 GMT","<a href=""https://news.google.com/rss/articles/CBMiqAFBVV95cUxPbFZBRFdORXFqQmdkY1lYODhSSHJJZnppRjctY0J3bm0tZGxGLXlGR291R0d4dDBydUNybVB0cjI0cWFXZlVJV0c3QU1PbGVKajA5ZTlNVU5FajZpcXBuMDBHZXBXa0xVVjdnS0MtWWsyaFRBOEE5MUZrZ3RlcGlPZXp5c0pkT3NMZk1XWm91eWpuVF9EUUFsUl8xSG1HWjNPaEJsMEItZTk?oc=5"" target=""_blank"">Alcaldía de Kennedy entrega nuevo tramo vial en Villa Rica y supervisa avances de obras en ejecución</a>&nbsp;&nbsp;<font color=""#6f6f6f"">Bogota.gov.co</font>","""malla vial"" ""Alcaldía de Bogotá""",Google News RSS,2026-09-21T11:45:36-05:00
news_00386,"Más de $ 3.924 millones en obras locales, benefician a 38 mil habitantes de Rafael Uribe Uribe en Bogotá - Bogota.gov.co",https://news.google.com/rss/articles/CBMiqwFBVV95cUxQOW1EcExfY1Y0RVh0YjBQR0p1LTFUR295bXRJYWRMMlhSMkFlaTVUenkxMkh3RWMzdG9uSTRmOTdya1hER0k5cjhpRlVCemNTTHBFVnNxTEprSVNQZ19LLWZhWnZCZWZhVzlQVnRnZzBxX0pNLXphMzUwM2JUTktSMXQyTjFZTE9PaV9Bd21wallXUFRiVmdqYnhDcjd3N1N2aE9GMG14ZWZHUHM?oc=5,"Sun, 01 Mar 2026 20:00:30 GMT","<a href=""https://news.google.com/rss/articles/CBMiqwFBVV95cUxQOW1EcExfY1Y0RVh0YjBQR0p1LTFUR295bXRJYWRMMlhSMkFlaTVUenkxMkh3RWMzdG9uSTRmOTdya1hER0k5cjhpRlVCemNTTHBFVnNxTEprSVNQZ19LLWZhWnZCZWZhVzlQVnRnZzBxX0pNLXphMzUwM2JUTktSMXQyTjFZTE9PaV9Bd21wallXUFRiVmdqYnhDcjd3N1N2aE9GMG14ZWZHUHM?oc=5"" target=""_blank"">Más de $ 3.924 millones en obras locales, benefician a 38 mil habitantes de Rafael Uribe Uribe en Bogotá</a>&nbsp;&nbsp;<font color=""#6f6f6f"">Bogota.gov.co</font>","""malla vial"" ""Alcaldía de Bogotá""",Google News RSS,2026-09-21T11:45:36-05:00
news_00387,Se renueva la malla vial local de Usaquén en Bogotá: obras cambian la calle 146 y la carrera Séptima D - Bogota.gov.co,https://news.google.com/rss/articles/CBMirgFBVV95cUxNNkRrZ3A4RmFkWkVPYjJyVERzQ2NvTS1mdUZEeHBCNjU0akotLW4yc2o0cjBoLXloNUE4RzlRcHUwblo5NDFCN1ZjeEhLOUtCQ19ob3lUR3VVekh2V3JrWFhtXzVVNWdaY2lYTmNPUUdwWURRWFVwU0VzWFVIRW8tX2wxOUw5ek5CS2I0TVU2VDY5OF8zcTVuTGs2YUU4NjdPRlRUSnFzRmE5R25yR1E?oc=5,"Tue, 23 Dec 2025 23:02:31 GMT","<a href=""https://news.google.com/rss/articles/CBMirgFBVV95cUxNNkRrZ3A4RmFkWkVPYjJyVERzQ2NvTS1mdUZEeHBCNjU0akotLW4yc2o0cjBoLXloNUE4RzlRcHUwblo5NDFCN1ZjeEhLOUtCQ19ob3lUR3VVekh2V3JrWFhtXzVVNWdaY2lYTmNPUUdwWURRWFVwU0VzWFVIRW8tX2wxOUw5ek5CS2I0TVU2VDY5OF8zcTVuTGs2YUU4NjdPRlRUSnFzRmE5R25yR1E?oc=5"" target=""_blank"">Se renueva la malla vial local de Usaquén en Bogotá: obras cambian la calle 146 y la carrera Séptima D</a>&nbsp;&nbsp;<font color=""#6f6f6f"">Bogota.gov.co</font>","""malla vial"" ""Alcaldía de Bogotá""",Google News RSS,2026-09-21T11:45:36-05:00
news_00388,Avanzan en 62 % las obras de intervención de vías locales y parque en La Faena y Mónaco de Engativá - Bogota.gov.co,https://news.google.com/rss/articles/CBMirAFBVV95cUxNZk8zY0NiY0JDY1R4YkQ2eDNJQmNyWHhVOUNmTkxNc05oUGVfR2JxX1BiT2pYUVdGMGd1dndtSGhhZVIyTlh4VEVRdnNuQ190RDdJV2J2eVFuRURseVM0Yk0tTTltc1NyZW9NNDZmVE90aFFNOExIeDNCVkY3VXhPbUlNQXItT0M3WWdrSmVhRV9GeHBoTm1LdGtGanh0OHZtQkpMOWlfYnJ0cG5k?oc=5,"Sat, 25 Oct 2025 07:00:00 GMT","<a href=""https://news.google.com/rss/articles/CBMirAFBVV95cUxNZk8zY0NiY0JDY1R4YkQ2eDNJQmNyWHhVOUNmTkxNc05oUGVfR2JxX1BiT2pYUVdGMGd1dndtSGhhZVIyTlh4VEVRdnNuQ190RDdJV2J2eVFuRURseVM0Yk0tTTltc1NyZW9NNDZmVE90aFFNOExIeDNCVkY3VXhPbUlNQXItT0M3WWdrSmVhRV9GeHBoTm1LdGtGanh0OHZtQkpMOWlfYnJ0cG5k?oc=5"" target=""_blank"">Avanzan en 62 % las obras de intervención de vías locales y parque en La Faena y Mónaco de Engativá</a>&nbsp;&nbsp;<font color=""#6f6f6f"">Bogota.gov.co</font>","""malla vial"" ""Alcaldía de Bogotá""",Google News RSS,2026-09-21T11:45:36-05:00
news_00389,Más de $2.700 millones de pesos invertidos para la malla vial en Kennedy - Bogota.gov.co,https://news.google.com/rss/articles/CBMiqwFBVV95cUxPZUt6V0xaMERfZC1KSjhHSDc3eWlvVUlVN3ZmdExYM0oxNWRPY2Frc1drWkdxWk5BQ1NzVlQzVlV5bVY3QUoyc3FTYzZPTTRYcjRPdlN5Rks3bU1qb0U4VTFua1ExQzRQSTFBZ2dzR1BjbDE5R20zcDdvSVNtWVpPMkY1V1NoYU80NlZwMTFFcTM5NHVQYUpvcDFocXREWkJTdjdrV1RlaUd0RWs?oc=5,"Fri, 21 Feb 2025 08:00:00 GMT","<a href=""https://news.google.com/rss/articles/CBMiqwFBVV95cUxPZUt6V0xaMERfZC1KSjhHSDc3eWlvVUlVN3ZmdExYM0oxNWRPY2Frc1drWkdxWk5BQ1NzVlQzVlV5bVY3QUoyc3FTYzZPTTRYcjRPdlN5Rks3bU1qb0U4VTFua1ExQzRQSTFBZ2dzR1BjbDE5R20zcDdvSVNtWVpPMkY1V1NoYU80NlZwMTFFcTM5NHVQYUpvcDFocXREWkJTdjdrV1RlaUd0RWs?oc=5"" target=""_blank"">Más de $2.700 millones de pesos invertidos para la malla vial en Kennedy</a>&nbsp;&nbsp;<font color=""#6f6f6f"">Bogota.gov.co</font>","""malla vial"" ""Alcaldía de Bogotá""",Google News RSS,2026-09-21T11:45:36-05:00
news_00390,"Unidad de Mantenimiento Vial transforma la movilidad en Bosa, San Pablo - Bogota.gov.co",https://news.google.com/rss/articles/CBMirgFBVV95cUxQalB6YklrWVJUbmp6dlJoQ0NXOV9kSGVIanp3YV9ZMFgzM240cjNsSldmeXlXMEVOVEFrSmlEeXozOE9tTHpOdFBwbzRfaDBuQWp0eG1ZUkN3VHM1UnEzY3dfLWQ3WGNnNkRaLXd0TVZxck1pc0poWnRpdW41YTBJdVNueDcwQmFfM2NXVVBPaV91TjF1bDA3UGhwRkw3UnBfdm1iZVpHakRfNnEwTFE?oc=5,"Mon, 25 Aug 2025 20:35:32 GMT","<a href=""https://news.google.com/rss/articles/CBMirgFBVV95cUxQalB6YklrWVJUbmp6dlJoQ0NXOV9kSGVIanp3YV9ZMFgzM240cjNsSldmeXlXMEVOVEFrSmlEeXozOE9tTHpOdFBwbzRfaDBuQWp0eG1ZUkN3VHM1UnEzY3dfLWQ3WGNnNkRaLXd0TVZxck1pc0poWnRpdW41YTBJdVNueDcwQmFfM2NXVVBPaV91TjF1bDA3UGhwRkw3UnBfdm1iZVpHakRfNnEwTFE?oc=5"" target=""_blank"">Unidad de Mantenimiento Vial transforma la movilidad en Bosa, San Pablo</a>&nbsp;&nbsp;<font color=""#6f6f6f"">Bogota.gov.co</font>","""malla vial"" ""Alcaldía de Bogotá""",Google News RSS,2026-09-21T11:45:36-05:00
news_00391,Conductores y alcaldía de Bogotá logran acuerdos! - Concejo de Bogotá,https://news.google.com/rss/articles/CBMirgFBVV95cUxOUHVFMl9NUGdzTDVEZDN0NlA2TXBuVEZZTkZCNjE3OXE3bXYxOG1BUmtpZm9pZ2RpSk5la0g0Y0RZc21oTndHNzNTWjRZUklJZldrdksxRDR1VEZEeENtUWdJQXRUc3NZdEFJSU5MTUh5dzRrWXhBNkhqSF9PLTMtWE53Q2dJTkJjYjlQSW5sTlpTNGpCTlRCc2ItMDFMQjU5OXZ0MV9idUt3cGNuQ3c?oc=5,"Fri, 03 Oct 2025 07:00:00 GMT","<a href=""https://news.google.com/rss/articles/CBMirgFBVV95cUxOUHVFMl9NUGdzTDVEZDN0NlA2TXBuVEZZTkZCNjE3OXE3bXYxOG1BUmtpZm9pZ2RpSk5la0g0Y0RZc21oTndHNzNTWjRZUklJZldrdksxRDR1VEZEeENtUWdJQXRUc3NZdEFJSU5MTUh5dzRrWXhBNkhqSF9PLTMtWE53Q2dJTkJjYjlQSW5sTlpTNGpCTlRCc2ItMDFMQjU5OXZ0MV9idUt3cGNuQ3c?oc=5"" target=""_blank"">Conductores y alcaldía de Bogotá logran acuerdos!</a>&nbsp;&nbsp;<font color=""#6f6f6f"">Concejo de Bogotá</font>","""malla vial"" ""Alcaldía de Bogotá""",Google News RSS,2026-09-21T11:45:36-05:00
news_00392,En Suba se adelantan acciones en obra en la malla vial del barrio La Gaitana - Bogota.gov.co,https://news.google.com/rss/articles/CBMirwFBVV95cUxOZ3J3eU9kNDFYeUFwVGlST21vRjQ4am53ZC01ZWZRb1A0c28zUWlBMm5fOWVsTWh5LWgwYmF3enFENFdhZXZTVmhkY1dQUUl6ZFMtTkpIVlNqejRhNjQyc0xQTnJuZW1nME5jbkNIckU0ZjhUbnNIQzVzcXFibHdBcG1nNjZWQmdJX1NhZTR2eDNiMUJnd01OVEZBWXRqNUROdG95SFRXRF9Sc1BQYUpj?oc=5,"Sun, 03 Aug 2025 17:33:03 GMT","<a href=""https://news.google.com/rss/articles/CBMirwFBVV95cUxOZ3J3eU9kNDFYeUFwVGlST21vRjQ4am53ZC01ZWZRb1A0c28zUWlBMm5fOWVsTWh5LWgwYmF3enFENFdhZXZTVmhkY1dQUUl6ZFMtTkpIVlNqejRhNjQyc0xQTnJuZW1nME5jbkNIckU0ZjhUbnNIQzVzcXFibHdBcG1nNjZWQmdJX1NhZTR2eDNiMUJnd01OVEZBWXRqNUROdG95SFRXRF9Sc1BQYUpj?oc=5"" target=""_blank"">En Suba se adelantan acciones en obra en la malla vial del barrio La Gaitana</a>&nbsp;&nbsp;<font color=""#6f6f6f"">Bogota.gov.co</font>","""malla vial"" ""Alcaldía de Bogotá""",Google News RSS,2026-09-21T11:45:36-05:00
news_00393,"Con nuevas obras, San Cristóbal apuesta por calles más seguras y mejor movilidad - Bogota.gov.co",https://news.google.com/rss/articles/CBMioAFBVV95cUxObXlnU3dDeHc0MEdySktlUGQtdkJja0pPT2VkTVdCLWVzNENTel9UWWI5UHNhNUxwLWFCUTBKZlNkTjZzcjdLdzkxTzNPdDlGNGpzRUJpcldzNVlrR2F3VlhwS0dEaHVxYjk1U2FyU01MQ3lZR2cxTTQwY3V0dUZqa3FLWE14RVBxWmZYeWRRRlVXQmd6S0ZfdEVaYkVvckR4?oc=5,"Wed, 27 Aug 2025 20:37:52 GMT","<a href=""https://news.google.com/rss/articles/CBMioAFBVV95cUxObXlnU3dDeHc0MEdySktlUGQtdkJja0pPT2VkTVdCLWVzNENTel9UWWI5UHNhNUxwLWFCUTBKZlNkTjZzcjdLdzkxTzNPdDlGNGpzRUJpcldzNVlrR2F3VlhwS0dEaHVxYjk1U2FyU01MQ3lZR2cxTTQwY3V0dUZqa3FLWE14RVBxWmZYeWRRRlVXQmd6S0ZfdEVaYkVvckR4?oc=5"" target=""_blank"">Con nuevas obras, San Cristóbal apuesta por calles más seguras y mejor movilidad</a>&nbsp;&nbsp;<font color=""#6f6f6f"">Bogota.gov.co</font>","""malla vial"" ""Alcaldía de Bogotá""",Google News RSS,2026-09-21T11:45:36-05:00
news_00394,Durante 2024 se recuperaron más de 1.7 millones de m² de malla vial en Bogotá - Bogota.gov.co,https://news.google.com/rss/articles/CBMipAFBVV95cUxQdC1vT3U2RC1rLWhJRHc5Mm0xNjJGcXI1SS1PdUdIcjB6TE84T0w5TEhHbTNyTDdZM05lUnFyQzE5UjZ3VW14N0VZSjR6ZUdkTGx1aDNyR3RkYktUYVdjWWcxRE5sNmJrRHMwRHpDVkN0S3Ewb0cwdndGTVluQlJLR3ZGdnJfUXpzSWUwaUFncVdINGd2TDRrclZqcDh1ekZFR19aZw?oc=5,"Fri, 27 Dec 2024 08:00:00 GMT","<a href=""https://news.google.com/rss/articles/CBMipAFBVV95cUxQdC1vT3U2RC1rLWhJRHc5Mm0xNjJGcXI1SS1PdUdIcjB6TE84T0w5TEhHbTNyTDdZM05lUnFyQzE5UjZ3VW14N0VZSjR6ZUdkTGx1aDNyR3RkYktUYVdjWWcxRE5sNmJrRHMwRHpDVkN0S3Ewb0cwdndGTVluQlJLR3ZGdnJfUXpzSWUwaUFncVdINGd2TDRrclZqcDh1ekZFR19aZw?oc=5"" target=""_blank"">Durante 2024 se recuperaron más de 1.7 millones de m² de malla vial en Bogotá</a>&nbsp;&nbsp;<font color=""#6f6f6f"">Bogota.gov.co</font>","""malla vial"" ""Alcaldía de Bogotá""",Google News RSS,2026-09-21T11:45:36-05:00
news_00395,En Suba las obras de malla vial avanzan con 26 frentes de obra - Bogota.gov.co,https://news.google.com/rss/articles/CBMipgFBVV95cUxPOGl4NDRUMVNNWF9QbjJqUkR3b3lwVm5ZNjFIVmtIaXZROE1jZXhIOVRaV0JVaXlIU21tNE90S2dMZDBXb0lZZ0FldGd0cHFsd1BveExyT2xWc1A1WFpjdnh4NVhEcGNsTUlXM0Q5VTB2VERBazBuenVLdDd1YzlidzVfLUtvY0FFX3hLMnlLZ1hCTW9ROWFwMzh1WEJCSFhGQkVEdUp3?oc=5,"Thu, 31 Jul 2025 01:51:34 GMT","<a href=""https://news.google.com/rss/articles/CBMipgFBVV95cUxPOGl4NDRUMVNNWF9QbjJqUkR3b3lwVm5ZNjFIVmtIaXZROE1jZXhIOVRaV0JVaXlIU21tNE90S2dMZDBXb0lZZ0FldGd0cHFsd1BveExyT2xWc1A1WFpjdnh4NVhEcGNsTUlXM0Q5VTB2VERBazBuenVLdDd1YzlidzVfLUtvY0FFX3hLMnlLZ1hCTW9ROWFwMzh1WEJCSFhGQkVEdUp3?oc=5"" target=""_blank"">En Suba las obras de malla vial avanzan con 26 frentes de obra</a>&nbsp;&nbsp;<font color=""#6f6f6f"">Bogota.gov.co</font>","""malla vial"" ""Alcaldía de Bogotá""",Google News RSS,2026-09-21T11:45:36-05:00
news_00396,"Bogotá supera los 4 millones de m2 intervenidos en vías, andenes y ciclorrutas - Bogota.gov.co",https://news.google.com/rss/articles/CBMisAFBVV95cUxPa1IyMy1kdWRINXhNMzNEWWxIWFpQM2xrWnR1NUYzbGNKMTg2OEszMVgtb2lheXRFUW55Y2FxbW02QUdhN0NJQXJsMjJPNWVCZFpNZUNDUmZBZTE1Vl9yWXRKWHFWcTBySGtob2Q0ZEswQllCaFRLY1BHUWsxWEYwU3IxY2h0SGhheWFkVDZQX0Q0MWpKQXlUV0VKT2R1MHFKZnNkSFFNQUxFOUJBdnc3Wg?oc=5,"Fri, 26 Dec 2025 08:00:00 GMT","<a href=""https://news.google.com/rss/articles/CBMisAFBVV95cUxPa1IyMy1kdWRINXhNMzNEWWxIWFpQM2xrWnR1NUYzbGNKMTg2OEszMVgtb2lheXRFUW55Y2FxbW02QUdhN0NJQXJsMjJPNWVCZFpNZUNDUmZBZTE1Vl9yWXRKWHFWcTBySGtob2Q0ZEswQllCaFRLY1BHUWsxWEYwU3IxY2h0SGhheWFkVDZQX0Q0MWpKQXlUV0VKT2R1MHFKZnNkSFFNQUxFOUJBdnc3Wg?oc=5"" target=""_blank"">Bogotá supera los 4 millones de m2 intervenidos en vías, andenes y ciclorrutas</a>&nbsp;&nbsp;<font color=""#6f6f6f"">Bogota.gov.co</font>","""malla vial"" ""Alcaldía de Bogotá""",Google News RSS,2026-09-21T11:45:36-05:00
news_00397,¡Pilas! Por arreglos en la malla vial cambia el servicio de estación las Flores - Bogota.gov.co,https://news.google.com/rss/articles/CBMisAFBVV95cUxNdVpqRmxLYk5HU2NTQWhGb3lqUDhoaEVNa0pabWFfeXFncGdLMXlYSGlwLU51WGxIaHl4NEJmc2gwLUtCdzJOMVpTYzNqdzFDWUUzYjRjc0RBNTdEOXZLT25TQi1JQVN3QU1vMUs0aFNLaWprRjVHYzdiUTA3bmFLQXRmdEdBTHl2V0F6US1UUXZlYUl2V2Y2UFBhUEVmNWluMjRadTY5dlFkeVh5R1ZOWg?oc=5,"Sat, 19 Nov 2022 17:12:53 GMT","<a href=""https://news.google.com/rss/articles/CBMisAFBVV95cUxNdVpqRmxLYk5HU2NTQWhGb3lqUDhoaEVNa0pabWFfeXFncGdLMXlYSGlwLU51WGxIaHl4NEJmc2gwLUtCdzJOMVpTYzNqdzFDWUUzYjRjc0RBNTdEOXZLT25TQi1JQVN3QU1vMUs0aFNLaWprRjVHYzdiUTA3bmFLQXRmdEdBTHl2V0F6US1UUXZlYUl2V2Y2UFBhUEVmNWluMjRadTY5dlFkeVh5R1ZOWg?oc=5"" target=""_blank"">¡Pilas! Por arreglos en la malla vial cambia el servicio de estación las Flores</a>&nbsp;&nbsp;<font color=""#6f6f6f"">Bogota.gov.co</font>","""malla vial"" ""Alcaldía de Bogotá""",Google News RSS,2026-09-21T11:45:36-05:00
news_00398,Bogotá avanza en las obras que transformarán el modelo de movilidad de la ciudad. - Bogota.gov.co,https://news.google.com/rss/articles/CBMiW0FVX3lxTFAySENhQ18ySXFFenZxV3BiVGNEX0o2YVlURTNkYnVlSl9taC1TRjNHaEhNT2hreDQwUXpCaTVQVUw3XzNCelB3bHRKU2RSMzdlVDFKWFRZVENzbm8?oc=5,"Tue, 13 Jun 2023 06:19:51 GMT","<a href=""https://news.google.com/rss/articles/CBMiW0FVX3lxTFAySENhQ18ySXFFenZxV3BiVGNEX0o2YVlURTNkYnVlSl9taC1TRjNHaEhNT2hreDQwUXpCaTVQVUw3XzNCelB3bHRKU2RSMzdlVDFKWFRZVENzbm8?oc=5"" target=""_blank"">Bogotá avanza en las obras que transformarán el modelo de movilidad de la ciudad.</a>&nbsp;&nbsp;<font color=""#6f6f6f"">Bogota.gov.co</font>","""malla vial"" ""Alcaldía de Bogotá""",Google News RSS,2026-09-21T11:45:36-05:00
news_00399,Suba impulsa proyectos de malla vial y más con $56.000 millones en inversión - Bogota.gov.co,https://news.google.com/rss/articles/CBMiqwFBVV95cUxNUDl6Qkt5SXJYM2hoRGRpM090RTdyS0JkS1VSQm5wa2cyNGxiVDY5amUzaTIzVzhkYnpyQnpRX05kMFVCUC1ncXF0STJzdTBhZVo4LTRjZlNFY0FTaEdQX3FqYWp1bW5vQTd3RjlyRkhMWF8xUUpFR19Fb3FMVVE5Z3A3bmpKaHBUSmxKQ25XRjVyMmZqbzFOUmVXd0RUbDNoTWtnUnItUkpjS0k?oc=5,"Mon, 28 Oct 2024 07:00:00 GMT","<a href=""https://news.google.com/rss/articles/CBMiqwFBVV95cUxNUDl6Qkt5SXJYM2hoRGRpM090RTdyS0JkS1VSQm5wa2cyNGxiVDY5amUzaTIzVzhkYnpyQnpRX05kMFVCUC1ncXF0STJzdTBhZVo4LTRjZlNFY0FTaEdQX3FqYWp1bW5vQTd3RjlyRkhMWF8xUUpFR19Fb3FMVVE5Z3A3bmpKaHBUSmxKQ25XRjVyMmZqbzFOUmVXd0RUbDNoTWtnUnItUkpjS0k?oc=5"" target=""_blank"">Suba impulsa proyectos de malla vial y más con $56.000 millones en inversión</a>&nbsp;&nbsp;<font color=""#6f6f6f"">Bogota.gov.co</font>","""malla vial"" ""Alcaldía de Bogotá""",Google News RSS,2026-09-21T11:45:36-05:00
news_00400,Por mantenimiento en la malla vial hay novedades en la estación CDS-Carrera 32 - Bogota.gov.co,https://news.google.com/rss/articles/CBMirAFBVV95cUxQV3dNY3JQby12R0VEdEpVQ05FMUtGRkN2MGNfbDJIdUVleW43VC1CTkt5RkdPTzJ3RVpJTS1lOGg2a0pYYmRkdlM0VDFkOVMwSnFkZGNaTUhlVUswVDI2OWNFNjJJR2I4LW0zbmxsbFRaX00yMHlQOUYtT0kwYlRVbnVsTGxsb1ZLdjNRMGR6V0E3dzdUVENCaGlNblcxa2dQTnNxVGNyMUZKVmVa?oc=5,"Sat, 13 Jan 2024 21:02:47 GMT","<a href=""https://news.google.com/rss/articles/CBMirAFBVV95cUxQV3dNY3JQby12R0VEdEpVQ05FMUtGRkN2MGNfbDJIdUVleW43VC1CTkt5RkdPTzJ3RVpJTS1lOGg2a0pYYmRkdlM0VDFkOVMwSnFkZGNaTUhlVUswVDI2OWNFNjJJR2I4LW0zbmxsbFRaX00yMHlQOUYtT0kwYlRVbnVsTGxsb1ZLdjNRMGR6V0E3dzdUVENCaGlNblcxa2dQTnNxVGNyMUZKVmVa?oc=5"" target=""_blank"">Por mantenimiento en la malla vial hay novedades en la estación CDS-Carrera 32</a>&nbsp;&nbsp;<font color=""#6f6f6f"">Bogota.gov.co</font>","""malla vial"" ""Alcaldía de Bogotá""",Google News RSS,2026-09-21T11:45:36-05:00
news_00401,Jornadas de trabajo nocturno en obras civiles y de la malla vial - Bogota.gov.co,https://news.google.com/rss/articles/CBMiqgFBVV95cUxPNG5XQWxXOWZzV1FDNVJYRExDUU1qR1VFNFZKN3dBcDVIR1BQN0dFUmJ2aXZvWHA2dnRrV19xTWNLQWlCUk1ReDNFME9zTmQ2VC1XQmszSXJGUVVpd0VhcC1uT00tMHNYZmRmd0hGeFlYNmJ2Nm5ZSTFia0tJelJrMzZqVTRnSi1iM05TUjd1QWl3OS03OTZFM1FpenY0QXRIUm5Ja2FnU2dtdw?oc=5,"Wed, 02 Nov 2022 20:50:05 GMT","<a href=""https://news.google.com/rss/articles/CBMiqgFBVV95cUxPNG5XQWxXOWZzV1FDNVJYRExDUU1qR1VFNFZKN3dBcDVIR1BQN0dFUmJ2aXZvWHA2dnRrV19xTWNLQWlCUk1ReDNFME9zTmQ2VC1XQmszSXJGUVVpd0VhcC1uT00tMHNYZmRmd0hGeFlYNmJ2Nm5ZSTFia0tJelJrMzZqVTRnSi1iM05TUjd1QWl3OS03OTZFM1FpenY0QXRIUm5Ja2FnU2dtdw?oc=5"" target=""_blank"">Jornadas de trabajo nocturno en obras civiles y de la malla vial</a>&nbsp;&nbsp;<font color=""#6f6f6f"">Bogota.gov.co</font>","""malla vial"" ""Alcaldía de Bogotá""",Google News RSS,2026-09-21T11:45:36-05:00
news_00402,"Video: Así avanzan las obras de la malla vial en Perdomo Alto, Ciudad Bolívar - Bogota.gov.co",https://news.google.com/rss/articles/CBMirgFBVV95cUxORm82WE1BaTRnQXhhTnlhWUd5b0FaM3FyUU5hY0I3RF9YX0cydXNnengybmZIVXpnZG5HNHZsZmdFdm9aRGo1bmc1SU9vellIXzE3OHFUS3VObkUtU2Y5ZlNjbndneFRfVExrYTAtQ3FMUmdkZXk4a0NPN3B4Q3h0d09wN0hMZVNHZmw4dTZZTkVUeTMyRHlBMlZ0Q1I0TGtDQkJDYUlYNHZUTU92eUE?oc=5,"Tue, 06 Sep 2022 15:09:44 GMT","<a href=""https://news.google.com/rss/articles/CBMirgFBVV95cUxORm82WE1BaTRnQXhhTnlhWUd5b0FaM3FyUU5hY0I3RF9YX0cydXNnengybmZIVXpnZG5HNHZsZmdFdm9aRGo1bmc1SU9vellIXzE3OHFUS3VObkUtU2Y5ZlNjbndneFRfVExrYTAtQ3FMUmdkZXk4a0NPN3B4Q3h0d09wN0hMZVNHZmw4dTZZTkVUeTMyRHlBMlZ0Q1I0TGtDQkJDYUlYNHZUTU92eUE?oc=5"" target=""_blank"">Video: Así avanzan las obras de la malla vial en Perdomo Alto, Ciudad Bolívar</a>&nbsp;&nbsp;<font color=""#6f6f6f"">Bogota.gov.co</font>","""malla vial"" ""Alcaldía de Bogotá""",Google News RSS,2026-09-21T11:45:36-05:00
news_00403,Plan de Mantenimiento Malla Vial: 53.2 km-carril intervenidos en menos de un mes - Bogota.gov.co,https://news.google.com/rss/articles/CBMiqgFBVV95cUxOVHpsbjdHLURfVVB4WG5RaDAxLWRUakRxSlpPYjJvQXNWM1NNdjd0X0toeURtUHdTSTdaMUFLWFhyMDl2SVU0OHF2cFJXU2RrTG1nT0N3Mm9PZzNJemJmQXNaSUtMbWllX0pWZHhtY0JNc2JHcjMteHNMeVdocGJKRXo4WGlXckZsUFl6ZGNxdXE5c2NjblNBdlJaYUFFYXJyX2t4aGdLeXFKdw?oc=5,"Thu, 29 Dec 2022 08:00:00 GMT","<a href=""https://news.google.com/rss/articles/CBMiqgFBVV95cUxOVHpsbjdHLURfVVB4WG5RaDAxLWRUakRxSlpPYjJvQXNWM1NNdjd0X0toeURtUHdTSTdaMUFLWFhyMDl2SVU0OHF2cFJXU2RrTG1nT0N3Mm9PZzNJemJmQXNaSUtMbWllX0pWZHhtY0JNc2JHcjMteHNMeVdocGJKRXo4WGlXckZsUFl6ZGNxdXE5c2NjblNBdlJaYUFFYXJyX2t4aGdLeXFKdw?oc=5"" target=""_blank"">Plan de Mantenimiento Malla Vial: 53.2 km-carril intervenidos en menos de un mes</a>&nbsp;&nbsp;<font color=""#6f6f6f"">Bogota.gov.co</font>","""malla vial"" ""Alcaldía de Bogotá""",Google News RSS,2026-09-21T11:45:36-05:00
news_00404,Distrito adelanta acciones para mejorar la malla vial de la avenida Circunvalar - Bogota.gov.co,https://news.google.com/rss/articles/CBMirwFBVV95cUxONVl2R0t3RWh3ejZjbUk4WHBoOEhpNExiOXJ5SFRzeWNfeE9YNFljRU0tcHpVR3lCMHFETl9zMlQyUVRVSWZpSlhTdkRVTmxmVTdWUjNUaGlBT3VaUXJkN01WMVA3ck5BT29QRy0yRTM5dGNoUWRRaExWWXBOTVdqNDh1Wk1XbUdMMnE2SHdVUURfRXY5bXFhdnhDSm1yczl1MEE4d0d5blIwalQ1UTZV?oc=5,"Sat, 08 Mar 2025 08:00:00 GMT","<a href=""https://news.google.com/rss/articles/CBMirwFBVV95cUxONVl2R0t3RWh3ejZjbUk4WHBoOEhpNExiOXJ5SFRzeWNfeE9YNFljRU0tcHpVR3lCMHFETl9zMlQyUVRVSWZpSlhTdkRVTmxmVTdWUjNUaGlBT3VaUXJkN01WMVA3ck5BT29QRy0yRTM5dGNoUWRRaExWWXBOTVdqNDh1Wk1XbUdMMnE2SHdVUURfRXY5bXFhdnhDSm1yczl1MEE4d0d5blIwalQ1UTZV?oc=5"" target=""_blank"">Distrito adelanta acciones para mejorar la malla vial de la avenida Circunvalar</a>&nbsp;&nbsp;<font color=""#6f6f6f"">Bogota.gov.co</font>","""malla vial"" ""Alcaldía de Bogotá""",Google News RSS,2026-09-21T11:45:36-05:00
news_00405,En marcha la conservación de la malla vial en la calle 53 entre carreras 7 y 60 - Bogota.gov.co,https://news.google.com/rss/articles/CBMisgFBVV95cUxQcFdqRUxwamoyaXl0UWtSQ21hZ204RWdWR2hnMUROMjY4a094N3FiSXZSZTZnNnVFYW5fUDVfU3cwaWNoSVdzTVZjMXE0Y2Nuc2tZR3pZOWpNa3UzNldQT0ptQ0lIM1BiTEUtaTc3d01kNnRNbzdGVHp5NlNMSTJReDcxWmQ5azJOSDdGaWF1Qm5jVG1KdjFackJ4akY0dU5HR0FvMENCLXZfdkp4VHR2ZnF3?oc=5,"Thu, 06 Jun 2024 07:00:00 GMT","<a href=""https://news.google.com/rss/articles/CBMisgFBVV95cUxQcFdqRUxwamoyaXl0UWtSQ21hZ204RWdWR2hnMUROMjY4a094N3FiSXZSZTZnNnVFYW5fUDVfU3cwaWNoSVdzTVZjMXE0Y2Nuc2tZR3pZOWpNa3UzNldQT0ptQ0lIM1BiTEUtaTc3d01kNnRNbzdGVHp5NlNMSTJReDcxWmQ5azJOSDdGaWF1Qm5jVG1KdjFackJ4akY0dU5HR0FvMENCLXZfdkp4VHR2ZnF3?oc=5"" target=""_blank"">En marcha la conservación de la malla vial en la calle 53 entre carreras 7 y 60</a>&nbsp;&nbsp;<font color=""#6f6f6f"">Bogota.gov.co</font>","""malla vial"" ""Alcaldía de Bogotá""",Google News RSS,2026-09-21T11:45:36-05:00
news_00406,Así avanza el mejoramiento de vías en el barrio La Estrada de Engativá - Bogota.gov.co,https://news.google.com/rss/articles/CBMirAFBVV95cUxQazhmMkZrWi1qTnRsZWdnT19DTWZIa1NEVUplU05vQ2JHTVZ5SS1tWUlhQVhlTnlFSUlVWk1CNFVZZnJ6NDh4eDd6VTdzNE9JWFpwcjJ2cjJhTE5NdlNEQ21LdUhFSVU4UWJ0NjJGVnVxMnFUMlNQRGltZHJWLV9xYkEzamJDQjV1TGFIbG1zSXViTmstM3Y3VHhya1pHeXFkQ0lCMHlyT3Z1ZlNT?oc=5,"Sun, 22 Jun 2025 16:33:30 GMT","<a href=""https://news.google.com/rss/articles/CBMirAFBVV95cUxQazhmMkZrWi1qTnRsZWdnT19DTWZIa1NEVUplU05vQ2JHTVZ5SS1tWUlhQVhlTnlFSUlVWk1CNFVZZnJ6NDh4eDd6VTdzNE9JWFpwcjJ2cjJhTE5NdlNEQ21LdUhFSVU4UWJ0NjJGVnVxMnFUMlNQRGltZHJWLV9xYkEzamJDQjV1TGFIbG1zSXViTmstM3Y3VHhya1pHeXFkQ0lCMHlyT3Z1ZlNT?oc=5"" target=""_blank"">Así avanza el mejoramiento de vías en el barrio La Estrada de Engativá</a>&nbsp;&nbsp;<font color=""#6f6f6f"">Bogota.gov.co</font>","""malla vial"" ""Alcaldía de Bogotá""",Google News RSS,2026-09-21T11:45:36-05:00
news_00407,Arrancaron las obras para arreglar la malla vial en la calle 116 - Bogota.gov.co,https://news.google.com/rss/articles/CBMisAFBVV95cUxNRHJsYkFwa0dwTHRTRUhGYmVDMHRMSGpNU2l2R0FQbWw3S3B0SHItRDB1T2RGTGhmQm05LWNIZGxhTzhWWTVkd0J0Vkd3NGxSOEdRWWtWdVJ2aE9jNmxxbkcxS3JjaFB2RUQxdnBXVlRmQkY2a3dNOW9LY1d2YjBLMzE3Z0pGNUJ0VUVvSkFJTGhzVVFIcENWbVowNWxYZEMzOXptUS01T1JNVjRSYW5LRA?oc=5,"Wed, 18 Jan 2023 16:52:38 GMT","<a href=""https://news.google.com/rss/articles/CBMisAFBVV95cUxNRHJsYkFwa0dwTHRTRUhGYmVDMHRMSGpNU2l2R0FQbWw3S3B0SHItRDB1T2RGTGhmQm05LWNIZGxhTzhWWTVkd0J0Vkd3NGxSOEdRWWtWdVJ2aE9jNmxxbkcxS3JjaFB2RUQxdnBXVlRmQkY2a3dNOW9LY1d2YjBLMzE3Z0pGNUJ0VUVvSkFJTGhzVVFIcENWbVowNWxYZEMzOXptUS01T1JNVjRSYW5LRA?oc=5"" target=""_blank"">Arrancaron las obras para arreglar la malla vial en la calle 116</a>&nbsp;&nbsp;<font color=""#6f6f6f"">Bogota.gov.co</font>","""malla vial"" ""Alcaldía de Bogotá""",Google News RSS,2026-09-21T11:45:36-05:00
news_00408,RenoBo abre convocatoria para construir malla vial de Plan Parcial Voto Nacional - Bogota.gov.co,https://news.google.com/rss/articles/CBMiqgFBVV95cUxOajlpMXdXTnpFbGxmeWRlbTdSem5PNmUyTEd0eVFUdFZGSThrSDJlWFNqRmNsQjRjeXRrOVowYV94RERkdXZCVWl4UkpFTnAtNlYzSmhyV1Rwa2JxQmVkTXhrd1BLbFVoQnpqamtzWjBwTHRSWFBKNHBkTHROWVp4blRDMERTLUVla2R1VEV5N0Njck93Q2lTbWFuZmNkejU1OVRXMGhTMEFSUQ?oc=5,"Mon, 26 Jun 2023 22:09:27 GMT","<a href=""https://news.google.com/rss/articles/CBMiqgFBVV95cUxOajlpMXdXTnpFbGxmeWRlbTdSem5PNmUyTEd0eVFUdFZGSThrSDJlWFNqRmNsQjRjeXRrOVowYV94RERkdXZCVWl4UkpFTnAtNlYzSmhyV1Rwa2JxQmVkTXhrd1BLbFVoQnpqamtzWjBwTHRSWFBKNHBkTHROWVp4blRDMERTLUVla2R1VEV5N0Njck93Q2lTbWFuZmNkejU1OVRXMGhTMEFSUQ?oc=5"" target=""_blank"">RenoBo abre convocatoria para construir malla vial de Plan Parcial Voto Nacional</a>&nbsp;&nbsp;<font color=""#6f6f6f"">Bogota.gov.co</font>","""malla vial"" ""Alcaldía de Bogotá""",Google News RSS,2026-09-21T11:45:36-05:00
news_00409,"En lo corrido del año Distrito ha tapado 286 mil huecos, superando cifra de 2021 - Bogota.gov.co",https://news.google.com/rss/articles/CBMirwFBVV95cUxORDBUUmRFSFhBaTlDZ0c3N2htdmJGTm5ablIyYno1djNkVnRrRlhaSnU1aFFxM0xLYzZYR2djaUZ4X0Y0LWk2X0VCYU51dU0xSF9SV2gtYjFsdWFxS0FVdEptSHNEalAtWEg1eUlqU1k3MTc2TENMMDlNY3VvYlBTQllKMjVrN1NUdVJqbk1yVjMyMHJGOW5XZnI3dW94M3R6N083Ym9kUm1YUm4yWFlZ?oc=5,"Thu, 30 Jun 2022 15:04:37 GMT","<a href=""https://news.google.com/rss/articles/CBMirwFBVV95cUxORDBUUmRFSFhBaTlDZ0c3N2htdmJGTm5ablIyYno1djNkVnRrRlhaSnU1aFFxM0xLYzZYR2djaUZ4X0Y0LWk2X0VCYU51dU0xSF9SV2gtYjFsdWFxS0FVdEptSHNEalAtWEg1eUlqU1k3MTc2TENMMDlNY3VvYlBTQllKMjVrN1NUdVJqbk1yVjMyMHJGOW5XZnI3dW94M3R6N083Ym9kUm1YUm4yWFlZ?oc=5"" target=""_blank"">En lo corrido del año Distrito ha tapado 286 mil huecos, superando cifra de 2021</a>&nbsp;&nbsp;<font color=""#6f6f6f"">Bogota.gov.co</font>","""malla vial"" ""Alcaldía de Bogotá""",Google News RSS,2026-09-21T11:45:36-05:00
news_00410,Mantenimiento vial en la vereda El Verjón avanza en un 65 % ¡Más datos en video! - Bogota.gov.co,https://news.google.com/rss/articles/CBMisAFBVV95cUxONV9mU29laV9PN011dHZqaXFQZFREenRNYUY2aHppSmhJV3VMS2xpRjVJWmV2akc0MF91QWl5Vk9jbkhBcDdhWTl5bllpOTQtRE04VE1nTXVVajY0US0wVUdwdTFOVzVXcS1YVnZSQ0pYekVJUk1taVZYY1VsV2ZKcGpia1c1cGZKZjhnaWxubHNpSElxdGgzMTZXU2lVTUZuYlF3ejBBWXo3c0tiWDBzMg?oc=5,"Wed, 21 Sep 2022 11:15:43 GMT","<a href=""https://news.google.com/rss/articles/CBMisAFBVV95cUxONV9mU29laV9PN011dHZqaXFQZFREenRNYUY2aHppSmhJV3VMS2xpRjVJWmV2akc0MF91QWl5Vk9jbkhBcDdhWTl5bllpOTQtRE04VE1nTXVVajY0US0wVUdwdTFOVzVXcS1YVnZSQ0pYekVJUk1taVZYY1VsV2ZKcGpia1c1cGZKZjhnaWxubHNpSElxdGgzMTZXU2lVTUZuYlF3ejBBWXo3c0tiWDBzMg?oc=5"" target=""_blank"">Mantenimiento vial en la vereda El Verjón avanza en un 65 % ¡Más datos en video!</a>&nbsp;&nbsp;<font color=""#6f6f6f"">Bogota.gov.co</font>","""malla vial"" ""Alcaldía de Bogotá""",Google News RSS,2026-09-21T11:45:36-05:00
news_00411,5.100 m2 de malla vial fueron intervenidos en la sede Salitre de la Terminal - Bogota.gov.co,https://news.google.com/rss/articles/CBMiqwFBVV95cUxPSFZqUWNiUG0xNkN3dWlCcTFfYkplM2QtUV91TVE1UFp0YmpzTEtnakUySVBqRGRNZ1hIZElZZzdGRGN5Nmk3N051M1FubFVOLVIweEdncUhiMXMtNGUyZy13ajYxNTI5QzNZTFB4QnVGMHFrS3ZZVWZVNnpKZEhleTJMSGtnWGJ0UmJNNktkeWtQeFBsX2F0M1hpNTdKNkFYb1lvcnJHNW1PWjQ?oc=5,"Tue, 28 Mar 2023 07:00:00 GMT","<a href=""https://news.google.com/rss/articles/CBMiqwFBVV95cUxPSFZqUWNiUG0xNkN3dWlCcTFfYkplM2QtUV91TVE1UFp0YmpzTEtnakUySVBqRGRNZ1hIZElZZzdGRGN5Nmk3N051M1FubFVOLVIweEdncUhiMXMtNGUyZy13ajYxNTI5QzNZTFB4QnVGMHFrS3ZZVWZVNnpKZEhleTJMSGtnWGJ0UmJNNktkeWtQeFBsX2F0M1hpNTdKNkFYb1lvcnJHNW1PWjQ?oc=5"" target=""_blank"">5.100 m2 de malla vial fueron intervenidos en la sede Salitre de la Terminal</a>&nbsp;&nbsp;<font color=""#6f6f6f"">Bogota.gov.co</font>","""malla vial"" ""Alcaldía de Bogotá""",Google News RSS,2026-09-21T11:45:36-05:00
news_00412,Corte Suprema confirmó parcialmente condena contra exdirectora del IDU Liliana Pardo por ‘carrusel de la contratación’ - Infobae,https://news.google.com/rss/articles/CBMi8wFBVV95cUxNdW1DcFJUT2JMS1JKX3AzcGllNExiTUVxS0E1Z3gyN3kwWEwtbkhKb0JkOFVEUzgtWGVVMFpVWFFkRllIb3dmNC11cGtkWlRZS1MxSnRtYksyOVhJT3pzUFZueEZDUEdnaHdIYXgtU1FSdVg2Z0VpalExSWNoVUtHTkk0M3lHR2dONWJzS2N4TldxTUFmdURiaE82Q0VuSi1zZWdlUm1rX0NnSk9VZ0tyQkJ0OXFoUXJ3UDRjcTNqN2Zla0ZBcWhqMVRkSFk4SEYtOXQ4dnpOTHBXaHpQdzF6aVJlMUk4WDdvRHlTckZOMWp4UWvSAY4CQVVfeXFMUEdWYnk0TzdwUmhERVF0UXBsTDctUDFEUGhlYlFZSTI5WlRxVVNEWDhNT2NsVFRaWWM0djBvTnN5TUF1andIMjhiTkJGeWE5MHladXF4N2pTWXBnQ0VjS2dtYVNndTJnQXI5Yk5xUGFsa0lYM3l3ODk0b1Q4aERLSndiNFhqN1lHbkNCOWh5S0dJNWZ3V0Zzb3RnQXh1SEF3UUpDNFdzWmdJaTNyWlE3a0xvcHVvVC1tTXlSXzg0Yjdaank0ZEdKUEpUSTJucTd4bnhlQ1VWNkU3cTFpaFJGaUNXYV8wc250UmFNN2VjYUpaRHpkQjk5TmZYbHJRdXVYWHV3S29kdFBWYmpiVklB?oc=5,"Mon, 02 Mar 2026 08:00:00 GMT","<a href=""https://news.google.com/rss/articles/CBMi8wFBVV95cUxNdW1DcFJUT2JMS1JKX3AzcGllNExiTUVxS0E1Z3gyN3kwWEwtbkhKb0JkOFVEUzgtWGVVMFpVWFFkRllIb3dmNC11cGtkWlRZS1MxSnRtYksyOVhJT3pzUFZueEZDUEdnaHdIYXgtU1FSdVg2Z0VpalExSWNoVUtHTkk0M3lHR2dONWJzS2N4TldxTUFmdURiaE82Q0VuSi1zZWdlUm1rX0NnSk9VZ0tyQkJ0OXFoUXJ3UDRjcTNqN2Zla0ZBcWhqMVRkSFk4SEYtOXQ4dnpOTHBXaHpQdzF6aVJlMUk4WDdvRHlTckZOMWp4UWvSAY4CQVVfeXFMUEdWYnk0TzdwUmhERVF0UXBsTDctUDFEUGhlYlFZSTI5WlRxVVNEWDhNT2NsVFRaWWM0djBvTnN5TUF1andIMjhiTkJGeWE5MHladXF4N2pTWXBnQ0VjS2dtYVNndTJnQXI5Yk5xUGFsa0lYM3l3ODk0b1Q4aERLSndiNFhqN1lHbkNCOWh5S0dJNWZ3V0Zzb3RnQXh1SEF3UUpDNFdzWmdJaTNyWlE3a0xvcHVvVC1tTXlSXzg0Yjdaank0ZEdKUEpUSTJucTd4bnhlQ1VWNkU3cTFpaFJGaUNXYV8wc250UmFNN2VjYUpaRHpkQjk5TmZYbHJRdXVYWHV3S29kdFBWYmpiVklB?oc=5"" target=""_blank"">Corte Suprema confirmó parcialmente condena contra exdirectora del IDU Liliana Pardo por ‘carrusel de la contratación’</a>&nbsp;&nbsp;<font color=""#6f6f6f"">Infobae</font>","""malla vial"" ""Alcaldía de Bogotá""",Google News RSS,2026-09-21T11:45:36-05:00
news_00413,Alcaldía de Bogotá implementó brigada nocturna de ‘tapahuecos’ - Infobae,https://news.google.com/rss/articles/CBMiqAFBVV95cUxOTXktX2g5aWRyb2NxQld4VEVZYzhJM3gtTDhUQzIyckl2dUdid1ptVlB3TE1VNWppSngtLW1RbEZkQTdPOWJheXhVZVRXWlA0MmU1bFVvZ0w3azVtdUM3cHFFQV9ZVmsxekNEaHpraEpxRGlMbDZibUc0a0VTMHRFcWZQN0dPcDBuOHdOTC1CMzdzRktpUS1la18xcFoxZmVtSzQ1SGRGT0PSAcMBQVVfeXFMTjNxS0swRFJCQ3JzVTdGSlRHY212MTdjVW9mcVB3YXFZd3RJeUxvaDJiYkxUSkZ6dl9RNDNfcTZWS3FFSmp2VWhFTGNTUHhVRGZaZHlmT3g1TEc3SFB4REY0Q0xvMXUwM0toUXl4cWEtYmkxWC1WMF9Scmw2X0QtVXY0OVNCeXlpTF9rbVBBUzV0dU52b2UwRTJqV29MbFFGeWxLWDdfb2ItSTBMOVFrNnczZ3R0SHE4d1o1a05rSjN2R2k0?oc=5,"Wed, 16 Oct 2024 07:00:00 GMT","<a href=""https://news.google.com/rss/articles/CBMiqAFBVV95cUxOTXktX2g5aWRyb2NxQld4VEVZYzhJM3gtTDhUQzIyckl2dUdid1ptVlB3TE1VNWppSngtLW1RbEZkQTdPOWJheXhVZVRXWlA0MmU1bFVvZ0w3azVtdUM3cHFFQV9ZVmsxekNEaHpraEpxRGlMbDZibUc0a0VTMHRFcWZQN0dPcDBuOHdOTC1CMzdzRktpUS1la18xcFoxZmVtSzQ1SGRGT0PSAcMBQVVfeXFMTjNxS0swRFJCQ3JzVTdGSlRHY212MTdjVW9mcVB3YXFZd3RJeUxvaDJiYkxUSkZ6dl9RNDNfcTZWS3FFSmp2VWhFTGNTUHhVRGZaZHlmT3g1TEc3SFB4REY0Q0xvMXUwM0toUXl4cWEtYmkxWC1WMF9Scmw2X0QtVXY0OVNCeXlpTF9rbVBBUzV0dU52b2UwRTJqV29MbFFGeWxLWDdfb2ItSTBMOVFrNnczZ3R0SHE4d1o1a05rSjN2R2k0?oc=5"" target=""_blank"">Alcaldía de Bogotá implementó brigada nocturna de ‘tapahuecos’</a>&nbsp;&nbsp;<font color=""#6f6f6f"">Infobae</font>","""malla vial"" ""Alcaldía de Bogotá""",Google News RSS,2026-09-21T11:45:36-05:00
news_00414,"Solo cuatro de cada 10 vías en Bogotá están en buen estado, arreglarlas costaría un platal - redmas.com.co",https://news.google.com/rss/articles/CBMi1gFBVV95cUxNbW9TMV8yNWt6d1hpN2hydzhXcjlETjhmNHJ6b282NThva1VId2lxb2JZX0RiY0t5emVMaTR1ZmZwRGJNdVZLLTN3NHQwQ2JGaWppb185SUtwQ1BpUUcyM3FncDhPYWdsdnc0TmtyRGxpTXA3ZUxHOHVQSlpPb1hoTThfZkVjX0NCRFpuWEhlYmx2OTFFckRLWm1JNzZDNEs4cUw4cEk4VmNaVUluN0xQWk5WYklyT2xiZ2wyOWpQNFFhNXc5UzY5aHNTSHp5SEROajBNUC1R?oc=5,"Wed, 13 Mar 2024 07:00:00 GMT","<a href=""https://news.google.com/rss/articles/CBMi1gFBVV95cUxNbW9TMV8yNWt6d1hpN2hydzhXcjlETjhmNHJ6b282NThva1VId2lxb2JZX0RiY0t5emVMaTR1ZmZwRGJNdVZLLTN3NHQwQ2JGaWppb185SUtwQ1BpUUcyM3FncDhPYWdsdnc0TmtyRGxpTXA3ZUxHOHVQSlpPb1hoTThfZkVjX0NCRFpuWEhlYmx2OTFFckRLWm1JNzZDNEs4cUw4cEk4VmNaVUluN0xQWk5WYklyT2xiZ2wyOWpQNFFhNXc5UzY5aHNTSHp5SEROajBNUC1R?oc=5"" target=""_blank"">Solo cuatro de cada 10 vías en Bogotá están en buen estado, arreglarlas costaría un platal</a>&nbsp;&nbsp;<font color=""#6f6f6f"">redmas.com.co</font>","""malla vial"" ""Alcaldía de Bogotá""",Google News RSS,2026-09-21T11:45:36-05:00
news_00415,Las estrategias de la Unidad de Mantenimiento Vial para mejorar movilidad en Bogotá - Bogota.gov.co,https://news.google.com/rss/articles/CBMisgFBVV95cUxPOHJRanRWdlRqUnd6cEY4UVk2ZVJueDhNd2NhNWk2d3kxZGtTR1dBd1lIcHdwcWVUTHIzNTI4UnF4aFJnUGhaWXRjN0Z4WFN5aU9iWDd2c19reUlsSGlYRU9NS0lMMzAtNERRWG1NYTBvS0QyTVhNb1pRRk9kSnlfWXN3OEI5NXpRd3JqQzZPRHRUSjhCZTkxVlRmSTBVU1ZTWHJUVDdzaXhJSk1EM0hTQmxR?oc=5,"Sun, 19 May 2019 01:07:22 GMT","<a href=""https://news.google.com/rss/articles/CBMisgFBVV95cUxPOHJRanRWdlRqUnd6cEY4UVk2ZVJueDhNd2NhNWk2d3kxZGtTR1dBd1lIcHdwcWVUTHIzNTI4UnF4aFJnUGhaWXRjN0Z4WFN5aU9iWDd2c19reUlsSGlYRU9NS0lMMzAtNERRWG1NYTBvS0QyTVhNb1pRRk9kSnlfWXN3OEI5NXpRd3JqQzZPRHRUSjhCZTkxVlRmSTBVU1ZTWHJUVDdzaXhJSk1EM0hTQmxR?oc=5"" target=""_blank"">Las estrategias de la Unidad de Mantenimiento Vial para mejorar movilidad en Bogotá</a>&nbsp;&nbsp;<font color=""#6f6f6f"">Bogota.gov.co</font>","""malla vial"" ""Alcaldía de Bogotá""",Google News RSS,2026-09-21T11:45:36-05:00
news_00416,"En firme, condena contra exdirectora de la Unidad de Mantenimiento Vial de Bogotá por polémica “máquina tapahuecos”, durante alcaldía de Petro - Revista Semana",https://news.google.com/rss/articles/CBMilwJBVV95cUxPYU5xd0V6blRWWmNwLVRFWDlyX1hvcVZjd2JxdUFnemJXeFk3OVllRFF6ZF8tdkJuMVR1RTdBWUR5QThCQ1hOVzgzUHZXaVN4TnBDenhkck84NGdwTmlKeGFUOEtUYmtFOVpDTHBfby10OHp1TV93clRqNEJMMTYzZGxGUk1FQ0lMcjllRThySDc3ZnBWdGVZQVRKd2JkdmdpRjcwV1NIaTAzQ3FYMXpPWGU3X3l4ckR3VVV5TTFoeE91cGgydGpyY1JqNGhDc1BNcmtyWVpnRUlNSEl3OWFCZkZTck1zZmotT0VudURqNHlodmVWS0ZPMngwa3BxMXpwXzhSd3JSNUNvTWVEWDc2M1FhQnNBZTTSAZwCQVVfeXFMT05YNnlSbXRnN2s3VGRPWDZWNzFhdzRBR21XVGZLWHZyY0pESkp5SW12Z0dxZnZFV0prSUctdkotZVRFZ1hjZ2RoZnBmYVc4dTF0SWdGMnMyT0x5c3RfQkFPOFFta0t5MGgtNVZJOG1ReWg5QkFYVzRsc2l2amdxay1WRlVHZFpiSGJJVlR5TWI2S3FCTU5oX3BqVFdlYnhpeVU5cUFYRjlQMnFNZG5hZnZJVG5fbTF6a2lPX2VUdnFOdlRZczZtbHdKbEgzdHcxRi1fdUZXWkR6bnJwWHBLUDByeXVhdFgyRWEtQ1RSZ3RJOWlNVTNxUUkzcGNNaEJlQzhaZXE5eTdiQmpSMURaSGFIcGh0VnN3X0VsQXc?oc=5,"Mon, 19 Feb 2024 08:00:00 GMT","<a href=""https://news.google.com/rss/articles/CBMilwJBVV95cUxPYU5xd0V6blRWWmNwLVRFWDlyX1hvcVZjd2JxdUFnemJXeFk3OVllRFF6ZF8tdkJuMVR1RTdBWUR5QThCQ1hOVzgzUHZXaVN4TnBDenhkck84NGdwTmlKeGFUOEtUYmtFOVpDTHBfby10OHp1TV93clRqNEJMMTYzZGxGUk1FQ0lMcjllRThySDc3ZnBWdGVZQVRKd2JkdmdpRjcwV1NIaTAzQ3FYMXpPWGU3X3l4ckR3VVV5TTFoeE91cGgydGpyY1JqNGhDc1BNcmtyWVpnRUlNSEl3OWFCZkZTck1zZmotT0VudURqNHlodmVWS0ZPMngwa3BxMXpwXzhSd3JSNUNvTWVEWDc2M1FhQnNBZTTSAZwCQVVfeXFMT05YNnlSbXRnN2s3VGRPWDZWNzFhdzRBR21XVGZLWHZyY0pESkp5SW12Z0dxZnZFV0prSUctdkotZVRFZ1hjZ2RoZnBmYVc4dTF0SWdGMnMyT0x5c3RfQkFPOFFta0t5MGgtNVZJOG1ReWg5QkFYVzRsc2l2amdxay1WRlVHZFpiSGJJVlR5TWI2S3FCTU5oX3BqVFdlYnhpeVU5cUFYRjlQMnFNZG5hZnZJVG5fbTF6a2lPX2VUdnFOdlRZczZtbHdKbEgzdHcxRi1fdUZXWkR6bnJwWHBLUDByeXVhdFgyRWEtQ1RSZ3RJOWlNVTNxUUkzcGNNaEJlQzhaZXE5eTdiQmpSMURaSGFIcGh0VnN3X0VsQXc?oc=5"" target=""_blank"">En firme, condena contra exdirectora de la Unidad de Mantenimiento Vial de Bogotá por polémica “máquina tapahuecos”, durante alcaldía de Petro</a>&nbsp;&nbsp;<font color=""#6f6f6f"">Revista Semana</font>","""malla vial"" ""Alcaldía de Bogotá""",Google News RSS,2026-09-21T11:45:36-05:00
news_00417,Alcaldía de Bogotá hará mantenimiento vial a 255 km-carril hasta el 27 de enero: conozca las vías que serán reparadas - Infobae,https://news.google.com/rss/articles/CBMi_gFBVV95cUxQLUFraTJ0ZHdYRGlQcU03U3duYy1KZzdscURDWFY1YkEtUWxRMk9qVTJnTUNhNVBYU0cydFVPaW5lYzliSVBHNW1ZcVItdjc2R0RWQUtBUGFYRy1vODVldldZdzVET3JMRWdLbUNVOEVRNFdMOHdxUjNQUHp0YkJDYk5UTldjcHhReXJDY0tGTzVsWFhmeHpOVW92alRIX2tBalV3LVdPX1piQ2wtOUlzTXN0a2FKcU1VTURueXZyM0RkUEh0YkNNeHA2ZFFwMHI3cTcxYU01WmtmQm1Ebm80Q3N0RHBFd0hDWTNCU0xEVFZHV2E3R0dvREhJbUk0UdIBmAJBVV95cUxNVURUS01BbnBrNkNPNnhDclpFM2k5RUhXOXduVXdiVUEwYUJJMkctM0tILTMydXdCUndCQ1I3ZzRYYUxMNFNDYnpadjU2V2l1aU5paVhIaFRLVFA1dzVGM3RTMFduWFVGWEFLR2xpWFJWaVZwQ25ZSERidHdyc3BoQl9tX3NLOUZmc0lpTkdJSXo3SWkxdi11Z252VG81MG45OWdQaVBJNm9XQmIwVVVISzNObGlIYng5RWJBQTVhTkdiZXFFazEzUm5lbUxJeTBHempucWRCOGFaRDhzLXpXQnBvRFFMMEdURmFJbk11NlBoVDhJTWZsNXBJaGp2dk5LSXprcC1GUXI2QkxLZkp0eFVWZ0NVQ1ln?oc=5,"Wed, 14 Dec 2022 08:00:00 GMT","<a href=""https://news.google.com/rss/articles/CBMi_gFBVV95cUxQLUFraTJ0ZHdYRGlQcU03U3duYy1KZzdscURDWFY1YkEtUWxRMk9qVTJnTUNhNVBYU0cydFVPaW5lYzliSVBHNW1ZcVItdjc2R0RWQUtBUGFYRy1vODVldldZdzVET3JMRWdLbUNVOEVRNFdMOHdxUjNQUHp0YkJDYk5UTldjcHhReXJDY0tGTzVsWFhmeHpOVW92alRIX2tBalV3LVdPX1piQ2wtOUlzTXN0a2FKcU1VTURueXZyM0RkUEh0YkNNeHA2ZFFwMHI3cTcxYU01WmtmQm1Ebm80Q3N0RHBFd0hDWTNCU0xEVFZHV2E3R0dvREhJbUk0UdIBmAJBVV95cUxNVURUS01BbnBrNkNPNnhDclpFM2k5RUhXOXduVXdiVUEwYUJJMkctM0tILTMydXdCUndCQ1I3ZzRYYUxMNFNDYnpadjU2V2l1aU5paVhIaFRLVFA1dzVGM3RTMFduWFVGWEFLR2xpWFJWaVZwQ25ZSERidHdyc3BoQl9tX3NLOUZmc0lpTkdJSXo3SWkxdi11Z252VG81MG45OWdQaVBJNm9XQmIwVVVISzNObGlIYng5RWJBQTVhTkdiZXFFazEzUm5lbUxJeTBHempucWRCOGFaRDhzLXpXQnBvRFFMMEdURmFJbk11NlBoVDhJTWZsNXBJaGp2dk5LSXprcC1GUXI2QkxLZkp0eFVWZ0NVQ1ln?oc=5"" target=""_blank"">Alcaldía de Bogotá hará mantenimiento vial a 255 km-carril hasta el 27 de enero: conozca las vías que serán reparadas</a>&nbsp;&nbsp;<font color=""#6f6f6f"">Infobae</font>","""malla vial"" ""Alcaldía de Bogotá""",Google News RSS,2026-09-21T11:45:36-05:00
news_00418,Amigables con el medio ambiente: las nuevas tecnologías para recuperar la malla vial - Bogota.gov.co,https://news.google.com/rss/articles/CBMikgFBVV95cUxPOC1FWEJCZUlxcEJmVDhNODJ4NzhMSkxPU1Y1LXFLU3Z5ZFVBa2JsVXBFRk5VektIa1I4VFgwRkMwQTJPTTVIRTNueW1NYUxKeUxJVGRHN2JlSGt6RkFPLXZSZDRPbFM2NEtwQi1lQjkyQmw3T3JnaFhlRWUyVUZNU2g2bVFVbUZiVzFTOHdSaU5Kdw?oc=5,"Sat, 18 May 2019 21:35:30 GMT","<a href=""https://news.google.com/rss/articles/CBMikgFBVV95cUxPOC1FWEJCZUlxcEJmVDhNODJ4NzhMSkxPU1Y1LXFLU3Z5ZFVBa2JsVXBFRk5VektIa1I4VFgwRkMwQTJPTTVIRTNueW1NYUxKeUxJVGRHN2JlSGt6RkFPLXZSZDRPbFM2NEtwQi1lQjkyQmw3T3JnaFhlRWUyVUZNU2g2bVFVbUZiVzFTOHdSaU5Kdw?oc=5"" target=""_blank"">Amigables con el medio ambiente: las nuevas tecnologías para recuperar la malla vial</a>&nbsp;&nbsp;<font color=""#6f6f6f"">Bogota.gov.co</font>","""malla vial"" ""Alcaldía de Bogotá""",Google News RSS,2026-09-21T11:45:36-05:00
news_00419,"Bogotá fortalece Rutas Seguras con mejor infraestructura vial, pedagogía y más - Bogota.gov.co",https://news.google.com/rss/articles/CBMirAFBVV95cUxOQ21MQ1RpUEx6WmI3M3hCODJaWEtnUW0xTjRlTWhSdjUyVGtBSFFQeUFWV1g4UTdrRXZLTWo2bHhIaHg3NTMxdjgyRHp2QW9hOE1ZZy12X2RMWGJMeUtKZndjLXJua295SVh4aGFnNGRhUE92cGV5azN2RFE3ZVRqWmM2ek41R3hjM2F1T29yQVNwclRuLUgxUXVxUV9zTUNWYWRZZ2hiTWhGUXVR?oc=5,"Thu, 24 Jul 2025 07:00:00 GMT","<a href=""https://news.google.com/rss/articles/CBMirAFBVV95cUxOQ21MQ1RpUEx6WmI3M3hCODJaWEtnUW0xTjRlTWhSdjUyVGtBSFFQeUFWV1g4UTdrRXZLTWo2bHhIaHg3NTMxdjgyRHp2QW9hOE1ZZy12X2RMWGJMeUtKZndjLXJua295SVh4aGFnNGRhUE92cGV5azN2RFE3ZVRqWmM2ek41R3hjM2F1T29yQVNwclRuLUgxUXVxUV9zTUNWYWRZZ2hiTWhGUXVR?oc=5"" target=""_blank"">Bogotá fortalece Rutas Seguras con mejor infraestructura vial, pedagogía y más</a>&nbsp;&nbsp;<font color=""#6f6f6f"">Bogota.gov.co</font>","""malla vial"" ""Alcaldía de Bogotá""",Google News RSS,2026-09-21T11:45:36-05:00
news_00420,Alcaldía de Bogotá entregó obra que mejorará la movilidad en barrio Toberín - Bogota.gov.co,https://news.google.com/rss/articles/CBMirAFBVV95cUxQUTN0MW1VeFBvWjlTQVNOOUwwMXdHNGlDcUI1TTlSdjhXVzkyZG1rcDVlZFEtVVRiMXk1S1R6cEFjRjlKQURacUNodHR2RGFjTjJDMVdhU0U3WlZIako0aWg4bDZNNmRRWl9UN3pzMEFaV3dna0NmOHRRbTZuNm15R2IxaDRGYUdsZFo0eWtJWEttSUhEUXNuU2RoY1J2ajZKVFM4YkZqTW40MnBH?oc=5,"Thu, 17 Dec 2020 14:57:42 GMT","<a href=""https://news.google.com/rss/articles/CBMirAFBVV95cUxQUTN0MW1VeFBvWjlTQVNOOUwwMXdHNGlDcUI1TTlSdjhXVzkyZG1rcDVlZFEtVVRiMXk1S1R6cEFjRjlKQURacUNodHR2RGFjTjJDMVdhU0U3WlZIako0aWg4bDZNNmRRWl9UN3pzMEFaV3dna0NmOHRRbTZuNm15R2IxaDRGYUdsZFo0eWtJWEttSUhEUXNuU2RoY1J2ajZKVFM4YkZqTW40MnBH?oc=5"" target=""_blank"">Alcaldía de Bogotá entregó obra que mejorará la movilidad en barrio Toberín</a>&nbsp;&nbsp;<font color=""#6f6f6f"">Bogota.gov.co</font>","""malla vial"" ""Alcaldía de Bogotá""",Google News RSS,2026-09-21T11:45:36-05:00
news_00421,"7,4 billones invertidos en infraestructura vial cambiarán la movilidad bogotana - Bogota.gov.co",https://news.google.com/rss/articles/CBMitAFBVV95cUxQVThLSFQ2bE1JcTFmUGZtWmk5OWp6MHAweWhteUg1R29oOFZIMnhOWVJrd1dUbTNvWTZBWDNuWUJVV3N6RUlCdG9JMjNXR1hLMnVvTFN3MGZYdWpjUHQ5VkplWTZTMWh4eTRYZGU5YkJPby1oMDdYTnIxU0tFQjlCbjNKMGpPR1RybnZNTmlvTW5xQldwWHJTa2ZxSFlqWlA4Vnk0Wk43ZEhWN05kNW9TMU91NWE?oc=5,"Sat, 16 Jul 2022 00:08:26 GMT","<a href=""https://news.google.com/rss/articles/CBMitAFBVV95cUxQVThLSFQ2bE1JcTFmUGZtWmk5OWp6MHAweWhteUg1R29oOFZIMnhOWVJrd1dUbTNvWTZBWDNuWUJVV3N6RUlCdG9JMjNXR1hLMnVvTFN3MGZYdWpjUHQ5VkplWTZTMWh4eTRYZGU5YkJPby1oMDdYTnIxU0tFQjlCbjNKMGpPR1RybnZNTmlvTW5xQldwWHJTa2ZxSFlqWlA4Vnk0Wk43ZEhWN05kNW9TMU91NWE?oc=5"" target=""_blank"">7,4 billones invertidos en infraestructura vial cambiarán la movilidad bogotana</a>&nbsp;&nbsp;<font color=""#6f6f6f"">Bogota.gov.co</font>","""malla vial"" ""Alcaldía de Bogotá""",Google News RSS,2026-09-21T11:45:36-05:00
news_00422,Habitantes de Fontibón beneficiados con intervención en la malla vial - Bogota.gov.co,https://news.google.com/rss/articles/CBMivwFBVV95cUxQQnZ4UHRGRDJpRk11UWM4bG5fV0twQ3pHd0h6Y3lwR1VMenlyS2FncFBtM2ZUZ0RhdjlLT3hJaHZoWFp0MnBXYmtDUG9VRFhFSWZBbm1zUl93YnVaQk93bzdIMFJQMHA5dTZ0TXlHbXpoYk9fZDN6TWtGcDNrb0JvekhvSWZ1ejNTYm5UdDdGTUpDaUNDNlpMN3lGcng3M3FvQ0F4MExJQVEwOWU1Ql9ybHNmaHpSSld4YUhNTzdtUQ?oc=5,"Tue, 16 Feb 2021 05:17:25 GMT","<a href=""https://news.google.com/rss/articles/CBMivwFBVV95cUxQQnZ4UHRGRDJpRk11UWM4bG5fV0twQ3pHd0h6Y3lwR1VMenlyS2FncFBtM2ZUZ0RhdjlLT3hJaHZoWFp0MnBXYmtDUG9VRFhFSWZBbm1zUl93YnVaQk93bzdIMFJQMHA5dTZ0TXlHbXpoYk9fZDN6TWtGcDNrb0JvekhvSWZ1ejNTYm5UdDdGTUpDaUNDNlpMN3lGcng3M3FvQ0F4MExJQVEwOWU1Ql9ybHNmaHpSSld4YUhNTzdtUQ?oc=5"" target=""_blank"">Habitantes de Fontibón beneficiados con intervención en la malla vial</a>&nbsp;&nbsp;<font color=""#6f6f6f"">Bogota.gov.co</font>","""malla vial"" ""Alcaldía de Bogotá""",Google News RSS,2026-09-21T11:45:36-05:00
news_00423,"Inician los estudios para comenzar las obras de malla vial en La Estanzuela, Bogotá - LaRepublica.co",https://news.google.com/rss/articles/CBMi0gFBVV95cUxPZElfaGdkRzZPT3hCbWNJUUw4X3BiME1OQ2JoTFFwYlJBM010Vk9NdU1tWjhxaHFtaTYzcS1qSmd1Q2EtSlVTYU94dGdPdVo3R2pETkRLUEJlc2VIcDNiWE9GUzVGbERaY3VfdUhxOGFNMHZCSzBTRExMWnV5WGJSODNNYWNXYjQxaW44MVJoM016c202aFVRYUpyaGdhU1VqLUVnR01UYzBnelR3U0Z2RVBOUG04N1NaZzdxZENJN1NMN19LeVZXdkJqNTdROFB5NFHSAdIBQVVfeXFMUGM5MHFnSTUxRkl1SGNYdk9ERWtOSEZQdTIxV1hQUmJ6ZGZrSERKLWIzS3hsWmQ5VktjVnVTZ3NoUmZTZ3VZUllOM0ZzQW5qX3dhSDJCY09CUVV2ckhDaHBEMTJCbHZZRXBQLS1JbnBoTFRXMkNUeTFvUTAwRzhPUmF6Z3R2bFlZTjNKZWdTZVlLZkgyOTc3X0IyYzd4eWhGVXB1blZScFE3ZUVVQ2p1bFduV2VaRFBMd2taQTFkdVVZRDBaTnZxM1ZOX0ZMeV94a19R?oc=5,"Thu, 14 Mar 2024 07:00:00 GMT","<a href=""https://news.google.com/rss/articles/CBMi0gFBVV95cUxPZElfaGdkRzZPT3hCbWNJUUw4X3BiME1OQ2JoTFFwYlJBM010Vk9NdU1tWjhxaHFtaTYzcS1qSmd1Q2EtSlVTYU94dGdPdVo3R2pETkRLUEJlc2VIcDNiWE9GUzVGbERaY3VfdUhxOGFNMHZCSzBTRExMWnV5WGJSODNNYWNXYjQxaW44MVJoM016c202aFVRYUpyaGdhU1VqLUVnR01UYzBnelR3U0Z2RVBOUG04N1NaZzdxZENJN1NMN19LeVZXdkJqNTdROFB5NFHSAdIBQVVfeXFMUGM5MHFnSTUxRkl1SGNYdk9ERWtOSEZQdTIxV1hQUmJ6ZGZrSERKLWIzS3hsWmQ5VktjVnVTZ3NoUmZTZ3VZUllOM0ZzQW5qX3dhSDJCY09CUVV2ckhDaHBEMTJCbHZZRXBQLS1JbnBoTFRXMkNUeTFvUTAwRzhPUmF6Z3R2bFlZTjNKZWdTZVlLZkgyOTc3X0IyYzd4eWhGVXB1blZScFE3ZUVVQ2p1bFduV2VaRFBMd2taQTFkdVVZRDBaTnZxM1ZOX0ZMeV94a19R?oc=5"" target=""_blank"">Inician los estudios para comenzar las obras de malla vial en La Estanzuela, Bogotá</a>&nbsp;&nbsp;<font color=""#6f6f6f"">LaRepublica.co</font>","""malla vial"" ""Alcaldía de Bogotá""",Google News RSS,2026-09-21T11:45:36-05:00
news_00424,UMV se alía con moteros para atender puntos críticos de la malla vial de Bogotá - Bogota.gov.co,https://news.google.com/rss/articles/CBMimAFBVV95cUxPSVRkeGlLTlU1a1lmdzJ3cS00OWV4dkRHbi11WE5tNDRNUlJ0aVc1ZFhwaER4SUdhRGhtVUstYjQ2ZlNsQUQxVEZDa2hWUXJvOVl5ajgteVMyR3N0NkUteFJQVWF3RXNHNzVVbHotN3R3MFdwOUNpejEtREs3TDV4Z3J6c3NpODBOTV91a0JUaF95VG1iOUlrdw?oc=5,"Tue, 08 Oct 2019 20:34:30 GMT","<a href=""https://news.google.com/rss/articles/CBMimAFBVV95cUxPSVRkeGlLTlU1a1lmdzJ3cS00OWV4dkRHbi11WE5tNDRNUlJ0aVc1ZFhwaER4SUdhRGhtVUstYjQ2ZlNsQUQxVEZDa2hWUXJvOVl5ajgteVMyR3N0NkUteFJQVWF3RXNHNzVVbHotN3R3MFdwOUNpejEtREs3TDV4Z3J6c3NpODBOTV91a0JUaF95VG1iOUlrdw?oc=5"" target=""_blank"">UMV se alía con moteros para atender puntos críticos de la malla vial de Bogotá</a>&nbsp;&nbsp;<font color=""#6f6f6f"">Bogota.gov.co</font>","""malla vial"" ""Alcaldía de Bogotá""",Google News RSS,2026-09-21T11:45:36-05:00
news_00425,Así se mide Galán en los primeros 100 días como alcalde de Bogotá - La Silla Vacía,https://news.google.com/rss/articles/CBMiuAFBVV95cUxQQ3dSWTBWVVZwajhEdVZKa1IxN0djOVpCRk1hY054b1RUeWhsNFpsdl9VUjdEYk5rdFlSRWNUMWF0TXp6OUhWMmtTXzkwNjlXOVhVUU5Nc0xVc1AxY1lmd2Noa00wclBBbzNndHR0THUzN3NlVjh1OWhxTmszNVZvSVJ0OE15Uk4wRjd5Tk53N2ZGSi14RnhXb2ZiYjJYaFBhbnR2Yl9DcEZjZ3NKY2o3MTVSdVZEdHI2?oc=5,"Wed, 10 Apr 2024 07:00:00 GMT","<a href=""https://news.google.com/rss/articles/CBMiuAFBVV95cUxQQ3dSWTBWVVZwajhEdVZKa1IxN0djOVpCRk1hY054b1RUeWhsNFpsdl9VUjdEYk5rdFlSRWNUMWF0TXp6OUhWMmtTXzkwNjlXOVhVUU5Nc0xVc1AxY1lmd2Noa00wclBBbzNndHR0THUzN3NlVjh1OWhxTmszNVZvSVJ0OE15Uk4wRjd5Tk53N2ZGSi14RnhXb2ZiYjJYaFBhbnR2Yl9DcEZjZ3NKY2o3MTVSdVZEdHI2?oc=5"" target=""_blank"">Así se mide Galán en los primeros 100 días como alcalde de Bogotá</a>&nbsp;&nbsp;<font color=""#6f6f6f"">La Silla Vacía</font>","""malla vial"" ""Alcaldía de Bogotá""",Google News RSS,2026-09-21T11:45:36-05:00
news_00426,Conozca en ‘Así Va Su Calle’ cómo avanza el mejoramiento de las vías de su barrio - Bogota.gov.co,https://news.google.com/rss/articles/CBMirwFBVV95cUxPZUROMEtpM3JNTVV0UDBIbXJnSzRaQ0E4VHU3c1o5YXRfUTB4bTg4bDlmRXZfdkZSOFFIT1IybElrQnJycHBMdFp6ejF1VnpDV0lxUW9iNmgtY09yNXpoeEhIdnlZS3h2Q2MwYzlFTGE4bXJTSGxPN3dYdGozZ2dtQTVVTk1DVGwwOW9adXd3dkMxYXhUNnd4aFpQZkRMN2l4MlZlWmNLZXlBWlpqb0t3?oc=5,"Sun, 19 May 2019 01:25:21 GMT","<a href=""https://news.google.com/rss/articles/CBMirwFBVV95cUxPZUROMEtpM3JNTVV0UDBIbXJnSzRaQ0E4VHU3c1o5YXRfUTB4bTg4bDlmRXZfdkZSOFFIT1IybElrQnJycHBMdFp6ejF1VnpDV0lxUW9iNmgtY09yNXpoeEhIdnlZS3h2Q2MwYzlFTGE4bXJTSGxPN3dYdGozZ2dtQTVVTk1DVGwwOW9adXd3dkMxYXhUNnd4aFpQZkRMN2l4MlZlWmNLZXlBWlpqb0t3?oc=5"" target=""_blank"">Conozca en ‘Así Va Su Calle’ cómo avanza el mejoramiento de las vías de su barrio</a>&nbsp;&nbsp;<font color=""#6f6f6f"">Bogota.gov.co</font>","""malla vial"" ""Alcaldía de Bogotá""",Google News RSS,2026-09-21T11:45:36-05:00
news_00427,"Con 10 frentes de obra, Suba avanza en la intervención de malla vial local - Bogota.gov.co",https://news.google.com/rss/articles/CBMiqgFBVV95cUxQRE5pb196OEV5OUlVQmtiWHQxSFpCQVVRM3pZNmVyYXRqa2tPbFBpLUx4QkNtT2pPOVFKbWw0bWJBUDJtMWVPSE9mcTdnVVNjZXpLb3JxVG9sOXc5ZTJlZHRVR2FXVzJyVnBlU3RGcVh1T2VVNW5XS194czMtVjdJZndmS0dsWl9kQ2p2eDVZbVB0REc0Q21MRjVrNW9UUnFqRDJjMlVDVWxQQQ?oc=5,"Fri, 17 May 2019 22:54:00 GMT","<a href=""https://news.google.com/rss/articles/CBMiqgFBVV95cUxQRE5pb196OEV5OUlVQmtiWHQxSFpCQVVRM3pZNmVyYXRqa2tPbFBpLUx4QkNtT2pPOVFKbWw0bWJBUDJtMWVPSE9mcTdnVVNjZXpLb3JxVG9sOXc5ZTJlZHRVR2FXVzJyVnBlU3RGcVh1T2VVNW5XS194czMtVjdJZndmS0dsWl9kQ2p2eDVZbVB0REc0Q21MRjVrNW9UUnFqRDJjMlVDVWxQQQ?oc=5"" target=""_blank"">Con 10 frentes de obra, Suba avanza en la intervención de malla vial local</a>&nbsp;&nbsp;<font color=""#6f6f6f"">Bogota.gov.co</font>","""malla vial"" ""Alcaldía de Bogotá""",Google News RSS,2026-09-21T11:45:36-05:00
news_00428,"Más de dos millones de comparendos se han impuesto en Bogotá: “Las fotomultas están diseñadas para recaudar, no para salvar vidas” - Infobae",https://news.google.com/rss/articles/CBMigAJBVV95cUxQUUZ5S2tDYmlBbUFWVnVEaDdFZ1lpNVNwYjUwUC1KanYwc1g1MkJtbktVbWxpeGVENjNKcEw4ODlfTndIaVpjeUFEZnMtXzNRMGZqbGZISnczb0xpRHplR1ppYnotQ05tR0RyQnc0MldsczZxTTNDOGQzcmRmVk1XdnA5R1lLUlAzdW5UUjBJdU5ob2szdUVvaF9uRVpfb0Q4b0dOQXFIWlN5T0h1ZXVDczlqbUVpNHF3czJxVEt6T2tYaHktRFRHdUpMbTZ3SDRyZWtRZDV6WnA2OWJpdm00T0RvLW04RHZnLUwyUWc5dW12QlJ5ekM4QWF6NEJJRV9O0gGbAkFVX3lxTE42cHV0UFNQb2wyWEc0a185OG0tbkdiUkdUZWZnakFXZ1draXd5Y3JTOHNDcm91VUs3NmpwUXBkZi02T2hRLXY4TUJPUU5iNDM1cVYtbUlqNTlSVmFBNzlIZjNacmR2eWV1VnVwSjM3SXB2RlFJUWVoUlpRLUotVjZYak1wamYxVkotbGNrZFdNa3JITklKN2JRdTFSS0J6R0gyYmxBSHJNY0lxSXRZdEpnVU9UNDlMT3ZpZkZYbjBhMzI5Y2tEWW8yR2pHYUdFYUU2TVNYN3ExZHRCbmgwNm9HWVo5Q1ZkcHlTelctYjNLNlpGUVg4V3JiSzEzMXZlYmZmMTdVeG9ldDNfVWJlTDVzY09aMXhXMGZVdVk?oc=5,"Wed, 13 Aug 2025 07:00:00 GMT","<a href=""https://news.google.com/rss/articles/CBMigAJBVV95cUxQUUZ5S2tDYmlBbUFWVnVEaDdFZ1lpNVNwYjUwUC1KanYwc1g1MkJtbktVbWxpeGVENjNKcEw4ODlfTndIaVpjeUFEZnMtXzNRMGZqbGZISnczb0xpRHplR1ppYnotQ05tR0RyQnc0MldsczZxTTNDOGQzcmRmVk1XdnA5R1lLUlAzdW5UUjBJdU5ob2szdUVvaF9uRVpfb0Q4b0dOQXFIWlN5T0h1ZXVDczlqbUVpNHF3czJxVEt6T2tYaHktRFRHdUpMbTZ3SDRyZWtRZDV6WnA2OWJpdm00T0RvLW04RHZnLUwyUWc5dW12QlJ5ekM4QWF6NEJJRV9O0gGbAkFVX3lxTE42cHV0UFNQb2wyWEc0a185OG0tbkdiUkdUZWZnakFXZ1draXd5Y3JTOHNDcm91VUs3NmpwUXBkZi02T2hRLXY4TUJPUU5iNDM1cVYtbUlqNTlSVmFBNzlIZjNacmR2eWV1VnVwSjM3SXB2RlFJUWVoUlpRLUotVjZYak1wamYxVkotbGNrZFdNa3JITklKN2JRdTFSS0J6R0gyYmxBSHJNY0lxSXRZdEpnVU9UNDlMT3ZpZkZYbjBhMzI5Y2tEWW8yR2pHYUdFYUU2TVNYN3ExZHRCbmgwNm9HWVo5Q1ZkcHlTelctYjNLNlpGUVg4V3JiSzEzMXZlYmZmMTdVeG9ldDNfVWJlTDVzY09aMXhXMGZVdVk?oc=5"" target=""_blank"">Más de dos millones de comparendos se han impuesto en Bogotá: “Las fotomultas están diseñadas para recaudar, no para salvar vidas”</a>&nbsp;&nbsp;<font color=""#6f6f6f"">Infobae</font>","""malla vial"" ""Alcaldía de Bogotá""",Google News RSS,2026-09-21T11:45:36-05:00
news_00429,Malla vial de la zona de La Libertad de la localidad de Bosa será intervenida - Bogota.gov.co,https://news.google.com/rss/articles/CBMiqwFBVV95cUxNWmtLbHU2SGtkRVJFbUtUZ0JUamhqeTBzT05kU2pkX0I0SUNnMzE4a3V6amo1aU0zZ3BiNmVYa2dOdGtDRHlCSHRrSFVCY0FEenptZEQxRUVBeWRUZHFXZ0ZkNTFQMmQzX1llU1lQWlM2bkN2MXVlV3lOSlFEMDhUMkxWV0hfZDRFT0Y2ajBVdVpsN196S1FqRFh0V0VRU1dPREIwYnJPVEZPSjQ?oc=5,"Sun, 19 May 2019 14:37:17 GMT","<a href=""https://news.google.com/rss/articles/CBMiqwFBVV95cUxNWmtLbHU2SGtkRVJFbUtUZ0JUamhqeTBzT05kU2pkX0I0SUNnMzE4a3V6amo1aU0zZ3BiNmVYa2dOdGtDRHlCSHRrSFVCY0FEenptZEQxRUVBeWRUZHFXZ0ZkNTFQMmQzX1llU1lQWlM2bkN2MXVlV3lOSlFEMDhUMkxWV0hfZDRFT0Y2ajBVdVpsN196S1FqRFh0V0VRU1dPREIwYnJPVEZPSjQ?oc=5"" target=""_blank"">Malla vial de la zona de La Libertad de la localidad de Bosa será intervenida</a>&nbsp;&nbsp;<font color=""#6f6f6f"">Bogota.gov.co</font>","""malla vial"" ""Alcaldía de Bogotá""",Google News RSS,2026-09-21T11:45:36-05:00
news_00430,"Con dos brigadas de reacción, el IDU atenderá la malla vial por los próximos seis meses - Bogota.gov.co",https://news.google.com/rss/articles/CBMiqwFBVV95cUxQN1ZaYWV3RkJWRUxsRW5yNWpVcnhJeUgtT0NCZmgwVllrOHdYMENDMFJpbTdMOUQ2d09LR3pSN2NLblNKYmk3RHpYVExTN1hGUVFiN2otNENqNGVrTk5FaTdnRTdId3pjMXB0amk4VExGRG5RZDQzNHprS2FSZ0l3emZqcXpDamg0OVI3c01Bc2ZxVVZKZW9PTG01amhpRjh4bWxwaTBxaVZMaTQ?oc=5,"Tue, 25 May 2021 06:21:37 GMT","<a href=""https://news.google.com/rss/articles/CBMiqwFBVV95cUxQN1ZaYWV3RkJWRUxsRW5yNWpVcnhJeUgtT0NCZmgwVllrOHdYMENDMFJpbTdMOUQ2d09LR3pSN2NLblNKYmk3RHpYVExTN1hGUVFiN2otNENqNGVrTk5FaTdnRTdId3pjMXB0amk4VExGRG5RZDQzNHprS2FSZ0l3emZqcXpDamg0OVI3c01Bc2ZxVVZKZW9PTG01amhpRjh4bWxwaTBxaVZMaTQ?oc=5"" target=""_blank"">Con dos brigadas de reacción, el IDU atenderá la malla vial por los próximos seis meses</a>&nbsp;&nbsp;<font color=""#6f6f6f"">Bogota.gov.co</font>","""malla vial"" ""Alcaldía de Bogotá""",Google News RSS,2026-09-21T11:45:36-05:00
news_00431,37.000 huecos se han tapado en Bogotá en 6 meses - Colombia.com,https://news.google.com/rss/articles/CBMiwAFBVV95cUxPMExBM1lDOWxQVTlTUGJkY2JSQ1R5LW5CY1pCQTY0ZkdmbzUwd3VPcU9HT2xTcVpoMWNaR0ZMZUJJbjkycmxral9pbWZWSzdiVkYtMHEzcHktbFZYN2wyRHpUdVQ2QnE0TGo1bTRMRkVncUNHQ01sZ20xYTVvd3RzZ2tQMF9pTngtWVNTLUQ2VDRZSldSbTVYTzBKUFpLcnhnSzFxTDIycl9FUERyV3dlbHdlSS1FLWtXb090dDNIYkg?oc=5,"Mon, 06 Feb 2023 08:00:00 GMT","<a href=""https://news.google.com/rss/articles/CBMiwAFBVV95cUxPMExBM1lDOWxQVTlTUGJkY2JSQ1R5LW5CY1pCQTY0ZkdmbzUwd3VPcU9HT2xTcVpoMWNaR0ZMZUJJbjkycmxral9pbWZWSzdiVkYtMHEzcHktbFZYN2wyRHpUdVQ2QnE0TGo1bTRMRkVncUNHQ01sZ20xYTVvd3RzZ2tQMF9pTngtWVNTLUQ2VDRZSldSbTVYTzBKUFpLcnhnSzFxTDIycl9FUERyV3dlbHdlSS1FLWtXb090dDNIYkg?oc=5"" target=""_blank"">37.000 huecos se han tapado en Bogotá en 6 meses</a>&nbsp;&nbsp;<font color=""#6f6f6f"">Colombia.com</font>","""malla vial"" ""Alcaldía de Bogotá""",Google News RSS,2026-09-21T11:45:36-05:00
news_00432,Con 1.419 trabajadores nocturnos avanzan obras civiles y de malla vial en Bogotá - Bogota.gov.co,https://news.google.com/rss/articles/CBMirwFBVV95cUxQSFZSREZ2YXFjbkE3ZndpSUtWOEZyOFBIRWZNbVgzTnF3cm5MWDVjQmZaOEJPNHdsNHpmQk14cldEYUVMV1l2NktYeUVpSVpWU1l5ekRjcjNLOWxudlYyTm52bWUxVU5jZnMtU1BJWnlYVDFCNk4xdERBakczNTk0aC1JekI5eE11UVNmOGZfQnBhTFB0TU5ILTdJeWpLM1FLV2Zubk5ESzFDa2ZaaWU4?oc=5,"Thu, 20 Oct 2022 07:00:00 GMT","<a href=""https://news.google.com/rss/articles/CBMirwFBVV95cUxQSFZSREZ2YXFjbkE3ZndpSUtWOEZyOFBIRWZNbVgzTnF3cm5MWDVjQmZaOEJPNHdsNHpmQk14cldEYUVMV1l2NktYeUVpSVpWU1l5ekRjcjNLOWxudlYyTm52bWUxVU5jZnMtU1BJWnlYVDFCNk4xdERBakczNTk0aC1JekI5eE11UVNmOGZfQnBhTFB0TU5ILTdJeWpLM1FLV2Zubk5ESzFDa2ZaaWU4?oc=5"" target=""_blank"">Con 1.419 trabajadores nocturnos avanzan obras civiles y de malla vial en Bogotá</a>&nbsp;&nbsp;<font color=""#6f6f6f"">Bogota.gov.co</font>","""malla vial"" ""Alcaldía de Bogotá""",Google News RSS,2026-09-21T11:45:36-05:00
news_00433,¡Ojo! Por mantenimiento en malla vial cambia operación de estación de TM Virrey - Bogota.gov.co,https://news.google.com/rss/articles/CBMirgFBVV95cUxQWVBRWEU3MzZEQWVWaGN5UjBLTTdTZ1RsdVljOUdXRHZVMkVaVlRadllZX05MMGJSN2NCY2xySHBZNk1tYlREWDZlc1NpRGppeGE4MFllT3JjcjVZcmt1U0tNNmFWa1BzMTBwVzg0RDJ0WDc5bHJFZ0Q2SEhGWmo5QUQxa3U0U3FlMkRwZlAyR1V2cVd6QmNKaUhwVXZNRjMxdHlUQ0RSZk9QUUdwSHc?oc=5,"Sat, 06 May 2023 19:06:50 GMT","<a href=""https://news.google.com/rss/articles/CBMirgFBVV95cUxQWVBRWEU3MzZEQWVWaGN5UjBLTTdTZ1RsdVljOUdXRHZVMkVaVlRadllZX05MMGJSN2NCY2xySHBZNk1tYlREWDZlc1NpRGppeGE4MFllT3JjcjVZcmt1U0tNNmFWa1BzMTBwVzg0RDJ0WDc5bHJFZ0Q2SEhGWmo5QUQxa3U0U3FlMkRwZlAyR1V2cVd6QmNKaUhwVXZNRjMxdHlUQ0RSZk9QUUdwSHc?oc=5"" target=""_blank"">¡Ojo! Por mantenimiento en malla vial cambia operación de estación de TM Virrey</a>&nbsp;&nbsp;<font color=""#6f6f6f"">Bogota.gov.co</font>","""malla vial"" ""Alcaldía de Bogotá""",Google News RSS,2026-09-21T11:45:36-05:00
news_00434,Personería puso en duda las cifras de huecos tapados por la Alcaldía de Bogotá - Infobae,https://news.google.com/rss/articles/CBMiywFBVV95cUxNU3pLQXBuYVdNSE5JOUhzMXRSYzVRZy1mT0ZqVzV6N2pFUEkzSlhfdzNzV3ZOZndXcnhQd0d6OVpvUnNrSjVGY1A0d2hNN3VsT0pkMm5VU25kWTVEdjl1OHdTMzd4NG11ZU00ZFI5aWN5Sl9OeTFYWkx1aWhsSTFUcGNzbnRjdHFYRThteUxqNEFtU0g3eXA5RVY1YzVteUl5bDhZYnRHYndZQjJYUW1EUDJNMzBuMUdON0RBM1lwRkkxbzNKOTM5NjF1WdIB5gFBVV95cUxORUJRSGprZUlwT1JreWdodGJGOEVSeGNDUmNWbGw4enAzaUktQWRuZnB0cUtPMHByTzVIdDNwTzV1T2NUdVNhUFdJRUF5WThCbEsxLXFHeG9RbUx4aElqRktaR2R4NzFqU25USTJkSnRwS0RxbERlV3ljSU11LXVLU0VVeWFEZkRDMWR4WFVuZDdnUlBqcUI5YVJLUVhmbGNIVXUyTFMtVG9WNXpVTHdxLTZ3eHVsbGhmMklxVHhURDg0VGhGRHZyNEg5b3ZjdmRQM3h4aUI2Zk5WWXdTTUJLV2ljWEtxUQ?oc=5,"Tue, 15 Feb 2022 08:00:00 GMT","<a href=""https://news.google.com/rss/articles/CBMiywFBVV95cUxNU3pLQXBuYVdNSE5JOUhzMXRSYzVRZy1mT0ZqVzV6N2pFUEkzSlhfdzNzV3ZOZndXcnhQd0d6OVpvUnNrSjVGY1A0d2hNN3VsT0pkMm5VU25kWTVEdjl1OHdTMzd4NG11ZU00ZFI5aWN5Sl9OeTFYWkx1aWhsSTFUcGNzbnRjdHFYRThteUxqNEFtU0g3eXA5RVY1YzVteUl5bDhZYnRHYndZQjJYUW1EUDJNMzBuMUdON0RBM1lwRkkxbzNKOTM5NjF1WdIB5gFBVV95cUxORUJRSGprZUlwT1JreWdodGJGOEVSeGNDUmNWbGw4enAzaUktQWRuZnB0cUtPMHByTzVIdDNwTzV1T2NUdVNhUFdJRUF5WThCbEsxLXFHeG9RbUx4aElqRktaR2R4NzFqU25USTJkSnRwS0RxbERlV3ljSU11LXVLU0VVeWFEZkRDMWR4WFVuZDdnUlBqcUI5YVJLUVhmbGNIVXUyTFMtVG9WNXpVTHdxLTZ3eHVsbGhmMklxVHhURDg0VGhGRHZyNEg5b3ZjdmRQM3h4aUI2Zk5WWXdTTUJLV2ljWEtxUQ?oc=5"" target=""_blank"">Personería puso en duda las cifras de huecos tapados por la Alcaldía de Bogotá</a>&nbsp;&nbsp;<font color=""#6f6f6f"">Infobae</font>","""malla vial"" ""Alcaldía de Bogotá""",Google News RSS,2026-09-21T11:45:36-05:00
news_00435,Si se accidenta por el mal estado de las vías el Distrito debe responder: le decimos cómo reclamar - Infobae,https://news.google.com/rss/articles/CBMi0gFBVV95cUxPa1ltdGdheTBYODI5SlFWSDlEQzdvSGU5SWhjaEpYdjQ1Vm1xNXFjU0ZFb0FCclpDMnFLbjhWUEhzZ3RIVndXUngyUWdSVTIwUjA0dkpKN01Wd0VrMFpWWEx6RTdjaVFDd3N4azFxd1hzVWM4NnFMR0tId2pUcDhUU3llTVA3a2FwUG9mM0ZJazBNdXRmbklUZTQ2YkcyeW1QVU5qSS1sU2tWTjQ5UEhpZmxBVHpSNjhBXzU5SDJFQWFMeUdZZnBpdzdXTDFuUGdqWWfSAewBQVVfeXFMT0k0TnpJaE42S0FQeXN2RXVWNkVNT0dUMnJ0RU1haVNtdFNrX0xYVlNqZDNhWkU0X2N2QnZ1dlAxOXhzcHBiQ1pNeEpZZTdYVUVVQVZia1RJQmQxWVNGV2JqdGc4UHNIRWFydjlLYkUtX0JlWEY4ODlpdFpZWTdVbmg0TkNCWi1oNkVtYnptQkdYYzVKWldOOHJxS3JfQXlVNndKY2xOWUluWER4MFN0VEM0NWdvbWJwUGhyVzFfd000a0V5S25YSHM1MTVlWFNNQjNQM3VHdldnWVZ4MUNJeDlGeWhFOEZZLXlTaFk?oc=5,"Wed, 06 Mar 2024 08:00:00 GMT","<a href=""https://news.google.com/rss/articles/CBMi0gFBVV95cUxPa1ltdGdheTBYODI5SlFWSDlEQzdvSGU5SWhjaEpYdjQ1Vm1xNXFjU0ZFb0FCclpDMnFLbjhWUEhzZ3RIVndXUngyUWdSVTIwUjA0dkpKN01Wd0VrMFpWWEx6RTdjaVFDd3N4azFxd1hzVWM4NnFMR0tId2pUcDhUU3llTVA3a2FwUG9mM0ZJazBNdXRmbklUZTQ2YkcyeW1QVU5qSS1sU2tWTjQ5UEhpZmxBVHpSNjhBXzU5SDJFQWFMeUdZZnBpdzdXTDFuUGdqWWfSAewBQVVfeXFMT0k0TnpJaE42S0FQeXN2RXVWNkVNT0dUMnJ0RU1haVNtdFNrX0xYVlNqZDNhWkU0X2N2QnZ1dlAxOXhzcHBiQ1pNeEpZZTdYVUVVQVZia1RJQmQxWVNGV2JqdGc4UHNIRWFydjlLYkUtX0JlWEY4ODlpdFpZWTdVbmg0TkNCWi1oNkVtYnptQkdYYzVKWldOOHJxS3JfQXlVNndKY2xOWUluWER4MFN0VEM0NWdvbWJwUGhyVzFfd000a0V5S25YSHM1MTVlWFNNQjNQM3VHdldnWVZ4MUNJeDlGeWhFOEZZLXlTaFk?oc=5"" target=""_blank"">Si se accidenta por el mal estado de las vías el Distrito debe responder: le decimos cómo reclamar</a>&nbsp;&nbsp;<font color=""#6f6f6f"">Infobae</font>","""malla vial"" ""Alcaldía de Bogotá""",Google News RSS,2026-09-21T11:45:36-05:00
