id_registro,tipo_registro,tweet_id,id_tweet_padre,id_conversacion,url,autor_username,autor_nombre,autor_verificado,texto,fecha_publicacion,idioma,favoritos,retweets,respuestas,citas,vistas,guardados,tiene_multimedia,urls_multimedia,es_comentario,responde_a_usuario,consulta_busqueda,fuente_descubrimiento,fecha_scraping
comment_00001,comentario,2104992892049650101,2104989576255197633,2104989576255197633,https://x.com/desconocido/status/2104992892049650101,@desconocido,,False,"@AlexKleinO Respaldo alternativas d transporte sostenible,pero en @Bogota las luminarias q han gobernado se sienten en Oslo pintando sobre el hueco y poniendo taches y materas en el espacio libre. ciclorrutas como la carrera 13 (foco d accidentes y desorden) confirman la falta d planeación…",2026-09-29T17:53:08+00:00,es,0,0,0,0,96,0,False,[],True,@AlexKleinO,"(""hueco"" OR ""huecos"" OR ""bache"" OR ""baches"") (Bogotá OR Bogota) -fiscal -financiero -filter:retweets lang:es",Scrapfly Search,2026-09-29T15:02:38-05:00
comment_00002,comentario,2104986785398894892,2104972659490480563,2104952792955695376,https://x.com/desconocido/status/2104986785398894892,@desconocido,,False,"@diancabib0425 @ARMYBogotaCol Que grosera, asi te educaron tus padres, los estás dejando muy mal. Army bogota por que debe saberlo? Más bien por que no sales de tu hueco y te pasas por el campin y pregunta tu misma, aca nadie en sirviente de nadie. Atrevida.",2026-09-29T17:28:53+00:00,es,1,0,0,0,124,0,False,[],True,@diancabib0425,"(""hueco"" OR ""huecos"" OR ""bache"" OR ""baches"") (Bogotá OR Bogota) -fiscal -financiero -filter:retweets lang:es",Scrapfly Search,2026-09-29T15:02:38-05:00
comment_00003,comentario,2104962106441523321,2104960632520937941,2104922284523983196,https://x.com/desconocido/status/2104962106441523321,@desconocido,,False,"@Dark_Mark01 @Alejazepam 😐 linda en qué barrio vives?, aquí nadie ha dicho que Bogotá es un hueco, es tener cuidado con los ladrones, tan simple como eso. Aquí la del delirio es otra, te montaste en una vaca loca solita.",2026-09-29T15:50:49+00:00,es,0,0,0,0,28,0,False,[],True,@Dark_Mark01,"(""hueco"" OR ""huecos"" OR ""bache"" OR ""baches"") (Bogotá OR Bogota) -fiscal -financiero -filter:retweets lang:es",Scrapfly Search,2026-09-29T15:02:38-05:00
comment_00004,comentario,2104960632520937941,2104954228825264239,2104922284523983196,https://x.com/desconocido/status/2104960632520937941,@desconocido,,False,"@Yinn_Martinnez @Alejazepam No, siempre hablan de Bogotá como si fuera un hueco y como si con solo salir uno ya estuviera pues en peligro extremo. Delirio colectivo que no se traduce en algo realista.",2026-09-29T15:44:57+00:00,es,0,0,1,0,31,0,False,[],True,@Yinn_Martinnez,"(""hueco"" OR ""huecos"" OR ""bache"" OR ""baches"") (Bogotá OR Bogota) -fiscal -financiero -filter:retweets lang:es",Scrapfly Search,2026-09-29T15:02:38-05:00
comment_00008,comentario,2104929069003362664,2104924183990034689,2104924183990034689,https://x.com/desconocido/status/2104929069003362664,@desconocido,,True,"@GustavoBolivar @GustavoBolivar Deje la novela.
Usted no tiene gabinete. Tiene un PDF y una reputación de libretista. “Por la vida” lo escribe el que no paga la luz del Estado. Perdieron la línea del FMI. El déficit no es un giro de guion. Es caja.
El fascismo de su comunicado es que alguien les",2026-09-29T13:39:32+00:00,es,9,2,0,0,193,0,False,[],True,@GustavoBolivar,"(""hueco"" OR ""huecos"" OR ""bache"" OR ""baches"") (Bogotá OR Bogota) -fiscal -financiero -filter:retweets lang:es",Scrapfly Search,2026-09-29T15:02:38-05:00
comment_00010,comentario,2104900213156487298,2104669545138966937,2104669545138966937,https://x.com/desconocido/status/2104900213156487298,@desconocido,,False,@caroavendanopm Salgan de ese hueco de Bogotá y verá,2026-09-29T11:44:52+00:00,es,0,0,0,0,17,0,False,[],True,@caroavendanopm,"(""hueco"" OR ""huecos"" OR ""bache"" OR ""baches"") (Bogotá OR Bogota) -fiscal -financiero -filter:retweets lang:es",Scrapfly Search,2026-09-29T15:02:38-05:00
comment_00011,comentario,2104767867845578863,2104662654404980983,2104662654404980983,https://x.com/desconocido/status/2104767867845578863,@desconocido,,False,"@ElJuliSastoque @ConcejoDeBogota Celebra el compromiso ni que nada, ese mandato llevó a Bogotá a un hueco del cual será difícil sacar. Nefasta gestión 🤮",2026-09-29T02:58:59+00:00,es,1,1,0,0,71,0,False,[],True,@ElJuliSastoque,"(""hueco"" OR ""huecos"" OR ""bache"" OR ""baches"") (Bogotá OR Bogota) -fiscal -financiero -filter:retweets lang:es",Scrapfly Search,2026-09-29T15:02:38-05:00
comment_00015,comentario,2104628497734046190,2104615292936794131,2104615292936794131,https://x.com/desconocido/status/2104628497734046190,@desconocido,,False,@AyalaCarlOzarco @VaneDeCol JAJAJAJAJAJAJA tiene más posibilidades un hueco de cualquier calle en Bogotá,2026-09-28T17:45:10+00:00,es,2,0,0,0,40,0,False,[],True,@AyalaCarlOzarco,"(""hueco"" OR ""huecos"" OR ""bache"" OR ""baches"") (Bogotá OR Bogota) -fiscal -financiero -filter:retweets lang:es",Scrapfly Search,2026-09-29T15:02:38-05:00
comment_00016,comentario,2104622762455167350,2104056898538393776,2104056898538393776,https://x.com/desconocido/status/2104622762455167350,@desconocido,,False,@petrogustavo Y si los gobernantes van robando con el cuento de una plata desalinizadora q no se necesita. Como la máquina para tapar huecos con la q se robó un buen billete en Bogotá o las motos eléctricas q tampoco sirvieron.,2026-09-28T17:22:23+00:00,es,3,1,0,0,53,0,False,[],True,@petrogustavo,"(""hueco"" OR ""huecos"" OR ""bache"" OR ""baches"") (Bogotá OR Bogota) -fiscal -financiero -filter:retweets lang:es",Scrapfly Search,2026-09-29T15:02:38-05:00
comment_00017,comentario,2104576762848178448,2104380665982574893,2104380665982574893,https://x.com/desconocido/status/2104576762848178448,@desconocido,,False,"@CarlosFGalan Con todo el respeto, considerando que Bogotá está siempre llena de huecos y no cae nieve, ni hay hielo que podrían dañar la malla vial, están haciendo un trabajo bastante malo.",2026-09-28T14:19:36+00:00,es,0,0,0,0,23,0,False,[],True,@CarlosFGalan,"(""hueco"" OR ""huecos"" OR ""bache"" OR ""baches"") (Bogotá OR Bogota) -fiscal -financiero -filter:retweets lang:es",Scrapfly Search,2026-09-29T15:02:38-05:00
comment_00018,comentario,2104562404109451697,2104553641168253129,2104400673676595420,https://x.com/desconocido/status/2104562404109451697,@desconocido,,False,@Ss5541133426530 @KinderDeCortes @CarlosFGalan @PoliciaBogota 🤣🤣 Eso es Bogotá que es un hueco que el alcalde no quiere arreglar.,2026-09-28T13:22:32+00:00,es,2,0,1,0,143,0,False,[],True,@Ss5541133426530,"(""hueco"" OR ""huecos"" OR ""bache"" OR ""baches"") (Bogotá OR Bogota) -fiscal -financiero -filter:retweets lang:es",Scrapfly Search,2026-09-29T15:02:38-05:00
comment_00019,comentario,2104559823576842374,2104216147952607406,2104216147952607406,https://x.com/desconocido/status/2104559823576842374,@desconocido,,False,"@idubogota @CarlosFGalan @PachoAlerta @OrlandoMolanoP @Bogota @manolitosalazar @ernestocortes28 Sacado pecho por algo que debe ser normal primera vez que sisualizamos que taparon huecos de las vías que construyen un puente peatonal, ese es el trabajo de ustedes",2026-09-28T13:12:17+00:00,es,0,0,0,0,26,0,False,[],True,@idubogota,"(""hueco"" OR ""huecos"" OR ""bache"" OR ""baches"") (Bogotá OR Bogota) -fiscal -financiero -filter:retweets lang:es",Scrapfly Search,2026-09-29T15:02:38-05:00
comment_00020,comentario,2104550478625509715,2104536719492092186,2104536719492092186,https://x.com/desconocido/status/2104550478625509715,@desconocido,,False,"@patrulleroefra @idubogota @SectorMovilidad @CarlosFGalan @Bogota @UMVbogota Nunca pasaste de reportar puentes, semáforos y huecos, MEDIOCRE.",2026-09-28T12:35:09+00:00,es,4,0,0,0,53,0,False,[],True,@patrulleroefra,"(""hueco"" OR ""huecos"" OR ""bache"" OR ""baches"") (Bogotá OR Bogota) -fiscal -financiero -filter:retweets lang:es",Scrapfly Search,2026-09-29T15:02:38-05:00
comment_00022,comentario,2104893562512982192,2104752244209971637,2104752244209971637,https://x.com/desconocido/status/2104893562512982192,@desconocido,,False,@CarlosFGalan Inseguridad basuras vías cerradas por manifestación malla vial pésima mas impuestos  Bogotá  sin alcalde @CarlosFGalan,2026-09-29T11:18:26+00:00,es,0,0,0,0,14,0,False,[],True,@CarlosFGalan,"(""malla vial"" OR ""deterioro vial"" OR ""pavimento"" OR ""asfalto"") (Bogotá OR Bogota) -fiscal -filter:retweets lang:es",Scrapfly Search,2026-09-29T15:02:38-05:00
comment_00023,comentario,2104863866463408611,2104380665982574893,2104380665982574893,https://x.com/desconocido/status/2104863866463408611,@desconocido,,False,"@CarlosFGalan @Bogota Así es alcalde se ven las calles en buen estado y como
ciudadanos no nos vemos metidos en trancones por el arreglo de la malla vial, como
pasaba antes muy bien alcalde mientras descansamos reparan las vías 👌",2026-09-29T09:20:26+00:00,es,0,0,0,0,6,0,False,[],True,@CarlosFGalan,"(""malla vial"" OR ""deterioro vial"" OR ""pavimento"" OR ""asfalto"") (Bogotá OR Bogota) -fiscal -filter:retweets lang:es",Scrapfly Search,2026-09-29T15:02:38-05:00
comment_00024,comentario,2104836952503599487,2104317010788139473,2104317010788139473,https://x.com/desconocido/status/2104836952503599487,@desconocido,,True,"@SANTAMARIAURIBE ¡Hola, @SANTAMARIAURIBE!

Le contamos que el contratista de la obra tiene la obligación de instalar una nueva tubería de agua potable y renovar las existentes en la calle 73 con carrera 10, que eran de más de 30 años de antigüedad.

Sin embargo, la vía no había sido pavimentada https://t.co/gaXEBtJHfl",2026-09-29T07:33:30+00:00,es,0,0,0,0,81,0,True,['https://pbs.twimg.com/amplify_video_thumb/2104836863185850368/img/sFRnddgT72fXqD9G.jpg'],True,@SANTAMARIAURIBE,"(""malla vial"" OR ""deterioro vial"" OR ""pavimento"" OR ""asfalto"") (Bogotá OR Bogota) -fiscal -filter:retweets lang:es",Scrapfly Search,2026-09-29T15:02:38-05:00
comment_00025,comentario,2104836645199503828,2104574161607598391,2104574161607598391,https://x.com/desconocido/status/2104836645199503828,@desconocido,,True,"@Jufo1 @CarlosFGalan ¡Hola, @Jufo1!

Le contamos que el contratista de la obra tiene la obligación de instalar una nueva tubería de agua potable y renovar las existentes en la calle 73 con carrera 10, que eran de más de 30 años de antigüedad.

Sin embargo, la vía no había sido pavimentada por https://t.co/yoWgsafyBn",2026-09-29T07:32:16+00:00,es,0,0,0,0,58,0,True,['https://pbs.twimg.com/amplify_video_thumb/2104836610307010560/img/gSo8ZRiZ-9x5qm2T.jpg'],True,@Jufo1,"(""malla vial"" OR ""deterioro vial"" OR ""pavimento"" OR ""asfalto"") (Bogotá OR Bogota) -fiscal -filter:retweets lang:es",Scrapfly Search,2026-09-29T15:02:38-05:00
comment_00028,comentario,2104675631430852936,2104650218277134628,2104650218277134628,https://x.com/desconocido/status/2104675631430852936,@desconocido,,False,"@JD_Quinteror Bogotá se está conjugando entre lo peor de lo peor en Civismo, y esas motonetas son su nueva plaga.
Se van a tirar el pavimento de todas las ciclorrutas.
Tienen que ponerle placa e impuestos a todas!",2026-09-28T20:52:28+00:00,es,0,0,0,0,20,0,False,[],True,@JD_Quinteror,"(""malla vial"" OR ""deterioro vial"" OR ""pavimento"" OR ""asfalto"") (Bogotá OR Bogota) -fiscal -filter:retweets lang:es",Scrapfly Search,2026-09-29T15:02:38-05:00
comment_00030,comentario,2104584022621909073,2104380665982574893,2104380665982574893,https://x.com/desconocido/status/2104584022621909073,@desconocido,,False,"@CarlosFGalan Se agradece Sr alcalde la atención de la malla vial en la parte alta de
@Bogota 🤐🤔🤐 @idubogota @UMVbogota @OrlandoMolanoP
@ciudadbolivar https://t.co/gpjUr6btSn",2026-09-28T14:48:26+00:00,es,1,0,0,0,47,0,True,"['https://pbs.twimg.com/media/HTT8AH_XIAAkfHc.jpg', 'https://pbs.twimg.com/media/HTT8AaZWMAAyDft.jpg', 'https://pbs.twimg.com/media/HTT8AqdWwAAfQC_.jpg', 'https://pbs.twimg.com/media/HTT8A4sX0AAgiCC.jpg']",True,@CarlosFGalan,"(""malla vial"" OR ""deterioro vial"" OR ""pavimento"" OR ""asfalto"") (Bogotá OR Bogota) -fiscal -filter:retweets lang:es",Scrapfly Search,2026-09-29T15:02:38-05:00
comment_00032,comentario,2104405377341141022,2104312272474501606,2104312272474501606,https://x.com/desconocido/status/2104405377341141022,@desconocido,,False,"@luciabastidasu La verdad es que Bogotá si está sin alcalde, sin rumbo, sin secretarías....sucia, insegura. Mal parqueados, invadida, mala malla vial, un caos",2026-09-28T02:58:34+00:00,es,1,0,0,0,72,0,False,[],True,@luciabastidasu,"(""malla vial"" OR ""deterioro vial"" OR ""pavimento"" OR ""asfalto"") (Bogotá OR Bogota) -fiscal -filter:retweets lang:es",Scrapfly Search,2026-09-29T15:02:38-05:00
comment_00033,comentario,2104394065928188007,2104380665982574893,2104380665982574893,https://x.com/desconocido/status/2104394065928188007,@desconocido,,False,@CarlosFGalan La localidad con peor malla vial en Bogotá es Fontibón.,2026-09-28T02:13:37+00:00,es,0,0,0,0,66,0,False,[],True,@CarlosFGalan,"(""malla vial"" OR ""deterioro vial"" OR ""pavimento"" OR ""asfalto"") (Bogotá OR Bogota) -fiscal -filter:retweets lang:es",Scrapfly Search,2026-09-29T15:02:38-05:00
comment_00034,comentario,2104393706493325558,2103621684561604998,2103621684561604998,https://x.com/desconocido/status/2104393706493325558,@desconocido,,False,"@clarasandoval @DNP_Colombia @ABDELAESPRIELLA Renuncie. Bogotá un desastre total en todas las áreas, no se salva nada: insegura, sucia, Malla vial en mal estado, cambuches zonas verdes, Transmilenio una plaza, mal parqueados, tarifas de parqueaderos en las nubes. vías invadidas por obras particulares. @CarlosFGalan",2026-09-28T02:12:12+00:00,es,1,1,0,0,45,0,False,[],True,@clarasandoval,"(""malla vial"" OR ""deterioro vial"" OR ""pavimento"" OR ""asfalto"") (Bogotá OR Bogota) -fiscal -filter:retweets lang:es",Scrapfly Search,2026-09-29T15:02:38-05:00
comment_00035,comentario,2104391948190531712,2104383414937731156,2104383414937731156,https://x.com/desconocido/status/2104391948190531712,@desconocido,,False,"@Beatriz14470382 @ABDELAESPRIELLA @CarlosFGalan Que tristeza Bogotá con un trivago de alcalde.. insegura, sucia, trancada, Transmilenio plaza de mercado. Malla vial en mala estado, mal parqueados, zonas verdes llenas de cambuches y pagando impuestos innecesarios.... Y la gerente no funciona",2026-09-28T02:05:12+00:00,es,0,1,0,0,39,0,False,[],True,@Beatriz14470382,"(""malla vial"" OR ""deterioro vial"" OR ""pavimento"" OR ""asfalto"") (Bogotá OR Bogota) -fiscal -filter:retweets lang:es",Scrapfly Search,2026-09-29T15:02:38-05:00
comment_00040,comentario,2104706752704876900,2104317010788139473,2104317010788139473,https://x.com/desconocido/status/2104706752704876900,@desconocido,,False,"@SANTAMARIAURIBE En la carrera 52 con calle 17 hicieron lo mismo, acabaron de pavimentar para romper porque quedó mal. Una obra de 200 m, lleva 3 meses, en 3 semanas ningún avance; mientras la kr 50, a una cuadra estaba en buen estado y pasaron pavimento sin necesidad. 0 planificación @idubogota",2026-09-28T22:56:08+00:00,es,0,0,0,0,37,0,False,[],True,@SANTAMARIAURIBE,(@UMVBogota OR @SectorMovilidad OR @idubogota) (hueco OR bache OR deterioro OR pavimento) -filter:retweets lang:es,Scrapfly Search,2026-09-29T15:02:38-05:00
comment_00041,comentario,2104628476137316650,2104606349736730755,2104606349736730755,https://x.com/desconocido/status/2104628476137316650,@desconocido,,False,@SectorMovilidad @idubogota @UMVbogota Un hueco en la avenida suba en el semáforo para voltear a la 70 morato lleva más de 6 meses miren a ver porque siempre faranduleando,2026-09-28T17:45:05+00:00,es,0,0,0,0,29,0,False,[],True,@SectorMovilidad,(@UMVBogota OR @SectorMovilidad OR @idubogota) (hueco OR bache OR deterioro OR pavimento) -filter:retweets lang:es,Scrapfly Search,2026-09-29T15:02:38-05:00
comment_00043,comentario,2104329493447860425,2104204792645984591,2104204792645984591,https://x.com/desconocido/status/2104329493447860425,@desconocido,,False,"@idubogota @OrlandoMolanoP @ernestocortes28 @CarlosFGalan @Bogota Revisen en el cruce de la calle 100 x av 19 que llevan contemplando un hueco como 6 meses. Verifiquen si ya les pagaron el adicional que se inventaron para poder taparlo. La interventoria
 no hace bien su trabajo.",2026-09-27T21:57:02+00:00,es,0,0,0,0,153,0,False,[],True,@idubogota,(@UMVBogota OR @SectorMovilidad OR @idubogota) (hueco OR bache OR deterioro OR pavimento) -filter:retweets lang:es,Scrapfly Search,2026-09-29T15:02:38-05:00
comment_00044,comentario,2104280924057956416,2104204792645984591,2104204792645984591,https://x.com/desconocido/status/2104280924057956416,@desconocido,,False,"@idubogota @OrlandoMolanoP @ernestocortes28 @CarlosFGalan @Bogota Ojalá terminen algún hp día la malparida esquina de Cafam la floresta , ya han tapado ese hp hueco 14 veces y vuelven y lo abren 😂😬",2026-09-27T18:44:02+00:00,es,4,0,0,0,147,0,False,[],True,@idubogota,(@UMVBogota OR @SectorMovilidad OR @idubogota) (hueco OR bache OR deterioro OR pavimento) -filter:retweets lang:es,Scrapfly Search,2026-09-29T15:02:38-05:00
comment_00045,comentario,2104226146854297634,2104204792645984591,2104204792645984591,https://x.com/desconocido/status/2104226146854297634,@desconocido,,False,@idubogota @OrlandoMolanoP @ernestocortes28 @CarlosFGalan @Bogota Llevan 5 años cavando ese hueco,2026-09-27T15:06:22+00:00,es,9,0,0,0,119,0,False,[],True,@idubogota,(@UMVBogota OR @SectorMovilidad OR @idubogota) (hueco OR bache OR deterioro OR pavimento) -filter:retweets lang:es,Scrapfly Search,2026-09-29T15:02:38-05:00
comment_00046,comentario,2103115246013743419,2102839539320647945,2102839539320647945,https://x.com/desconocido/status/2103115246013743419,@desconocido,,False,"@SectorMovilidad S. funcionarios @SectorMovilidad :
Segmentar carriles en una ciudad carente d infraestructura tiene el mismo impacto q pintar sobre el hueco…
(miren el carril d la 7ª frente a la @UniJaveriana …)

¿La doctrina vial del sancionado @Bocarejo_JP sigue impuesta en @Bogota …?",2026-09-24T13:32:03+00:00,es,1,0,0,0,40,0,False,[],True,@SectorMovilidad,(@UMVBogota OR @SectorMovilidad OR @idubogota) (hueco OR bache OR deterioro OR pavimento) -filter:retweets lang:es,Scrapfly Search,2026-09-29T15:02:38-05:00
comment_00047,comentario,2102829368292868122,2102450759413420398,2102450759413420398,https://x.com/desconocido/status/2102829368292868122,@desconocido,,False,"@idubogota @CarlosFGalan @OrlandoMolanoP @Bogota @manolitosalazar @ernestocortes28 @PachoAlerta @SectorMovilidad @Maferoc Es un túnel tenebroso que se convertirá en orinal y atracadero💀.
En pocos días ese hueco estará lleno de vendedores ambulantes feriando todo tipo de baratijas y comida picha.",2026-09-23T18:36:04+00:00,es,11,0,0,0,246,0,False,[],True,@idubogota,(@UMVBogota OR @SectorMovilidad OR @idubogota) (hueco OR bache OR deterioro OR pavimento) -filter:retweets lang:es,Scrapfly Search,2026-09-29T15:02:38-05:00
comment_00048,comentario,2102519496481398857,2102450759413420398,2102450759413420398,https://x.com/desconocido/status/2102519496481398857,@desconocido,,False,@idubogota @CarlosFGalan @OrlandoMolanoP @Bogota @manolitosalazar @ernestocortes28 @PachoAlerta @SectorMovilidad @Maferoc 7 años y celebran porque hicieron un hueco. Los bogotanos si nos dejamos robar mucho.,2026-09-22T22:04:45+00:00,es,1,0,0,0,121,0,False,[],True,@idubogota,(@UMVBogota OR @SectorMovilidad OR @idubogota) (hueco OR bache OR deterioro OR pavimento) -filter:retweets lang:es,Scrapfly Search,2026-09-29T15:02:38-05:00
comment_00049,comentario,2100719708144062722,2100682597747892390,2100682597747892390,https://x.com/desconocido/status/2100719708144062722,@desconocido,,False,"@UltimaHoraCR @SectorMovilidad Poner semáforos en una glorieta, es como hacerle un hueco a un tanque, va en contravía total del objetivo principal para lo que fue diseñado el elemento originalmente.",2026-09-17T22:53:02+00:00,es,29,1,0,0,386,0,False,[],True,@UltimaHoraCR,(@UMVBogota OR @SectorMovilidad OR @idubogota) (hueco OR bache OR deterioro OR pavimento) -filter:retweets lang:es,Scrapfly Search,2026-09-29T15:02:38-05:00
comment_00050,comentario,2100404305291325831,2100373948990996902,2100373948990996902,https://x.com/desconocido/status/2100404305291325831,@desconocido,,False,"@LaMartaSinH @SectorMovilidad El pico y placa fue una medida ""ambiental""por qué para hibridos y no para motos?Las motos son el origen del deterioro de las ciudades en cualquier parte del mundo. Se les dijo, se les advirtió y ahí el resultado y encima las ensambladoras son de poderosos por eso tantas prevendas",2026-09-17T01:59:44+00:00,es,55,1,2,0,723,0,False,[],True,@LaMartaSinH,(@UMVBogota OR @SectorMovilidad OR @idubogota) (hueco OR bache OR deterioro OR pavimento) -filter:retweets lang:es,Scrapfly Search,2026-09-29T15:02:38-05:00
comment_00051,comentario,2100013865106907599,2099999069498183753,2099999069498183753,https://x.com/desconocido/status/2100013865106907599,@desconocido,,False,"@papoaminCD @SectorMovilidad Es Vergonzoso ver como la Malla Vial esta en Completo deterioro,y ver que la arquitectura de las calles,no se acomoda con la densidad de Población de Motosy Carros de la ciudad,y Mientras tanto las administraciones responsables se limitan a publicar videos Criticando, ESPANTOSO.",2026-09-16T00:08:16+00:00,es,3,0,1,0,120,0,False,[],True,@papoaminCD,(@UMVBogota OR @SectorMovilidad OR @idubogota) (hueco OR bache OR deterioro OR pavimento) -filter:retweets lang:es,Scrapfly Search,2026-09-29T15:02:38-05:00
comment_00052,comentario,2097892668185387027,2097674141876863230,2097674141876863230,https://x.com/desconocido/status/2097892668185387027,@desconocido,,False,"@idubogota Puro cuento. Uno pasa por esa zona y casi no hay obreros trabajando, abren huecos, los cierran y despues a las semanas vuelven a abrir el mismo hueco con otra excusa. Ni los obreros saben q tienen q hacer.",2026-09-10T03:39:23+00:00,es,2,0,0,0,28,0,False,[],True,@idubogota,(@UMVBogota OR @SectorMovilidad OR @idubogota) (hueco OR bache OR deterioro OR pavimento) -filter:retweets lang:es,Scrapfly Search,2026-09-29T15:02:38-05:00
comment_00053,comentario,2097819378905501837,2097676637424738544,2097676637424738544,https://x.com/desconocido/status/2097819378905501837,@desconocido,,False,"@gisselleapa @idubogota @Bogota En ese Punto de Bogotá y al menos 1000 más que rompen ponen polisombras,abre un HP hueco y nunca avanzan...Puedo enviar  registro de fotos las que quieran",2026-09-09T22:48:10+00:00,es,3,2,0,0,56,0,False,[],True,@gisselleapa,(@UMVBogota OR @SectorMovilidad OR @idubogota) (hueco OR bache OR deterioro OR pavimento) -filter:retweets lang:es,Scrapfly Search,2026-09-29T15:02:38-05:00
comment_00055,comentario,2097370394109816860,2097307802112798783,2097307802112798783,https://x.com/desconocido/status/2097370394109816860,@desconocido,,False,"@idubogota @SectorMovilidad @OrlandoMolanoP @Maferoc @Bogota @TransMilenio @manolitosalazar @CarlosFGalan Ojalá los Bogotanos les cobren en las urnas lo que han hecho con el tráfico d esta ciudad, el deterioro en la calidad de vida y el aumento en los tiempos de viaje, ojalá les cobren destapar toda la ciudad y no terminar ninguna obra, ojalá ustedes  nunca vuelvan a un cargo público",2026-09-08T17:04:03+00:00,es,4,0,0,0,121,0,False,[],True,@idubogota,(@UMVBogota OR @SectorMovilidad OR @idubogota) (hueco OR bache OR deterioro OR pavimento) -filter:retweets lang:es,Scrapfly Search,2026-09-29T15:02:38-05:00
comment_00056,comentario,2097051972117401860,2096973442440376440,2096973442440376440,https://x.com/desconocido/status/2097051972117401860,@desconocido,,False,"@DanielMejiaL @SectorMovilidad En la Cali, cerca del Tintal, pusieron como 12 policías acostados en 1 km (en ambas direcciones). Eso daña los carros y aumenta el consumo de gasolina a cada rato parando y arrancando. UN POLICÍA ACOSTADO TIENE EL MISMO EFECTO Y DAÑO QUE UN HUECO.",2026-09-07T19:58:46+00:00,es,2,0,0,0,102,0,False,[],True,@DanielMejiaL,(@UMVBogota OR @SectorMovilidad OR @idubogota) (hueco OR bache OR deterioro OR pavimento) -filter:retweets lang:es,Scrapfly Search,2026-09-29T15:02:38-05:00
comment_00057,comentario,2095661446491234373,2095658754595226107,2095658754595226107,https://x.com/desconocido/status/2095661446491234373,@desconocido,,True,"@SeguridadBOG @PoliciaBogota @AlcaldiaSantaFe @Alca_Martires @CarlosFGalan @Bogota @Uaesp @GobiernoBTA @SectorSalud @SectorMovilidad @TransMilenio Bogotá no necesita “jornadas” de recuperación. Necesita una ciudad limpia, ordenada y segura todos los días.

Levantar cambuches una vez y volver semanas después al mismo punto no resuelve nada. El espacio público debe tener presencia permanente, limpieza, iluminación, control,",2026-09-03T23:53:19+00:00,es,21,4,1,0,240,1,False,[],True,@SeguridadBOG,(@UMVBogota OR @SectorMovilidad OR @idubogota) (hueco OR bache OR deterioro OR pavimento) -filter:retweets lang:es,Scrapfly Search,2026-09-29T15:02:38-05:00
comment_00059,comentario,2091981720388096373,2091978674048541091,2091978674048541091,https://x.com/desconocido/status/2091981720388096373,@desconocido,,True,"@MunirCardenas @idubogota @UMVbogota Te esperamos en Kennedy, donde la alcaldía de Claudia López pavimentó un barrio, pero misteriosamente se embolató el presupuesto de 3 calles y nunca nadie dijo nada. Calles que los pasajeros y turistas del Metro van a ver en ese estado desde allá arriba.",2026-08-24T20:11:23+00:00,es,4,0,0,0,81,0,False,[],True,@MunirCardenas,(@UMVBogota OR @SectorMovilidad OR @idubogota) (hueco OR bache OR deterioro OR pavimento) -filter:retweets lang:es,Scrapfly Search,2026-09-29T15:02:38-05:00
comment_00062,comentario,2097430491007738214,2097430485664162237,2097430476881330439,https://x.com/desconocido/status/2097430491007738214,@desconocido,,True,"Caso 3: Medellín–Bogotá (el más grave de todos).

A cargo del Invías desde 2018. Ya hay 2 demandas por accidentes fatales. Casi 1.000 huecos.

Invías recauda $205.000 millones/año en peajes. Solo destina $30.000 millones a mantenerla. El resto financia otros corredores. https://t.co/VnvHQKDxsD",2026-09-08T21:02:52+00:00,es,137,39,4,0,3539,0,True,['https://pbs.twimg.com/media/HRuNIKVaoAApWdK.png'],True,@mateoamayaq,"(""huecos"" OR ""baches"") (Bogotá OR Bogota) filter:images -fiscal -filter:retweets lang:es",Scrapfly Search,2026-09-29T15:02:38-05:00
comment_00063,comentario,2097430481360822410,2097430476881330439,2097430476881330439,https://x.com/desconocido/status/2097430481360822410,@desconocido,,True,"Caso 1: Bogotá–Facatativá–Los Alpes.

30 años bajo concesión (CCFC) y en marzo se entregó a Invías.

Hoy: pavimento desgastado, señales caídas y huecos.

Foto del antes y el después: https://t.co/pewpUpeHBe",2026-09-08T21:02:49+00:00,es,120,26,3,0,3969,2,True,"['https://pbs.twimg.com/media/HRuLzaMacAAU8c6.png', 'https://pbs.twimg.com/media/HRuMyreXkAEGGH2.png']",True,@mateoamayaq,"(""huecos"" OR ""baches"") (Bogotá OR Bogota) filter:images -fiscal -filter:retweets lang:es",Scrapfly Search,2026-09-29T15:02:38-05:00
comment_00067,comentario,2092735656216637551,2092690521290408323,2092690521290408323,https://x.com/desconocido/status/2092735656216637551,@desconocido,,True,"@JorgeEBaron El lío es que @CarlosFGalan en @Bogota solo le interesa facturar con multas, se le olvidó la seguridad, las vías con huecos, los cambuches . 

Así que estemos en la inmunda .🐀 https://t.co/Q8fCvzbp5r",2026-08-26T22:07:16+00:00,es,22,7,0,0,1726,0,True,['https://pbs.twimg.com/media/HQrj_IeWwAEZWKc.jpg'],True,@JorgeEBaron,"(""huecos"" OR ""baches"") (Bogotá OR Bogota) filter:images -fiscal -filter:retweets lang:es",Scrapfly Search,2026-09-29T15:02:38-05:00
comment_00068,comentario,2092325725491634530,2092255354323116335,2092255354323116335,https://x.com/desconocido/status/2092325725491634530,@desconocido,,True,"@RevistaSemana Sigue @CarlosFGalan atrancando a la
Gente con las multas e impuestos, pero la seguridad, los huecos y los cambuches son los dueños de @Bogota . 

Se nota que #Soros está al mando como en #NY . https://t.co/BSkRU3di3k",2026-08-25T18:58:21+00:00,es,2,0,0,0,79,0,True,['https://pbs.twimg.com/media/HQlvKA4WkAAOFIh.jpg'],True,@RevistaSemana,"(""huecos"" OR ""baches"") (Bogotá OR Bogota) filter:images -fiscal -filter:retweets lang:es",Scrapfly Search,2026-09-29T15:02:38-05:00
comment_00070,comentario,2081395567351955718,2081121713622749556,2081121713622749556,https://x.com/desconocido/status/2081395567351955718,@desconocido,,False,"@GabrielGEscobar @petrogustavo Busca sus “logros” 2012 a 2015 cuando estuvo en Alcaldia @Bogota inhumana.
Lo que paso con el aseo y lq maquina tapa huecos.
O la compra flota de camiones viejos para basura.
El famoso @MetroBogota de cartón. 
Y las 100 motos eléctricas para Policía
lo mejor:
Las bolsas de dinero https://t.co/HBlYnMrvgv",2026-07-26T15:05:48+00:00,es,2,3,0,0,175,1,True,"['https://pbs.twimg.com/media/HOKaO4jW0AETkoo.jpg', 'https://pbs.twimg.com/media/HOKaO4iWsAAKIEM.jpg', 'https://pbs.twimg.com/media/HOKaO4oXcAANroU.jpg', 'https://pbs.twimg.com/media/HOKaO4gXUAAzBvQ.jpg']",True,@GabrielGEscobar,"(""huecos"" OR ""baches"") (Bogotá OR Bogota) filter:images -fiscal -filter:retweets lang:es",Scrapfly Search,2026-09-29T15:02:38-05:00
comment_00072,comentario,2074562770247254462,2074316619463926018,2074316619463926018,https://x.com/desconocido/status/2074562770247254462,@desconocido,,False,"@NoticiasRCN Como el hpta ""tapa huecos"" y en la desastre de alcaldía de Bogotá y chirrete setenta hptas https://t.co/y5iRxcBzjb",2026-07-07T18:34:42+00:00,es,9,3,0,0,121,0,True,['https://pbs.twimg.com/media/HMpT2JgXYAAqQa2.jpg'],True,@NoticiasRCN,"(""huecos"" OR ""baches"") (Bogotá OR Bogota) filter:images -fiscal -filter:retweets lang:es",Scrapfly Search,2026-09-29T15:02:38-05:00
comment_00074,comentario,2070454038802354192,2070344478209019932,2070344478209019932,https://x.com/desconocido/status/2070454038802354192,@desconocido,,False,"@CarlosFGalan @Bogota @BomberosBogota Se despertó!!! Y también tiene que ponerse a trabajar. Cuando resuelve lo de las basuras,huecos,etc. no haga política con su cargo. https://t.co/x8DFAzavMO",2026-06-26T10:28:04+00:00,es,3,0,2,0,133,0,True,"['https://pbs.twimg.com/media/HLu6-SpWsAAUK1E.jpg', 'https://pbs.twimg.com/media/HLu6-YhWsAAj9X2.jpg', 'https://pbs.twimg.com/media/HLu6-cdX0AAJPnG.jpg', 'https://pbs.twimg.com/media/HLu6-cwXAAAwfNZ.jpg']",True,@CarlosFGalan,"(""huecos"" OR ""baches"") (Bogotá OR Bogota) filter:images -fiscal -filter:retweets lang:es",Scrapfly Search,2026-09-29T15:02:38-05:00
comment_00076,comentario,2062549885140783238,2062549873925206099,2062549852794286450,https://x.com/desconocido/status/2062549885140783238,@desconocido,,False,"En promedio, en la @UMVBogota estamos tapando 7.000 huecos cada mes, lo que equivale a más de 250 intervenciones mensuales en diferentes puntos de la ciudad. 

Un trabajo que mejora la movilidad y reduce riesgos para quienes recorren por Bogotá todos los días. 💛❤️ https://t.co/vj3neiI2W4",2026-06-04T14:59:47+00:00,es,2,3,1,0,310,0,True,"['https://pbs.twimg.com/media/HJ-mL8WWAAA9g_r.jpg', 'https://pbs.twimg.com/media/HJ-mL8OWoAA1kwp.jpg', 'https://pbs.twimg.com/media/HJ-mL8GXUAAHHW0.jpg']",True,@monicaruedap,"(""huecos"" OR ""baches"") (Bogotá OR Bogota) filter:images -fiscal -filter:retweets lang:es",Scrapfly Search,2026-09-29T15:02:38-05:00
comment_00080,comentario,2104055170799665518,2103867970371924004,2103867970371924004,https://x.com/desconocido/status/2104055170799665518,@desconocido,,False,@UMVbogota Muestren la calle pavimentada a la que le faltaron los andenes,2026-09-27T03:46:58+00:00,es,0,0,0,0,4,0,False,[],True,@UMVbogota,to:UMVBogota (hueco OR bache OR daño OR calle OR avenida OR vía OR pavimentar OR arreglo OR cráter),Scrapfly Search,2026-09-29T15:02:38-05:00
comment_00081,comentario,2103560460658237518,2103559335670362211,2103556137870311693,https://x.com/desconocido/status/2103560460658237518,@desconocido,,True,"@Engativalcaldia ¡Le cumplimos a la comunidad con obras que mejoran sus recorridos diarios! 🚧

En Santa Mónica intervenimos 1.472 m² en la carrera 99A, detrás de Diverplaza.

Luego, en Álamos, recuperamos 4.000 m² en 8 segmentos de la transversal 96, en convenio con el Fondo de Desarrollo Local. https://t.co/NK35YkLIBB",2026-09-25T19:01:10+00:00,es,1,0,0,0,62,0,True,['https://pbs.twimg.com/amplify_video_thumb/2103560333327552512/img/Q-4D9_MWDDVI6NAj.jpg'],True,@UMVbogota,to:UMVBogota (hueco OR bache OR daño OR calle OR avenida OR vía OR pavimentar OR arreglo OR cráter),Scrapfly Search,2026-09-29T15:02:38-05:00
comment_00082,comentario,2103559335670362211,2103556137870311693,2103556137870311693,https://x.com/desconocido/status/2103559335670362211,@desconocido,,True,"📢 ¡Buenas noticias para @engativalcaldia! 🚧
En Álamos y Santa Mónica finalizamos la intervención de alrededor de 6.000 m² de vía, cumpliéndole a la comunidad con obras que mejoran la movilidad y las condiciones de quienes viven, trabajan y se movilizan por este sector. https://t.co/RNcDK7rsTK",2026-09-25T18:56:42+00:00,es,1,0,1,0,111,0,True,"['https://pbs.twimg.com/media/HTFYD7uW4AAyKGB.jpg', 'https://pbs.twimg.com/media/HTFYD7rXoAAbs2b.jpg']",True,@UMVbogota,to:UMVBogota (hueco OR bache OR daño OR calle OR avenida OR vía OR pavimentar OR arreglo OR cráter),Scrapfly Search,2026-09-29T15:02:38-05:00
comment_00083,comentario,2103533700193378655,2103183181252112494,2103183181252112494,https://x.com/desconocido/status/2103533700193378655,@desconocido,,False,"@UMVbogota @Engativalcaldia Pavimentaron 2 calles y ya...a una no le hicieron los andenes!! Dejaron las demás sin pavimentar...mentirosos, vengan y saquen pecho cuando todo el barrio este pavimentado.",2026-09-25T17:14:50+00:00,es,0,0,0,0,11,0,False,[],True,@UMVbogota,to:UMVBogota (hueco OR bache OR daño OR calle OR avenida OR vía OR pavimentar OR arreglo OR cráter),Scrapfly Search,2026-09-29T15:02:38-05:00
comment_00084,comentario,2103233062662234116,2103099630485643367,2103099630485643367,https://x.com/desconocido/status/2103233062662234116,@desconocido,,False,"@UMVbogota @Engativalcaldia Hay barrios que sí y hay otros que no, ejemplo Bosa Islandia su calle principal sin asfaltado, en mal estado, es la calle 71a sur con Av Ciudad de Cali punto de referencia estación Transmilenio Islandia y Colegio Distrital Esmeralda Arboleda Cadavid, los vecinos le piden ayuda https://t.co/mwVH5K6Eax",2026-09-24T21:20:12+00:00,es,0,0,0,0,110,0,True,['https://pbs.twimg.com/amplify_video_thumb/2103232942189187072/img/hm2sMBXB4npzG_HM.jpg'],True,@UMVbogota,to:UMVBogota (hueco OR bache OR daño OR calle OR avenida OR vía OR pavimentar OR arreglo OR cráter),Scrapfly Search,2026-09-29T15:02:38-05:00
comment_00085,comentario,2103232111960322536,2103125315958546839,2103125315958546839,https://x.com/desconocido/status/2103232111960322536,@desconocido,,False,"@UMVbogota @CarlosFGalan @monicaruedap @Engativalcaldia @VictorHuertasP Hay barrios que sí y hay otros que no, ejemplo Bosa Islandia su calle principal sin asfaltado, en mal estado, es la calle 71a sur con Av Ciudad de Cali punto de referencia estación Transmilenio Islandia y Colegio Distrital Esmeralda Arboleda Cadavid, los vecinos le piden ayuda https://t.co/ClJrNFaSKu",2026-09-24T21:16:26+00:00,es,0,0,0,0,96,0,True,['https://pbs.twimg.com/amplify_video_thumb/2103231996587573248/img/qGcvtrzW_Q1V_9k6.jpg'],True,@UMVbogota,to:UMVBogota (hueco OR bache OR daño OR calle OR avenida OR vía OR pavimentar OR arreglo OR cráter),Scrapfly Search,2026-09-29T15:02:38-05:00
comment_00086,comentario,2103199429390164088,2103198280859435439,2103198280859435439,https://x.com/desconocido/status/2103199429390164088,@desconocido,,False,@UMVbogota @Engativalcaldia @idubogota Para cuando el arreglo del puente que conectaba el Parque de la Florida con Engativá Centro?,2026-09-24T19:06:34+00:00,es,0,0,0,0,30,0,False,[],True,@UMVbogota,to:UMVBogota (hueco OR bache OR daño OR calle OR avenida OR vía OR pavimentar OR arreglo OR cráter),Scrapfly Search,2026-09-29T15:02:38-05:00
comment_00087,comentario,2103105784838074656,2103099630485643367,2103099630485643367,https://x.com/desconocido/status/2103105784838074656,@desconocido,,False,@UMVbogota @Engativalcaldia En la localidad santafe barrio las cruces se necesita reparcheo urgente en la carrera 4 entre avenida los comuneros y calle 2. En la carrera 6 entre avenida los comuneros y la calle 1. Los trancones son interminables por los huecos!. No contestan los mensajes al interno!,2026-09-24T12:54:27+00:00,es,0,0,0,0,20,0,False,[],True,@UMVbogota,to:UMVBogota (hueco OR bache OR daño OR calle OR avenida OR vía OR pavimentar OR arreglo OR cráter),Scrapfly Search,2026-09-29T15:02:38-05:00
comment_00089,comentario,2102795398528303128,2102476789587042543,2102476789587042543,https://x.com/desconocido/status/2102795398528303128,@desconocido,,False,@UMVbogota En la localidad santafe barrio las cruces se necesita reparcheo urgente en la carrera 4 entre avenida los comuneros y calle 2. En la carrera 6 entre avenida los comuneros y la calle 1. Los trancones son interminables por los huecos!,2026-09-23T16:21:05+00:00,es,0,0,0,0,19,0,False,[],True,@UMVbogota,to:UMVBogota (hueco OR bache OR daño OR calle OR avenida OR vía OR pavimentar OR arreglo OR cráter),Scrapfly Search,2026-09-29T15:02:38-05:00
comment_00090,comentario,2102795258643837096,2102488108399042625,2102488108399042625,https://x.com/desconocido/status/2102795258643837096,@desconocido,,False,@UMVbogota @Alcaldiakennedy En la localidad santafe barrio las cruces se necesita reparcheo urgente en la carrera 4 entre avenida los comuneros y calle 2. En la carrera 6 entre avenida los comuneros y la calle 1. Los trancones son interminables por los huecos!,2026-09-23T16:20:32+00:00,es,0,0,0,0,15,0,False,[],True,@UMVbogota,to:UMVBogota (hueco OR bache OR daño OR calle OR avenida OR vía OR pavimentar OR arreglo OR cráter),Scrapfly Search,2026-09-29T15:02:38-05:00
comment_00091,comentario,2102795209633329517,2102744541639987487,2102744541639987487,https://x.com/desconocido/status/2102795209633329517,@desconocido,,False,@UMVbogota En la localidad santafe barrio las cruces se necesita reparcheo urgente en la carrera 4 entre avenida los comuneros y calle 2. En la carrera 6 entre avenida los comuneros y la calle 1. Los trancones son interminables por los huecos!,2026-09-23T16:20:20+00:00,es,0,0,0,0,13,0,False,[],True,@UMVbogota,to:UMVBogota (hueco OR bache OR daño OR calle OR avenida OR vía OR pavimentar OR arreglo OR cráter),Scrapfly Search,2026-09-29T15:02:38-05:00
comment_00092,comentario,2102748197118513441,2102722556209803692,2102722556209803692,https://x.com/desconocido/status/2102748197118513441,@desconocido,,False,"@UMVbogota @Bogota Señorrs UMV es posible que esto se arregle, barrio la uribe Calle 171 Carrera 20 a, lleva s mas de 3 años https://t.co/pkdL2JBvPV",2026-09-23T13:13:32+00:00,es,0,0,0,0,15,0,True,"['https://pbs.twimg.com/media/HS52Bw-WsAAF2bA.jpg', 'https://pbs.twimg.com/media/HS52HElXkAA6pDP.jpg', 'https://pbs.twimg.com/media/HS52MG-XQAAAclU.jpg', 'https://pbs.twimg.com/media/HS52PhjXsAA2gCp.jpg']",True,@UMVbogota,to:UMVBogota (hueco OR bache OR daño OR calle OR avenida OR vía OR pavimentar OR arreglo OR cráter),Scrapfly Search,2026-09-29T15:02:38-05:00
comment_00093,comentario,2102511635911016670,2102488108399042625,2102488108399042625,https://x.com/desconocido/status/2102511635911016670,@desconocido,,False,@UMVbogota @Alcaldiakennedy Pero dejaron la calle siguiente sin arreglar y es por donde transita el alimentador de Transmilenio. https://t.co/rqhkW2j1y1,2026-09-22T21:33:31+00:00,es,1,1,0,0,43,0,True,"['https://pbs.twimg.com/media/HS2fLv2W8AAi0la.jpg', 'https://pbs.twimg.com/media/HS2fMHiXMAA9oP5.jpg']",True,@UMVbogota,to:UMVBogota (hueco OR bache OR daño OR calle OR avenida OR vía OR pavimentar OR arreglo OR cráter),Scrapfly Search,2026-09-29T15:02:38-05:00
comment_00095,comentario,2080753295929344276,2080753279567269908,2080753066173694198,https://x.com/desconocido/status/2080753295929344276,@desconocido,,True,"En la #EntidadDeLosBarrios sabemos que nuestro compromiso con Bogotá no termina cuando mejoramos una vía. También está presente en la forma en que administramos los recursos, promovemos la economía circular y protegemos el ambiente. 💚

#AquíSíPasa✨ https://t.co/IReKTrfXbL",2026-07-24T20:33:38+00:00,es,4,0,0,0,55,0,True,"['https://pbs.twimg.com/media/HOBSFpIWYAA0ruw.jpg', 'https://pbs.twimg.com/media/HOBSFpJXwAAIVJv.jpg']",True,@UMVbogota,to:UMVBogota (hueco OR bache OR daño OR calle OR avenida OR vía OR pavimentar OR arreglo OR cráter),Scrapfly Search,2026-09-29T15:02:38-05:00
comment_00096,comentario,2078586756115333289,2078586743062663640,2078586743062663640,https://x.com/desconocido/status/2078586756115333289,@desconocido,,True,"⚪️En este barrio realizamos trabajos de cambio de carpeta para recuperar más de 2.300 m² de vía y renovar 12 segmentos completos, una intervención esperada durante años por los habitantes de la localidad. https://t.co/UoCVSn0CPo",2026-07-18T21:04:35+00:00,es,5,1,1,0,88,0,True,"['https://pbs.twimg.com/media/HNifopYW4AA0Ph_.jpg', 'https://pbs.twimg.com/media/HNifopfXYAA3f3q.jpg']",True,@UMVbogota,to:UMVBogota (hueco OR bache OR daño OR calle OR avenida OR vía OR pavimentar OR arreglo OR cráter),Scrapfly Search,2026-09-29T15:02:38-05:00
comment_00097,comentario,2067772084327968909,2067767239336493402,2067767239336493402,https://x.com/desconocido/status/2067772084327968909,@desconocido,,True,"🥰Aquí, las entidades ya renovamos más de 1.220 m2 de vía para los vecinos del sector. Además, se tiene previsto una intervención total de 2.165 m2, que sin duda, mejorarán la calidad de vida del sector.  

Así trabaja, día y noche, #LaEntidadDeLosBarrios https://t.co/xb4oabKwuo",2026-06-19T00:50:56+00:00,es,2,0,0,0,286,0,True,['https://pbs.twimg.com/media/HLIzsoOXUAEmha1.jpg'],True,@UMVbogota,to:UMVBogota (hueco OR bache OR daño OR calle OR avenida OR vía OR pavimentar OR arreglo OR cráter),Scrapfly Search,2026-09-29T15:02:38-05:00
comment_00098,comentario,2056112021620330614,2056108708090769540,2056107600689660351,https://x.com/desconocido/status/2056112021620330614,@desconocido,,True,"👷🏽Dentro de las actividades realizadas instalamos más de 4.100 sardineles para organizar el espacio, mejorar la seguridad vial y facilitar el manejo de aguas lluvias. Esta intervención ayuda a prevenir inundaciones y proteger la estructura de la vía.💧 https://t.co/GDJRv0e8KB",2026-05-17T20:38:01+00:00,es,3,0,1,0,120,0,True,"['https://pbs.twimg.com/media/HIjG_BjXgAAJnXQ.jpg', 'https://pbs.twimg.com/media/HIjG_BjXQAEJZEp.jpg']",True,@UMVbogota,to:UMVBogota (hueco OR bache OR daño OR calle OR avenida OR vía OR pavimentar OR arreglo OR cráter),Scrapfly Search,2026-09-29T15:02:38-05:00
comment_00099,comentario,2047562347418407004,2047524297099350446,2047522000923418752,https://x.com/desconocido/status/2047562347418407004,@desconocido,,True,"@Fontibon_Bogota En el barrio Veraguas, en @PuenteAranda_, intervenimos esta noche más de 220 m² de vía, junto a la Alcaldía Local.

Beneficiaremos a residentes y comerciantes de la UPZ Ciudad Montes.

Impactaremos corredores por donde transitan 28 rutas del SITP. 🚌

💛 #LaEntidadDeLosBarrios https://t.co/dOkSpMQ1sk",2026-04-24T06:24:40+00:00,es,2,0,0,0,138,0,True,"['https://pbs.twimg.com/media/HGpnGaYXEAAF0C6.jpg', 'https://pbs.twimg.com/media/HGpnGaVWkAAI67B.jpg', 'https://pbs.twimg.com/media/HGpnGaVWYAALMks.jpg']",True,@UMVbogota,to:UMVBogota (hueco OR bache OR daño OR calle OR avenida OR vía OR pavimentar OR arreglo OR cráter),Scrapfly Search,2026-09-29T15:02:38-05:00
comment_00100,comentario,2104981200502653147,2104824473405083901,2104824473405083901,https://x.com/desconocido/status/2104981200502653147,@desconocido,,False,"@idubogota Reparando vías que no tiene huecos, mientras otras parecen trochas. La calle 26 sur entre carreras 26-27 echa mierda.",2026-09-29T17:06:41+00:00,es,0,0,0,0,2,0,False,[],True,@idubogota,to:idubogota (hueco OR bache OR cráter OR deterioro OR vía OR obras OR pavimento OR calle),Scrapfly Search,2026-09-29T15:02:38-05:00
comment_00101,comentario,2104918584132571320,2104915345781952802,2104915345781952802,https://x.com/desconocido/status/2104918584132571320,@desconocido,,False,@idubogota Claro la luz les dará captura 😀... Vía ... El negocio socioooo,2026-09-29T12:57:52+00:00,es,0,0,0,0,3,0,False,[],True,@idubogota,to:idubogota (hueco OR bache OR cráter OR deterioro OR vía OR obras OR pavimento OR calle),Scrapfly Search,2026-09-29T15:02:38-05:00
comment_00102,comentario,2104568492334657810,2104563769464525005,2104563769464525005,https://x.com/desconocido/status/2104568492334657810,@desconocido,,True,"@idubogota @Bogota @OrlandoMolanoP @CarlosFGalan @ernestocortes28 @manolitosalazar La vía patios es usada de manera irresponsable por los ciclistas, no tiene ciclovia, no es mejor anchar la vía para que todos los actores puedan usarla",2026-09-28T13:46:44+00:00,es,2,0,1,0,33,0,False,[],True,@idubogota,to:idubogota (hueco OR bache OR cráter OR deterioro OR vía OR obras OR pavimento OR calle),Scrapfly Search,2026-09-29T15:02:38-05:00
comment_00103,comentario,2104378903804449240,2104216147952607406,2104216147952607406,https://x.com/desconocido/status/2104378903804449240,@desconocido,,False,@idubogota @CarlosFGalan @PachoAlerta @OrlandoMolanoP @Bogota @manolitosalazar @ernestocortes28 Un poco ineficiente e improvisado. Se quedaron por fuera los usuarios de las bicicletas eléctricas. Esta mucho mejor estructurado el puente de av Boyacá con calle 80.,2026-09-28T01:13:22+00:00,es,1,0,1,0,69,0,False,[],True,@idubogota,to:idubogota (hueco OR bache OR cráter OR deterioro OR vía OR obras OR pavimento OR calle),Scrapfly Search,2026-09-29T15:02:38-05:00
comment_00104,comentario,2104331333983932435,2104218709954867708,2104218709954867708,https://x.com/desconocido/status/2104331333983932435,@desconocido,,False,"@idubogota @OrlandoMolanoP @CarlosFGalan @Bogota @manolitosalazar @ernestocortes28 @PachoAlerta Señores IDU, si pueden revisar las condiciones de los ya existentes, les agradecemos. Vayan al puente peatonal de la calle 64 C con Boyacá. Esos vecinos han hecho de todo ""SOLOS"" para defenderse de la inseguridad. Al menos ponganles un puente que valga la pena.",2026-09-27T22:04:21+00:00,es,2,0,0,0,237,0,False,[],True,@idubogota,to:idubogota (hueco OR bache OR cráter OR deterioro OR vía OR obras OR pavimento OR calle),Scrapfly Search,2026-09-29T15:02:38-05:00
comment_00105,comentario,2104312891851878792,2104218709954867708,2104218709954867708,https://x.com/desconocido/status/2104312891851878792,@desconocido,,False,"@idubogota @OrlandoMolanoP @CarlosFGalan @Bogota @manolitosalazar @ernestocortes28 @PachoAlerta Ahora quiten el semaforo de la calle 53 x boyaca, normandia puede salir por la 26 y la 63 hacia el centro o chapinero",2026-09-27T20:51:04+00:00,es,2,0,0,0,160,0,False,[],True,@idubogota,to:idubogota (hueco OR bache OR cráter OR deterioro OR vía OR obras OR pavimento OR calle),Scrapfly Search,2026-09-29T15:02:38-05:00
comment_00106,comentario,2104303323671376339,2104204792645984591,2104204792645984591,https://x.com/desconocido/status/2104303323671376339,@desconocido,,False,"@idubogota @OrlandoMolanoP @ernestocortes28 @CarlosFGalan @Bogota Yo literalmente empecé un pregrado cuando empezaron las obras, me gradué y esa mierda no la acabaron",2026-09-27T20:13:03+00:00,es,2,0,0,0,202,0,False,[],True,@idubogota,to:idubogota (hueco OR bache OR cráter OR deterioro OR vía OR obras OR pavimento OR calle),Scrapfly Search,2026-09-29T15:02:38-05:00
comment_00107,comentario,2104277345003569521,2104216147952607406,2104216147952607406,https://x.com/desconocido/status/2104277345003569521,@desconocido,,True,@idubogota @CarlosFGalan @PachoAlerta @OrlandoMolanoP @Bogota @manolitosalazar @ernestocortes28 Estas son las obras que la ciudad necesita. Este puente es espectacular. Que bueno que en toda la ciudad los puentes peatonales fueran de última tecnología.,2026-09-27T18:29:49+00:00,es,1,0,0,0,64,0,False,[],True,@idubogota,to:idubogota (hueco OR bache OR cráter OR deterioro OR vía OR obras OR pavimento OR calle),Scrapfly Search,2026-09-29T15:02:38-05:00
comment_00108,comentario,2104268112656847206,2104216147952607406,2104216147952607406,https://x.com/desconocido/status/2104268112656847206,@desconocido,,False,"@idubogota @CarlosFGalan @PachoAlerta @OrlandoMolanoP @Bogota @manolitosalazar @ernestocortes28 ¡ Quiere decir que los semáforos NO FUNCIONAN ! 

...a menos qué haya un contratico por ahí 

Cof ! Cof ! Glorieta Calle 63 ! 💰 https://t.co/6Vyvbzl4Hc",2026-09-27T17:53:08+00:00,es,0,0,0,0,80,0,True,['https://pbs.twimg.com/tweet_video_thumb/HTPcsCWWQAA8vBh.jpg'],True,@idubogota,to:idubogota (hueco OR bache OR cráter OR deterioro OR vía OR obras OR pavimento OR calle),Scrapfly Search,2026-09-29T15:02:38-05:00
comment_00109,comentario,2104261171029192847,2104218709954867708,2104218709954867708,https://x.com/desconocido/status/2104261171029192847,@desconocido,,False,"@idubogota @OrlandoMolanoP @CarlosFGalan @Bogota @manolitosalazar @ernestocortes28 @PachoAlerta Quitaron el semáforo pero abrieron obras drentta multiplaza, porque seguimos con la maña de todas las obras al tiempo, así que igual, con puente y sin semáforo, el trancón es el mismo",2026-09-27T17:25:33+00:00,es,1,0,0,0,149,0,False,[],True,@idubogota,to:idubogota (hueco OR bache OR cráter OR deterioro OR vía OR obras OR pavimento OR calle),Scrapfly Search,2026-09-29T15:02:38-05:00
comment_00110,comentario,2104244046927651125,2103683599274754347,2103683599274754347,https://x.com/desconocido/status/2104244046927651125,@desconocido,,False,"@idubogota @PoliciaBogota @CarlosFGalan @OrlandoMolanoP @Bogota @ernestocortes28 @manolitosalazar @PachoAlerta @AlertaBogota Es muy importante y responsable, arreglar el puente de la av68 con calle 80 al lado de Tugo ya falta varias láminas",2026-09-27T16:17:30+00:00,es,0,0,0,0,21,0,False,[],True,@idubogota,to:idubogota (hueco OR bache OR cráter OR deterioro OR vía OR obras OR pavimento OR calle),Scrapfly Search,2026-09-29T15:02:38-05:00
comment_00111,comentario,2104236545876042047,2104216147952607406,2104216147952607406,https://x.com/desconocido/status/2104236545876042047,@desconocido,,False,@idubogota @CarlosFGalan @PachoAlerta @OrlandoMolanoP @Bogota @manolitosalazar @ernestocortes28 Listo ya ahora seguimos con el mismo problema la 68 Para cuando ? Cuantas prorrogas le faltan a esa vía,2026-09-27T15:47:42+00:00,es,0,0,0,0,256,0,False,[],True,@idubogota,to:idubogota (hueco OR bache OR cráter OR deterioro OR vía OR obras OR pavimento OR calle),Scrapfly Search,2026-09-29T15:02:38-05:00
comment_00112,comentario,2104227796717355234,2104218709954867708,2104218709954867708,https://x.com/desconocido/status/2104227796717355234,@desconocido,,False,@idubogota @OrlandoMolanoP @CarlosFGalan @Bogota @manolitosalazar @ernestocortes28 @PachoAlerta Esperamos con ansias lo mismo en la misma avenida Boyacá a la altura de la calle 116,2026-09-27T15:12:56+00:00,es,2,0,0,0,368,0,False,[],True,@idubogota,to:idubogota (hueco OR bache OR cráter OR deterioro OR vía OR obras OR pavimento OR calle),Scrapfly Search,2026-09-29T15:02:38-05:00
comment_00113,comentario,2104226837278711910,2104188612086546645,2104188612086546645,https://x.com/desconocido/status/2104226837278711910,@desconocido,,False,@idubogota @UMVbogota @OrlandoMolanoP @ernestocortes28 @GobiernoBTA @Bogota @CarlosFGalan Ya quitaron el semáforo? O lo van a dejar porqué la calle qué da a la Boyacá?,2026-09-27T15:09:07+00:00,es,0,0,0,0,57,0,False,[],True,@idubogota,to:idubogota (hueco OR bache OR cráter OR deterioro OR vía OR obras OR pavimento OR calle),Scrapfly Search,2026-09-29T15:02:38-05:00
comment_00114,comentario,2104197541629923484,2103954293539701239,2103954293539701239,https://x.com/desconocido/status/2104197541629923484,@desconocido,,False,"@idubogota @OrlandoMolanoP @ernestocortes28 @CarlosFGalan @Bogota Necesitamos obras terminadas!! No más transformaciones, obras funcionales!!!",2026-09-27T13:12:42+00:00,es,0,0,0,0,33,0,False,[],True,@idubogota,to:idubogota (hueco OR bache OR cráter OR deterioro OR vía OR obras OR pavimento OR calle),Scrapfly Search,2026-09-29T15:02:38-05:00
comment_00115,comentario,2103895965522415853,2103610098920673374,2103610098920673374,https://x.com/desconocido/status/2103895965522415853,@desconocido,,False,"@idubogota @OrlandoMolanoP @CarlosFGalan @Bogota Depronto vio el Megatrancon que tienen armado en el puente de Venecia que quedó peor que antes, más pequeño y el trancon que de ahí en adelante se hace x la 68, después de 5 años no terminan y pasan los meses sin entregas. Una vía que debió quedar de 4 carriles para tráfico mixto",2026-09-26T17:14:21+00:00,es,0,0,0,0,62,0,False,[],True,@idubogota,to:idubogota (hueco OR bache OR cráter OR deterioro OR vía OR obras OR pavimento OR calle),Scrapfly Search,2026-09-29T15:02:38-05:00
comment_00116,comentario,2103819419403063696,2103610098920673374,2103610098920673374,https://x.com/desconocido/status/2103819419403063696,@desconocido,,False,"@idubogota @OrlandoMolanoP @CarlosFGalan @Bogota Feliz por las obras.
 Un amable comentario, otra música estaría mejor.",2026-09-26T12:10:11+00:00,es,0,0,0,0,12,0,False,[],True,@idubogota,to:idubogota (hueco OR bache OR cráter OR deterioro OR vía OR obras OR pavimento OR calle),Scrapfly Search,2026-09-29T15:02:38-05:00
comment_00117,comentario,2103661950919987398,2103610098920673374,2103610098920673374,https://x.com/desconocido/status/2103661950919987398,@desconocido,,False,"@idubogota @OrlandoMolanoP @CarlosFGalan @Bogota ¿Pasaron por todas la obras?
No pasaron por la obra ABANDONADA de la Av. Cali.
Solo estos nefastos, @TransMilenio y @CarlosFGalan vinieron a ""celebrar a los grande"" la apertura de una troncal que está a medio terminar y destruida hace más de un año. Y no volvieron.
Ineptos.",2026-09-26T01:44:27+00:00,es,1,0,0,0,44,0,False,[],True,@idubogota,to:idubogota (hueco OR bache OR cráter OR deterioro OR vía OR obras OR pavimento OR calle),Scrapfly Search,2026-09-29T15:02:38-05:00
comment_00118,comentario,2103649999846297752,2103610098920673374,2103610098920673374,https://x.com/desconocido/status/2103649999846297752,@desconocido,,False,"@idubogota @OrlandoMolanoP @CarlosFGalan @Bogota En los más de 40 años que tengo de vida creo que este sr director es el que más ha trabajado en esta ciudad, se nota que hace un trabajo serio en terreno , supervisando , verificando y sancionando, se ven las obras en Bogotá ojalá que su sucesor salga igual d eficiente 👏🏻👏🏻👏🏻👏🏻",2026-09-26T00:56:58+00:00,es,0,0,0,0,44,0,False,[],True,@idubogota,to:idubogota (hueco OR bache OR cráter OR deterioro OR vía OR obras OR pavimento OR calle),Scrapfly Search,2026-09-29T15:02:38-05:00
comment_00119,comentario,2103633791944175909,2103610098920673374,2103610098920673374,https://x.com/desconocido/status/2103633791944175909,@desconocido,,False,@idubogota @OrlandoMolanoP @CarlosFGalan @Bogota Esto lo puse en otro lado. Como van a terminar esto en 20 días?. Esta cosa genera trancon desde la calle 68 hasta ahi todos los días. Si paso por ahí??? https://t.co/vX67Fpcdkd,2026-09-25T23:52:34+00:00,es,3,0,0,0,69,0,True,"['https://pbs.twimg.com/media/HTGbxocXkAEvZyO.jpg', 'https://pbs.twimg.com/media/HTGbxofXkAAkw87.jpg', 'https://pbs.twimg.com/media/HTGbxogWcAAnwGm.jpg']",True,@idubogota,to:idubogota (hueco OR bache OR cráter OR deterioro OR vía OR obras OR pavimento OR calle),Scrapfly Search,2026-09-29T15:02:38-05:00
comment_00120,comentario,2103509523646623783,2103260579439771686,2103260579439771686,https://x.com/desconocido/status/2103509523646623783,@desconocido,,False,"@idubogota @LaRolitaBog @CarlosFGalan En la Calle 45 entre L7 y AK1 hicieron la tercera parte de la Obra, el contratista les quedó mal y al acabarla quedaron 2 cuadras en un solo sentido de “vía nueva”.
Tramposos.",2026-09-25T15:38:46+00:00,es,0,0,0,0,49,0,False,[],True,@idubogota,to:idubogota (hueco OR bache OR cráter OR deterioro OR vía OR obras OR pavimento OR calle),Scrapfly Search,2026-09-29T15:02:38-05:00
comment_00121,comentario,2103507885325963523,2103260579439771686,2103260579439771686,https://x.com/desconocido/status/2103507885325963523,@desconocido,,True,"@idubogota @CarlosFGalan Lo irónico del caso es que mucha gente no entiende que destrabar las obras es una tarea nada fácil, y simplemente envían pullas irresponsables acusando a la alcaldía actual de no hacer nada o de no hacerlo a la velocidad que según ellos es la apropiada…",2026-09-25T15:32:15+00:00,es,1,0,0,0,28,0,False,[],True,@idubogota,to:idubogota (hueco OR bache OR cráter OR deterioro OR vía OR obras OR pavimento OR calle),Scrapfly Search,2026-09-29T15:02:38-05:00
comment_00122,comentario,2103490336135774402,2103260579439771686,2103260579439771686,https://x.com/desconocido/status/2103490336135774402,@desconocido,,False,@idubogota @CarlosFGalan @vidjcb su # es solo humo. Este @idubogota si termina las obras.,2026-09-25T14:22:31+00:00,es,0,0,0,0,17,0,False,[],True,@idubogota,to:idubogota (hueco OR bache OR cráter OR deterioro OR vía OR obras OR pavimento OR calle),Scrapfly Search,2026-09-29T15:02:38-05:00
comment_00123,comentario,2103469907639750760,2103260579439771686,2103260579439771686,https://x.com/desconocido/status/2103469907639750760,@desconocido,,False,@idubogota @CarlosFGalan Todo ese dinero 💸 en esas pocas obras en Bogotá,2026-09-25T13:01:21+00:00,es,0,0,0,0,88,0,False,[],True,@idubogota,to:idubogota (hueco OR bache OR cráter OR deterioro OR vía OR obras OR pavimento OR calle),Scrapfly Search,2026-09-29T15:02:38-05:00
comment_00124,comentario,2103444750561157502,2103260579439771686,2103260579439771686,https://x.com/desconocido/status/2103444750561157502,@desconocido,,False,"@idubogota @GobiernoBTA @CarlosFGalan Muy bien alcaldía  también al 
 Ido, hemos dejado el atraso y poco a poco vemos las obras y ver a nuestra ciudad como la queremos",2026-09-25T11:21:23+00:00,es,1,0,0,0,56,0,False,[],True,@idubogota,to:idubogota (hueco OR bache OR cráter OR deterioro OR vía OR obras OR pavimento OR calle),Scrapfly Search,2026-09-29T15:02:38-05:00
comment_00125,comentario,2103294737230844331,2103260579439771686,2103260579439771686,https://x.com/desconocido/status/2103294737230844331,@desconocido,,False,"@idubogota @CarlosFGalan Destrabar las obras q dejo el genio @EnriquePenalosa ? Noooo
O la ineficiente @ClaudiaLopez 
Y las destraba como? Abriendo más frentes de obra ?
Malnacidos",2026-09-25T01:25:17+00:00,es,2,0,0,0,102,0,False,[],True,@idubogota,to:idubogota (hueco OR bache OR cráter OR deterioro OR vía OR obras OR pavimento OR calle),Scrapfly Search,2026-09-29T15:02:38-05:00
comment_00127,comentario,2103269105424048245,2103260579439771686,2103260579439771686,https://x.com/desconocido/status/2103269105424048245,@desconocido,,False,"@idubogota @CarlosFGalan Para cuando la terminación del interconector de la avenida las américas con av 68 , esa obra va a completar 5 años causando toda clase de traumatismos en la movilidad. Eso afecta el normal desarrollo económico de la ciudad si se tiene en cuenta que es la única vía para llegar a",2026-09-24T23:43:26+00:00,es,7,0,0,0,238,0,False,[],True,@idubogota,to:idubogota (hueco OR bache OR cráter OR deterioro OR vía OR obras OR pavimento OR calle),Scrapfly Search,2026-09-29T15:02:38-05:00
comment_00128,comentario,2103267546224849054,2103260579439771686,2103260579439771686,https://x.com/desconocido/status/2103267546224849054,@desconocido,,True,"@idubogota @CarlosFGalan RT @idubogota: Destrabar las obras de Bogotá ha sido una de las principales tareas de la Administración del alcalde @CarlosFGalan.

La inst…",2026-09-24T23:37:14+00:00,es,0,0,0,0,289,0,False,[],True,@idubogota,to:idubogota (hueco OR bache OR cráter OR deterioro OR vía OR obras OR pavimento OR calle),Scrapfly Search,2026-09-29T15:02:38-05:00
comment_00129,comentario,2103261482574106949,2103260579439771686,2103260579439771686,https://x.com/desconocido/status/2103261482574106949,@desconocido,,False,@idubogota @CarlosFGalan Pero si los obreros trabajan en horario de oficina.asi no funciona nada..obras de alto impacto deben tener trabajadores las 24 horas ..no más contratistas haciendo negocio con demoras en las obras..,2026-09-24T23:13:08+00:00,es,4,0,0,0,161,0,False,[],True,@idubogota,to:idubogota (hueco OR bache OR cráter OR deterioro OR vía OR obras OR pavimento OR calle),Scrapfly Search,2026-09-29T15:02:38-05:00
comment_00131,comentario,2103193186730438900,2103038116374167905,2103038116374167905,https://x.com/desconocido/status/2103193186730438900,@desconocido,,False,@idubogota Porqué no trasladan a esos trabajadores a la Av Cali  o a la Av 68 que ya van para 8 años sin terminar de colocar una vía que no se cae y que no necesita tuneladoras ?,2026-09-24T18:41:45+00:00,es,11,2,0,0,560,0,False,[],True,@idubogota,to:idubogota (hueco OR bache OR cráter OR deterioro OR vía OR obras OR pavimento OR calle),Scrapfly Search,2026-09-29T15:02:38-05:00
comment_00132,comentario,2102981416866738500,2102450759413420398,2102450759413420398,https://x.com/desconocido/status/2102981416866738500,@desconocido,,False,@idubogota @CarlosFGalan @OrlandoMolanoP @Bogota @manolitosalazar @ernestocortes28 @PachoAlerta @SectorMovilidad @Maferoc Prefiero que me atropelle un Transmilenio por pasarme por toda la calle.,2026-09-24T04:40:15+00:00,es,0,0,0,0,46,0,False,[],True,@idubogota,to:idubogota (hueco OR bache OR cráter OR deterioro OR vía OR obras OR pavimento OR calle),Scrapfly Search,2026-09-29T15:02:38-05:00
comment_00133,comentario,2102892100844970213,2102797896785575958,2102797896785575958,https://x.com/desconocido/status/2102892100844970213,@desconocido,,False,"@idubogota @OrlandoMolanoP @ConcejoDeBogota Toda la burocracia en pleno para cobrar más impuestos 
Utilizan las redes para llenar las redes con la misma mentira 
Deberiaestar mirando como reducir burocracia en lugar de sacarnos más plata que no ejecutan
No vigilan las obras y publican avance del 0.01% en tal obra
Nefasto",2026-09-23T22:45:21+00:00,es,0,0,0,0,9,0,False,[],True,@idubogota,to:idubogota (hueco OR bache OR cráter OR deterioro OR vía OR obras OR pavimento OR calle),Scrapfly Search,2026-09-29T15:02:38-05:00
comment_00134,comentario,2102840024320352437,2102834081541013920,2102433767700766758,https://x.com/desconocido/status/2102840024320352437,@desconocido,,False,"@idubogota @OrlandoMolanoP @ConcejoDeBogota Buen día esta vía es la que viene del Rincón que es la 91 hasta centro suba.
De la palma hasta el colegio mercedario los estan andenes en mal estado.",2026-09-23T19:18:25+00:00,es,0,0,0,0,9,0,False,[],True,@idubogota,to:idubogota (hueco OR bache OR cráter OR deterioro OR vía OR obras OR pavimento OR calle),Scrapfly Search,2026-09-29T15:02:38-05:00
comment_00135,comentario,2102801295895679480,2102450759413420398,2102450759413420398,https://x.com/desconocido/status/2102801295895679480,@desconocido,,False,"@idubogota @CarlosFGalan @OrlandoMolanoP @Bogota @manolitosalazar @ernestocortes28 @PachoAlerta @SectorMovilidad @Maferoc Hasta cuándo la corrupción de @Bogota quien le pone un freno a esto, obras construidas con los impuestos de Miles y Miles de personas para el beneficio de una empresa en decadencia como el TM mientras la ciudad se ahoga en trancones en inseguridad, solo les interesa el negocio",2026-09-23T16:44:31+00:00,es,2,0,0,0,888,0,False,[],True,@idubogota,to:idubogota (hueco OR bache OR cráter OR deterioro OR vía OR obras OR pavimento OR calle),Scrapfly Search,2026-09-29T15:02:38-05:00
comment_00136,comentario,2104992794238660826,2104989012188442781,2104989012188442781,https://x.com/desconocido/status/2104992794238660826,@desconocido,,False,"@SectorMovilidad Triste pérdida de una vida. Señores conductores de moto, entiendan que ahorrarse un retorno metiéndose al carril de TransMilenio les puede costar todo. Tienen el transporte más eficiente en consumo de combustible, no hay excusa para cometer semejante imprudencia",2026-09-29T17:52:45+00:00,es,0,0,0,0,35,0,False,[],True,@SectorMovilidad,to:SectorMovilidad (hueco OR bache OR accidente OR peligro OR moto OR ciclista OR cráter),Scrapfly Search,2026-09-29T15:02:38-05:00
comment_00137,comentario,2103911295590207882,2103837338568704094,2103837338568704094,https://x.com/desconocido/status/2103911295590207882,@desconocido,,True,@SectorMovilidad Con estos acá... podríamos ir solucionando eso de que cualquier malparido va dejando su carro o moto en cualquier lado. https://t.co/9k2SHYillz,2026-09-26T18:15:16+00:00,es,1,0,0,0,275,0,True,['https://pbs.twimg.com/media/HTKX8ZAXcAApFrW.jpg'],True,@SectorMovilidad,to:SectorMovilidad (hueco OR bache OR accidente OR peligro OR moto OR ciclista OR cráter),Scrapfly Search,2026-09-29T15:02:38-05:00
comment_00138,comentario,2103890745627201788,2103837338568704094,2103837338568704094,https://x.com/desconocido/status/2103890745627201788,@desconocido,,False,"@SectorMovilidad Al distrito claramente no le importan sus empleados, cualquiera que conozca esta ciudad sabe lo violentas que pueden ser algunas personas cuando les dicen que están haciendo algo mal, ahora imagínense cuando a eso se le sume que le peguen esos stickers...que peligro la ignorancia",2026-09-26T16:53:36+00:00,es,0,0,1,0,120,0,False,[],True,@SectorMovilidad,to:SectorMovilidad (hueco OR bache OR accidente OR peligro OR moto OR ciclista OR cráter),Scrapfly Search,2026-09-29T15:02:38-05:00
comment_00139,comentario,2103825402972282977,2103485451503808586,2103485451503808586,https://x.com/desconocido/status/2103825402972282977,@desconocido,,False,"@SectorMovilidad ya que estan con temas de culrura ciudadana, por que no le ponen calcomanias de calaveras a los moto suicidas",2026-09-26T12:33:57+00:00,es,0,0,0,0,5,0,False,[],True,@SectorMovilidad,to:SectorMovilidad (hueco OR bache OR accidente OR peligro OR moto OR ciclista OR cráter),Scrapfly Search,2026-09-29T15:02:38-05:00
comment_00141,comentario,2103534559635665124,2103485451503808586,2103485451503808586,https://x.com/desconocido/status/2103534559635665124,@desconocido,,False,"@SectorMovilidad En la av calle 153 con Boyaca muchos conductores especialmente motos en vez de tomarla rotonda para tomar la Boyaca hacia el sur, giran hacia el sur y ponen en peligro a los peatones que vamos pasando dicha avenida. Es urgente un control con personal de tránsito para evitarlo",2026-09-25T17:18:15+00:00,es,0,0,0,0,67,0,False,[],True,@SectorMovilidad,to:SectorMovilidad (hueco OR bache OR accidente OR peligro OR moto OR ciclista OR cráter),Scrapfly Search,2026-09-29T15:02:38-05:00
comment_00144,comentario,2103130945100669402,2102850490661060918,2102850490661060918,https://x.com/desconocido/status/2103130945100669402,@desconocido,,False,"@SectorMovilidad JAJAJA EN EL VIDEO METEN UNA MOTO ELECTRICA CIRCULANDO POR DONDE NO DEBE DEBIDO A ESE TRANCON TAN HIJUEPUTA QUE SE ARMA AHI POR CULPA DE SUS SEMAFOROS, JAJAJAJA",2026-09-24T14:34:26+00:00,es,0,0,0,0,22,0,False,[],True,@SectorMovilidad,to:SectorMovilidad (hueco OR bache OR accidente OR peligro OR moto OR ciclista OR cráter),Scrapfly Search,2026-09-29T15:02:38-05:00
comment_00145,comentario,2102950062901076367,2102850490661060918,2102850490661060918,https://x.com/desconocido/status/2102950062901076367,@desconocido,,False,"@SectorMovilidad Siguen defendiendo lo indefendible 😂

Son tan pésimos en lo que hacen que suben un video con una moto eléctrica circulando por donde no debe!  😂 
Que vamos a hacer con estos de movilidad 🤦🏻‍♂️",2026-09-24T02:35:40+00:00,es,7,0,0,0,101,0,False,[],True,@SectorMovilidad,to:SectorMovilidad (hueco OR bache OR accidente OR peligro OR moto OR ciclista OR cráter),Scrapfly Search,2026-09-29T15:02:38-05:00
comment_00147,comentario,2102858422156722308,2102850490661060918,2102850490661060918,https://x.com/desconocido/status/2102858422156722308,@desconocido,,False,@SectorMovilidad Bonito el vídeo con una moto eléctrica que no debe ir por ahí ! 🤡 vergüenza !,2026-09-23T20:31:31+00:00,es,3,1,0,0,103,0,False,[],True,@SectorMovilidad,to:SectorMovilidad (hueco OR bache OR accidente OR peligro OR moto OR ciclista OR cráter),Scrapfly Search,2026-09-29T15:02:38-05:00
comment_00150,comentario,2102724354278617166,2102527897336529150,2102527897336529150,https://x.com/desconocido/status/2102724354278617166,@desconocido,,False,"@SectorMovilidad Carrera 24 llegando a la av boyaca, sector tunal, un accidente tiene detenida la via.",2026-09-23T11:38:47+00:00,es,0,0,0,0,131,0,False,[],True,@SectorMovilidad,to:SectorMovilidad (hueco OR bache OR accidente OR peligro OR moto OR ciclista OR cráter),Scrapfly Search,2026-09-29T15:02:38-05:00
comment_00151,comentario,2102538284396118070,2102432616192635092,2102432616192635092,https://x.com/desconocido/status/2102538284396118070,@desconocido,,False,"@SectorMovilidad Si en realidad se preocuparan por los peatones, estarían controlando tanto motociclista y ciclista que anda a mil por los andenes, tanto taxista que no respeta las señales de tránsito y tanto bocitaxi que hace lo que le da la gana",2026-09-22T23:19:24+00:00,es,0,0,0,0,20,0,False,[],True,@SectorMovilidad,to:SectorMovilidad (hueco OR bache OR accidente OR peligro OR moto OR ciclista OR cráter),Scrapfly Search,2026-09-29T15:02:38-05:00
comment_00152,comentario,2102531290062885160,2102488104380649807,2102488104380649807,https://x.com/desconocido/status/2102531290062885160,@desconocido,,False,"@SectorMovilidad Por qué no le pregunta a alguien en carro o moto?

Por qué nosotros pagamos impuestos para que la movilidad fluya y uds son enemigos jurados de la movilidad en Bogotá para vehículos, por qué?

Les es muy difícil comprender las palabras PUENTE PEATONAL??",2026-09-22T22:51:37+00:00,es,10,0,1,0,145,0,False,[],True,@SectorMovilidad,to:SectorMovilidad (hueco OR bache OR accidente OR peligro OR moto OR ciclista OR cráter),Scrapfly Search,2026-09-29T15:02:38-05:00
comment_00153,comentario,2102401954181738853,2102363140830986720,2102363140830986720,https://x.com/desconocido/status/2102401954181738853,@desconocido,,False,"@SectorMovilidad Tanta justificación solo nos da la razón; qué horror, qué asco y qué tremenda afectación para quienes transitamos frecuentemente por ahí. Gracias por EMPEORAR nuestra muy regular calidad de vida.
Pd: también soy ciclista y siempre pasaba perfectamente por el round point.",2026-09-22T14:17:41+00:00,es,2,0,0,0,81,0,False,[],True,@SectorMovilidad,to:SectorMovilidad (hueco OR bache OR accidente OR peligro OR moto OR ciclista OR cráter),Scrapfly Search,2026-09-29T15:02:38-05:00
comment_00154,comentario,2104380003710316922,2104295853913489544,2104295853913489544,https://x.com/desconocido/status/2104380003710316922,@desconocido,,False,@EnriquePenalosa No se puede ser más obtuso y retrasado. El tipo que condenó a Bogotá a no tener un metro subterráneo persiste en su disparate. Decir que una línea subterránea de metro es mala por una inundación es como decir que una vía es inservible porque tiene un hueco.,2026-09-28T01:17:45+00:00,es,0,0,0,0,44,0,False,[],True,@EnriquePenalosa,"(""hueco"" OR ""bache"" OR ""malla vial"") (Bogotá OR Bogota) filter:replies -fiscal lang:es",Scrapfly Search,2026-09-29T15:02:38-05:00
comment_00155,comentario,2104224504683602158,2103959417687626138,2103959417687626138,https://x.com/desconocido/status/2104224504683602158,@desconocido,,False,@EnriquePenalosa Bogotá es un hueco. No saben de dónde más sacar plata,2026-09-27T14:59:51+00:00,es,0,0,0,0,3,0,False,[],True,@EnriquePenalosa,"(""hueco"" OR ""bache"" OR ""malla vial"") (Bogotá OR Bogota) filter:replies -fiscal lang:es",Scrapfly Search,2026-09-29T15:02:38-05:00
comment_00156,comentario,2104113538776142052,2103920503341580542,2103920503341580542,https://x.com/desconocido/status/2104113538776142052,@desconocido,,False,@lopezjosedaniel Por eso bogota es un hueco,2026-09-27T07:38:54+00:00,es,0,0,0,0,26,0,False,[],True,@lopezjosedaniel,"(""hueco"" OR ""bache"" OR ""malla vial"") (Bogotá OR Bogota) filter:replies -fiscal lang:es",Scrapfly Search,2026-09-29T15:02:38-05:00
comment_00157,comentario,2103815175208067346,2103664921607029107,2103664921607029107,https://x.com/desconocido/status/2103815175208067346,@desconocido,,False,@AlexaRochi__ Algo tiene que hacerse con Bogota que hueco tan hp. https://t.co/KF4raTZcTA,2026-09-26T11:53:19+00:00,es,152,2,2,0,3766,0,True,['https://pbs.twimg.com/media/HTJAwDTW0AA6PNT.jpg'],True,@AlexaRochi__,"(""hueco"" OR ""bache"" OR ""malla vial"") (Bogotá OR Bogota) filter:replies -fiscal lang:es",Scrapfly Search,2026-09-29T15:02:38-05:00
comment_00158,comentario,2103631338729345367,2103297661763764323,2103297661763764323,https://x.com/desconocido/status/2103631338729345367,@desconocido,,False,@JD_Quinteror A punta de robarse a Bogotá pero tapar el hueco de esos robos con impuestos felicitaciones concejal,2026-09-25T23:42:49+00:00,es,0,0,0,0,13,0,False,[],True,@JD_Quinteror,"(""hueco"" OR ""bache"" OR ""malla vial"") (Bogotá OR Bogota) filter:replies -fiscal lang:es",Scrapfly Search,2026-09-29T15:02:38-05:00
comment_00159,comentario,2103503080796921964,2103485752399065372,2103485752399065372,https://x.com/desconocido/status/2103503080796921964,@desconocido,,False,"@SaavedraMDavid Bogotá es un agujero negro que consume presupuesto a través del  popular CVY y la ampliación de contratos por meses y años como pasa con la avenida 68 y cada obra de recuperación de malla vial en los barrios. Trabajos contratados para un mes, terminan en 6 meses por arte de magia",2026-09-25T15:13:10+00:00,es,0,0,0,0,55,0,False,[],True,@SaavedraMDavid,"(""hueco"" OR ""bache"" OR ""malla vial"") (Bogotá OR Bogota) filter:replies -fiscal lang:es",Scrapfly Search,2026-09-29T15:02:38-05:00
comment_00160,comentario,2103318178487042306,2103280944593666286,2103280944593666286,https://x.com/desconocido/status/2103318178487042306,@desconocido,,False,"@conlacamisetapu Bobo hdp así siempre a sido las salidas del verde y siempre llenamos donde esa hdp o lotes como simore llenamos ese potrero de hueco de Bogotá,  acacatear al galpón hdp que no pudieron ganar el único partido que les dalva el semestre a ustedes jaja 🤣",2026-09-25T02:58:26+00:00,es,0,0,0,0,48,0,False,[],True,@conlacamisetapu,"(""hueco"" OR ""bache"" OR ""malla vial"") (Bogotá OR Bogota) filter:replies -fiscal lang:es",Scrapfly Search,2026-09-29T15:02:38-05:00
comment_00161,comentario,2103257201187889599,2103247501792842122,2103124707528892726,https://x.com/desconocido/status/2103257201187889599,@desconocido,,False,"@AngelEroticos @AlfreMondragon Que tiene contra San Antonio al pedirle a este pelafustan que vaya a ese sitio, este tipo se vería bien en el hueco de Medellín o en el bronx acá en Bogotá",2026-09-24T22:56:08+00:00,es,0,0,0,0,27,0,False,[],True,@AngelEroticos,"(""hueco"" OR ""bache"" OR ""malla vial"") (Bogotá OR Bogota) filter:replies -fiscal lang:es",Scrapfly Search,2026-09-29T15:02:38-05:00
comment_00162,comentario,2103256828138127751,2103248395972284720,2102546511716360459,https://x.com/desconocido/status/2103256828138127751,@desconocido,,False,"@ursusxlx @afelipejimeno Jajajaja el único consuelo que les queda a los izquierdosos y anda paseando por el mundo, les dejó el hueco mientras consigue quien le venda una casa en un sector de riquillos en Bogotá diciendo que es Italiano, definitivamente la izquierda es un hpta chiste.",2026-09-24T22:54:39+00:00,es,0,0,1,0,13,0,False,[],True,@ursusxlx,"(""hueco"" OR ""bache"" OR ""malla vial"") (Bogotá OR Bogota) filter:replies -fiscal lang:es",Scrapfly Search,2026-09-29T15:02:38-05:00
comment_00163,comentario,2103172271078543599,2103098250072883243,2103098250072883243,https://x.com/desconocido/status/2103172271078543599,@desconocido,,True,@SeguridadBOG @PoliciaBogota @COL_EJERCITO @MigracionCol @MiEspacioesBog @Uaesp @infopresidencia @CarlosFGalan @Bogota @integracionbta @AlcaldiaSantaFe @luciabastidasu Felicitaciones a la secretaria de seguridad  de Bogotá ya era hora de poner orden a ese hueco de perdición,2026-09-24T17:18:39+00:00,es,0,0,0,0,53,0,False,[],True,@SeguridadBOG,"(""hueco"" OR ""bache"" OR ""malla vial"") (Bogotá OR Bogota) filter:replies -fiscal lang:es",Scrapfly Search,2026-09-29T15:02:38-05:00
comment_00164,comentario,2103138368993341456,2103098250072883243,2103098250072883243,https://x.com/desconocido/status/2103138368993341456,@desconocido,,False,"@SeguridadBOG @PoliciaBogota @COL_EJERCITO @MigracionCol @MiEspacioesBog @Uaesp @infopresidencia @CarlosFGalan @Bogota @integracionbta @AlcaldiaSantaFe @luciabastidasu Esoooo, hay que acabar ese hueco, ahí es un atracadero, usted no puede pasar por la cra 10 entre calle 1 y 6 porque lo roban!!! Y salen corriendo y se meten en esas cuadras entre la cra 10 y la Caracas",2026-09-24T15:03:56+00:00,es,7,0,2,0,412,0,False,[],True,@SeguridadBOG,"(""hueco"" OR ""bache"" OR ""malla vial"") (Bogotá OR Bogota) filter:replies -fiscal lang:es",Scrapfly Search,2026-09-29T15:02:38-05:00
comment_00165,comentario,2102987746985865552,2102738317141811705,2102738317141811705,https://x.com/desconocido/status/2102987746985865552,@desconocido,,False,@manolitosalazar Pues porque Bogotá es y siempre será un hueco lleno de ladrones.,2026-09-24T05:05:25+00:00,es,0,0,0,0,30,0,False,[],True,@manolitosalazar,"(""hueco"" OR ""bache"" OR ""malla vial"") (Bogotá OR Bogota) filter:replies -fiscal lang:es",Scrapfly Search,2026-09-29T15:02:38-05:00
comment_00166,comentario,2102982948551287208,2102929020673225212,2102929020673225212,https://x.com/desconocido/status/2102982948551287208,@desconocido,,False,@AJ0TA Cosmopolita dice. Bogotá es un hueco.,2026-09-24T04:46:21+00:00,es,0,0,0,0,123,0,False,[],True,@AJ0TA,"(""hueco"" OR ""bache"" OR ""malla vial"") (Bogotá OR Bogota) filter:replies -fiscal lang:es",Scrapfly Search,2026-09-29T15:02:38-05:00
comment_00167,comentario,2102602456882634989,2102600860631011731,2102590449340776482,https://x.com/desconocido/status/2102602456882634989,@desconocido,,False,"@nocrisher1 @nocrisher1, para el trayecto Bogotá - Guaduas, no se presentan novedades en la malla vial, por lo cual, puedes transitar con normalidad. Recuerda que la información que brindamos es en tiempo real y está sujeta a cambios. Gracias por comunicarte con el #767.",2026-09-23T03:34:24+00:00,es,0,0,0,0,108,0,False,[],True,@nocrisher1,"(""hueco"" OR ""bache"" OR ""malla vial"") (Bogotá OR Bogota) filter:replies -fiscal lang:es",Scrapfly Search,2026-09-29T15:02:38-05:00
comment_00168,comentario,2102457982017843697,2101859291611197666,2101859291611197666,https://x.com/desconocido/status/2102457982017843697,@desconocido,,False,"@patrulleroefra @CarlosCarrilloA Tenemos un hueco en Bogotá, mejor sigue reportando los huecos.",2026-09-22T18:00:19+00:00,es,0,0,0,0,2,0,False,[],True,@patrulleroefra,"(""hueco"" OR ""bache"" OR ""malla vial"") (Bogotá OR Bogota) filter:replies -fiscal lang:es",Scrapfly Search,2026-09-29T15:02:38-05:00
comment_00169,comentario,2102435044304580775,2102410040569479277,2102410040569479277,https://x.com/desconocido/status/2102435044304580775,@desconocido,,False,@SdrodriguezT Y los que tenemos vehículo matriculado en Bogotá pero que están en otra ciudad y siempre se pagan impuestos acá sin usar esa malla vial que?,2026-09-22T16:29:10+00:00,es,1,1,2,0,315,0,False,[],True,@SdrodriguezT,"(""hueco"" OR ""bache"" OR ""malla vial"") (Bogotá OR Bogota) filter:replies -fiscal lang:es",Scrapfly Search,2026-09-29T15:02:38-05:00
comment_00170,comentario,2102362948714864799,2102164854316445890,2102164854316445890,https://x.com/desconocido/status/2102362948714864799,@desconocido,,False,"@clarasandoval @CarlosFGalan A ver si hacen algo por la seguridad, no solo cemento señores peñalosistas, y acaben un obra y ahí si empiecen otra, dejen de estar legalizando tanta plata,que tienen a Bogotá hecha un hueco.",2026-09-22T11:42:41+00:00,es,0,0,0,0,13,0,False,[],True,@clarasandoval,"(""hueco"" OR ""bache"" OR ""malla vial"") (Bogotá OR Bogota) filter:replies -fiscal lang:es",Scrapfly Search,2026-09-29T15:02:38-05:00
comment_00171,comentario,2104976917698899975,2104380665982574893,2104380665982574893,https://x.com/desconocido/status/2104976917698899975,@desconocido,,False,@CarlosFGalan Excelente labor recuperar el espacio público poner casetas y locales en puente vehicular y puente peatonal y en los andenes las casetas del distrito también y baños públicos a un costo que pueda la persona cubrir gracias,2026-09-29T16:49:40+00:00,es,0,0,0,0,4,0,False,[],True,@CarlosFGalan,hilo:2104380665982574893,Scrapfly ThreadDetail,2026-09-29T15:02:38-05:00
comment_00172,comentario,2104755427124695475,2104380665982574893,2104380665982574893,https://x.com/desconocido/status/2104755427124695475,@desconocido,,False,"@CarlosFGalan Señor alcalde.Mientras usted y su equipo hacen más vías, hay otras vías que ha sido tomadas por la delincuencia. La carrera décima desde la calle 12 hasta la 27 sur y la primero de mayo desde la décima son ahora cambuches de habitantes de calle y botadero de basura",2026-09-29T02:09:32+00:00,es,0,0,0,0,16,0,False,[],True,@CarlosFGalan,hilo:2104380665982574893,Scrapfly ThreadDetail,2026-09-29T15:02:38-05:00
comment_00173,comentario,2104588142258856388,2104380665982574893,2104380665982574893,https://x.com/desconocido/status/2104588142258856388,@desconocido,,False,"@CarlosFGalan Ya se dieron cuenta que hay varios sitios (vías, y no pocas) en las que instalaron reductores parabólicos y en los que la malla vial ya se rompió en la zona de descenso de los vehículos? A quién le van a cobrar eso? En dónde están los estudios técnicos de esas instalaciones?",2026-09-28T15:04:49+00:00,es,0,1,0,0,60,0,False,[],True,@CarlosFGalan,hilo:2104380665982574893,Scrapfly ThreadDetail,2026-09-29T15:02:38-05:00
comment_00174,comentario,2104616296986063219,2104380665982574893,2104380665982574893,https://x.com/desconocido/status/2104616296986063219,@desconocido,,False,"@CarlosFGalan Los gobernantes se recuerdan x lo q hicieron y Ud siempre será recordado como el INÚTIL! No hizo un culo, no sirvió p nada, no hizo nada! Salvo clavarnos impuestos, multas, y dejarnos a merced d la inseguridad y la inmovilidad! EL INÚTIL",2026-09-28T16:56:41+00:00,es,0,0,0,0,69,0,False,[],True,@CarlosFGalan,hilo:2104380665982574893,Scrapfly ThreadDetail,2026-09-29T15:02:38-05:00
comment_00175,comentario,2104645038785573269,2104380665982574893,2104380665982574893,https://x.com/desconocido/status/2104645038785573269,@desconocido,,False,"@CarlosFGalan MEDIOCRE. Andenes invadidos, negocios cayendo en sus ventas, trasmilenio quebrado, trasporte ilegal por todos lados, inseguridad disparada, cuentas en rojo, motos haciendo lo qué se les da la gana .... https://t.co/mZO0lrm5Gh",2026-09-28T18:50:54+00:00,es,0,0,0,0,36,0,True,['https://pbs.twimg.com/media/HTUzfamXIAAEKKO.jpg'],True,@CarlosFGalan,hilo:2104380665982574893,Scrapfly ThreadDetail,2026-09-29T15:02:38-05:00
comment_00176,comentario,2104923731365883944,2104380665982574893,2104380665982574893,https://x.com/desconocido/status/2104923731365883944,@desconocido,,False,"@CarlosFGalan Guevon y un paso atrás en seguridad, @SeguridadBOG roban en Usaquen y no pasa nada y no dice nada, le quedó grande su lema de seguridad, le pudo , perversa su gestión, apréndale a @ABDELAESPRIELLA que si está cumpliendo y trabaja 🫡🫡",2026-09-29T13:18:19+00:00,es,0,0,0,0,19,0,False,[],True,@CarlosFGalan,hilo:2104380665982574893,Scrapfly ThreadDetail,2026-09-29T15:02:38-05:00
comment_00177,comentario,2104391500704428315,2104380665982574893,2104380665982574893,https://x.com/desconocido/status/2104391500704428315,@desconocido,,False,@CarlosFGalan En Barrios unidos todo el siete de agosto esta. Totalmente destruida su malla Vial en J Vargas  en San Fernando en Metropolis en Rionegro y modelo entre otros,2026-09-28T02:03:26+00:00,es,0,0,0,0,82,0,False,[],True,@CarlosFGalan,hilo:2104380665982574893,Scrapfly ThreadDetail,2026-09-29T15:02:38-05:00
comment_00178,comentario,2104657898895032417,2104380665982574893,2104380665982574893,https://x.com/desconocido/status/2104657898895032417,@desconocido,,False,"@CarlosFGalan Alcalde ya las ambulancias hacen d estación y usted soli
https://t.co/oFQuxG0MEY persiguiendo motos",2026-09-28T19:42:00+00:00,es,0,0,0,0,19,0,False,[],True,@CarlosFGalan,hilo:2104380665982574893,Scrapfly ThreadDetail,2026-09-29T15:02:38-05:00
comment_00179,comentario,2104560640291467269,2104380665982574893,2104380665982574893,https://x.com/desconocido/status/2104560640291467269,@desconocido,,False,@CarlosFGalan Y a Enel también lo va a recuperar?  No sea tan hp servil lacayo. Eso no se hace con el pueblo .. https://t.co/XTurvJl7jQ,2026-09-28T13:15:32+00:00,es,1,1,0,0,52,0,True,['https://pbs.twimg.com/media/HTTmv7uXIAAiyeE.jpg'],True,@CarlosFGalan,hilo:2104380665982574893,Scrapfly ThreadDetail,2026-09-29T15:02:38-05:00
comment_00180,comentario,2104395771877748924,2104380665982574893,2104380665982574893,https://x.com/desconocido/status/2104395771877748924,@desconocido,,False,"@CarlosFGalan Por favor alcalde lo invito a conocer el barrio Spring, después de una obra del acueducto quedó en pésimas condiciones las calles. Gracias",2026-09-28T02:20:24+00:00,es,0,0,0,0,63,0,False,[],True,@CarlosFGalan,hilo:2104380665982574893,Scrapfly ThreadDetail,2026-09-29T15:02:38-05:00
comment_00181,comentario,2104608817224814869,2104380665982574893,2104380665982574893,https://x.com/desconocido/status/2104608817224814869,@desconocido,,False,@CarlosFGalan Están arreglando calles que están en buen estado solo para mejorar su imagen y popularidad. Entendiendo una calle en buen estado no genera costo o esfuerzo mayor. Como la Kr 50 entre Américas y 53. Su alcaldía es corrupta y deshonesta ¿ese es el honor que quería darle a su padre?,2026-09-28T16:26:58+00:00,es,0,0,0,0,36,0,False,[],True,@CarlosFGalan,hilo:2104380665982574893,Scrapfly ThreadDetail,2026-09-29T15:02:38-05:00
comment_00182,comentario,2104616020904157550,2104380665982574893,2104380665982574893,https://x.com/desconocido/status/2104616020904157550,@desconocido,,False,"@CarlosFGalan Que sacamos con recuperar vías si no se pueden utilizar 
ROBOS ATRACOS 
RECICLADORES CON MACHETES 
MENORES ARMADOS CON PISTOLAS JIBAROS VICIOSOS HABITANTES DE CALLE POR DOQUIER 
ASI NO ES",2026-09-28T16:55:35+00:00,es,3,1,0,0,66,0,False,[],True,@CarlosFGalan,hilo:2104380665982574893,Scrapfly ThreadDetail,2026-09-29T15:02:38-05:00
comment_00183,comentario,2104585188449694153,2104380665982574893,2104380665982574893,https://x.com/desconocido/status/2104585188449694153,@desconocido,,False,"@CarlosFGalan Tenemos un alcalde que no sirve para nada @CarlosFGalan 
https://t.co/6HGXwh7gND",2026-09-28T14:53:04+00:00,es,1,0,0,0,43,0,False,[],True,@CarlosFGalan,hilo:2104380665982574893,Scrapfly ThreadDetail,2026-09-29T15:02:38-05:00
comment_00184,comentario,2104643850262495252,2104380665982574893,2104380665982574893,https://x.com/desconocido/status/2104643850262495252,@desconocido,,False,@CarlosFGalan Recuperar ? Recuperar para quien. En bogota no hay alcalde https://t.co/rzwU0MPrTA,2026-09-28T18:46:10+00:00,es,0,0,0,0,23,0,True,['https://pbs.twimg.com/media/HTUyPMMXsAA5oSD.jpg'],True,@CarlosFGalan,hilo:2104380665982574893,Scrapfly ThreadDetail,2026-09-29T15:02:38-05:00
comment_00185,comentario,2104728910436917451,2104380665982574893,2104380665982574893,https://x.com/desconocido/status/2104728910436917451,@desconocido,,False,"@CarlosFGalan Oiga alcalde, si está reparchando esas vías, QUE ESTA PASANDO CON LAS VIAS DE TRANSMILENIO, COMO EN LA AUTOPISTA NORTE QUE LLEVAN MAS DE 2 AÑOS Y MEDIO, Y NO REPARCHEAN LAS TRONCALES QUE ESTÁN DAÑANDO LOS BUSES Y PEEJUDICANDO A MILLONES DE USUARIOS AL DIA?????",2026-09-29T00:24:10+00:00,es,1,0,0,0,53,0,False,[],True,@CarlosFGalan,hilo:2104380665982574893,Scrapfly ThreadDetail,2026-09-29T15:02:38-05:00
comment_00186,comentario,2104383814986289592,2104380665982574893,2104380665982574893,https://x.com/desconocido/status/2104383814986289592,@desconocido,,False,"@CarlosFGalan Usme. Ciudad Bolívar, Rafael Uribe,más localidades necesitan inversiones",2026-09-28T01:32:53+00:00,es,0,0,0,0,128,0,False,[],True,@CarlosFGalan,hilo:2104380665982574893,Scrapfly ThreadDetail,2026-09-29T15:02:38-05:00
comment_00187,comentario,2104385914650931241,2104380665982574893,2104380665982574893,https://x.com/desconocido/status/2104385914650931241,@desconocido,,False,"@CarlosFGalan @luciabastidasu Alcalde, péguese una ida a Hayuelos y recupere la malla vial y quite la absurda colocada de estoperoles y reducciones de carriles que ahora impiden la movilidad, ahora las motos parirán allí y le habilitaron un espacio vial a vendedores ambulantes…. Vaya, si es tan correcto",2026-09-28T01:41:14+00:00,es,1,1,0,0,87,0,False,[],True,@CarlosFGalan,hilo:2104380665982574893,Scrapfly ThreadDetail,2026-09-29T15:02:38-05:00
comment_00188,comentario,2104489439065944114,2104380665982574893,2104380665982574893,https://x.com/desconocido/status/2104489439065944114,@desconocido,,False,"@CarlosFGalan En Barrios Unidos, tenemos una obra frente a CIREC (ROOSVELT), que ya lleva cerca de un semestre, son algo así como 100 metros y eso. Gracias",2026-09-28T08:32:36+00:00,es,0,0,0,0,91,0,False,[],True,@CarlosFGalan,hilo:2104380665982574893,Scrapfly ThreadDetail,2026-09-29T15:02:38-05:00
comment_00189,comentario,2104422107165679985,2104380665982574893,2104380665982574893,https://x.com/desconocido/status/2104422107165679985,@desconocido,,False,"@CarlosFGalan Que buena labor señor maestro de obra cuando salga de la alcaldía ya sabe a qué dedicarse porque lo único buen y para evaluar obras cero seguridad y bueno pero el Metrocable de San Cristóbal chevre y los barrios llenos de viciosos ladrones, así es lo importante @ABDELAESPRIELLA",2026-09-28T04:05:03+00:00,es,1,0,1,0,53,0,False,[],True,@CarlosFGalan,hilo:2104380665982574893,Scrapfly ThreadDetail,2026-09-29T15:02:38-05:00
comment_00190,comentario,2103984301981229290,2103964124187410855,2103964124187410855,https://x.com/desconocido/status/2103984301981229290,@desconocido,,False,"@Danielbricen En la localidad de Barrios Unidos un edil qué entró siendo dueño de una tienda, ya es propietario de la casa donde esta el negocio, de la del lado, compro camioneta 
Afortunadamente se quemo en la elección pasada por rabia de sus electores al ver ese aumento desproporcionado",2026-09-26T23:05:22+00:00,es,1,0,0,0,657,0,False,[],True,@Danielbricen,hilo:2103964124187410855,Scrapfly ThreadDetail,2026-09-29T15:02:38-05:00
comment_00191,comentario,2103986120761426080,2103964124187410855,2103964124187410855,https://x.com/desconocido/status/2103986120761426080,@desconocido,,False,"@Danielbricen Oe, Mr secop, ""control politico"", que pasa con has mostrado los increíbles valores familoares de nuestro presifrente, que hasta quiere meter a familiares de su ex esposa a instituciones publicas? . Que grandes valores los de este hombre, no lameculos?",2026-09-26T23:12:36+00:00,es,1,1,2,0,449,0,False,[],True,@Danielbricen,hilo:2103964124187410855,Scrapfly ThreadDetail,2026-09-29T15:02:38-05:00
comment_00192,comentario,2104052399929262488,2103964124187410855,2103964124187410855,https://x.com/desconocido/status/2104052399929262488,@desconocido,,False,"@Danielbricen Estoy de acuerdo Daniel, no tiene sentido que esta ciudad siga sacando mas impuestos pegados al predial, cuando sale uno de la casa unas calles llenas de basura, huecos, mala infraestrctura. Esta ciudad no retribuye en calidad de vida",2026-09-27T03:35:58+00:00,es,1,0,0,0,517,0,False,[],True,@Danielbricen,hilo:2103964124187410855,Scrapfly ThreadDetail,2026-09-29T15:02:38-05:00
comment_00193,comentario,2091970995678834812,2103964124187410855,2091970995678834812,https://x.com/desconocido/status/2091970995678834812,@desconocido,,True,"Get fast, reliable home internet for seamless streaming, working from home, gaming, and more across multiple devices.

Order online in minutes.",2026-08-24T19:28:46+00:00,en,3189,321,134,8,101754233,332,False,[],True,,hilo:2103964124187410855,Scrapfly ThreadDetail,2026-09-29T15:02:38-05:00
comment_00194,comentario,2103984722179199183,2103964124187410855,2103964124187410855,https://x.com/desconocido/status/2103984722179199183,@desconocido,,False,"@Danielbricen Todos sabemos que los ediles ponen alcalde y este les da la contratación de la alcaldía, pavimentan calles, arreglan parques con contratistas amigos quz dejan la comisión",2026-09-26T23:07:02+00:00,es,0,0,0,0,380,0,False,[],True,@Danielbricen,hilo:2103964124187410855,Scrapfly ThreadDetail,2026-09-29T15:02:38-05:00
comment_00195,comentario,2104023172177699192,2103964124187410855,2103964124187410855,https://x.com/desconocido/status/2104023172177699192,@desconocido,,False,"@Danielbricen Los bogotanos deberíamos armar un referendo donde eliminemos todas las alcaldías locales, si el alcalde de bogota y sus secretarios no pueden gestionar toda la ciudad, mejor que renuncien, las alcaldías son solo corruptela politoca como sus secretarias.",2026-09-27T01:39:49+00:00,es,2,0,0,0,189,0,False,[],True,@Danielbricen,hilo:2103964124187410855,Scrapfly ThreadDetail,2026-09-29T15:02:38-05:00
comment_00196,comentario,2104208721752514717,2103964124187410855,2103964124187410855,https://x.com/desconocido/status/2104208721752514717,@desconocido,,False,"@Danielbricen El día que los jueces también llamen en los juicios por corrupción a los responsables de vigilar los recursos públicos, como contralores, personeros, procuradores y fiscales, ese día se empieza a derrotar la corrupción en Colombia.",2026-09-27T13:57:08+00:00,es,0,0,0,0,28,0,False,[],True,@Danielbricen,hilo:2103964124187410855,Scrapfly ThreadDetail,2026-09-29T15:02:38-05:00
comment_00197,comentario,2104199897322770597,2103964124187410855,2103964124187410855,https://x.com/desconocido/status/2104199897322770597,@desconocido,,False,"@Danielbricen Así como vamos, la Alcaldía de Bogotá, la van a tomar los PROGRESS ante la inoperancia de @CarlosFGalan y su alcalde a la sombra @EnriquePenalosa.",2026-09-27T13:22:04+00:00,es,0,0,0,0,93,0,False,[],True,@Danielbricen,hilo:2103964124187410855,Scrapfly ThreadDetail,2026-09-29T15:02:38-05:00
comment_00198,comentario,2104645232214114506,2103964124187410855,2103964124187410855,https://x.com/desconocido/status/2104645232214114506,@desconocido,,True,"@Danielbricen @CarlosFGalan esta esta preparando la billetera por la alcaldía de @Bogota. 

Ayuda @ABDELAESPRIELLA 🙏..!!!",2026-09-28T18:51:40+00:00,es,0,0,0,0,9,0,False,[],True,@Danielbricen,hilo:2103964124187410855,Scrapfly ThreadDetail,2026-09-29T15:02:38-05:00
comment_00199,comentario,2104046657763737723,2103964124187410855,2103964124187410855,https://x.com/desconocido/status/2104046657763737723,@desconocido,,False,"@Danielbricen Soy de la línea que cree que deberíamos tener una ley que prohíba más impuestos, que el estado y en particular las alcaldías, se gestiones con los RR existentes, que haya flexibilidad eso si, para emergencias. El pueblo no puede resistir más impuestos x cada nuevo mandatario",2026-09-27T03:13:09+00:00,es,0,0,0,0,128,0,False,[],True,@Danielbricen,hilo:2103964124187410855,Scrapfly ThreadDetail,2026-09-29T15:02:38-05:00
comment_00200,comentario,2103980125679497290,2103964124187410855,2103964124187410855,https://x.com/desconocido/status/2103980125679497290,@desconocido,,False,"@Danielbricen Por que en su paso por el concejo nunca hablo o hizo esta denuncia?
Ahhhh verdad estaba mas pendiente de hacer control al gobierno Nacionsl y a los opositores, que de la alcaldia de Bogota.",2026-09-26T22:48:46+00:00,es,1,0,0,0,185,0,False,[],True,@Danielbricen,hilo:2103964124187410855,Scrapfly ThreadDetail,2026-09-29T15:02:38-05:00
comment_00201,comentario,2103978604359229733,2103964124187410855,2103964124187410855,https://x.com/desconocido/status/2103978604359229733,@desconocido,,False,"@Danielbricen Los 2️⃣ Briceño y Peñaloza @EnriquePenalosa tienen razón, lo diferente es que en la primera de Peñaloza recibido lo recursos que le dejó Mockus para luego clavar de impuestos por valorización a los Bogotanos, y esa plática que recibió se la dejo a la Izquierda que se los robó.",2026-09-26T22:42:43+00:00,es,0,0,0,0,120,0,False,[],True,@Danielbricen,hilo:2103964124187410855,Scrapfly ThreadDetail,2026-09-29T15:02:38-05:00
comment_00202,comentario,2090605808459579573,2103964124187410855,2090605808459579573,https://x.com/desconocido/status/2090605808459579573,@desconocido,,True,"Get fast, reliable home internet for seamless streaming, working from home, gaming, and more across multiple devices.

Order online in minutes.",2026-08-21T01:04:00+00:00,en,5064,554,270,22,132098156,532,False,[],True,,hilo:2103964124187410855,Scrapfly ThreadDetail,2026-09-29T15:02:38-05:00
comment_00203,comentario,2104293696871293394,2103964124187410855,2103964124187410855,https://x.com/desconocido/status/2104293696871293394,@desconocido,,False,"@Danielbricen @elenavilla28 Por eso el inepto de @EnriquePenalosa lo quemamos, ese mediocre solo sabe de transmilenio y de poner impuestos y le importa un carajo los bogotanos!",2026-09-27T19:34:47+00:00,es,0,0,0,0,18,0,False,[],True,@Danielbricen,hilo:2103964124187410855,Scrapfly ThreadDetail,2026-09-29T15:02:38-05:00
comment_00204,comentario,2104213891064406130,2103964124187410855,2103964124187410855,https://x.com/desconocido/status/2104213891064406130,@desconocido,,False,"@Danielbricen Estos escritos les llegan a los asesores y ellos contestan hon la firma electrónica cualquier cosa, están atacando mucho al alcalde mayor y deben dejarlo actuar el hecho de recomendarle no quiere decir que el este confabulado",2026-09-27T14:17:40+00:00,es,0,0,0,0,161,0,False,[],True,@Danielbricen,hilo:2103964124187410855,Scrapfly ThreadDetail,2026-09-29T15:02:38-05:00
comment_00205,comentario,2104018806922268883,2103964124187410855,2103964124187410855,https://x.com/desconocido/status/2104018806922268883,@desconocido,,False,"@Danielbricen @Danielbricen ,  piénselo, debe ser el candidato a  la Alcaldía de Bogotá. Así se habla, no más burocracia improductiva, no más impuestos!!!",2026-09-27T01:22:29+00:00,es,0,0,0,0,19,0,False,[],True,@Danielbricen,hilo:2103964124187410855,Scrapfly ThreadDetail,2026-09-29T15:02:38-05:00
comment_00206,comentario,2104271168614146294,2103964124187410855,2103964124187410855,https://x.com/desconocido/status/2104271168614146294,@desconocido,,False,"@Danielbricen Lo que yo puedo entender es que si el alcalde sigue con esas medidas, va a alimentar la rebelión en la ciudadanía y los va a empujar a elegir un alcalde de izquierda, cosa que sería fatal  analice la cuestión @CarlosFGalan.",2026-09-27T18:05:16+00:00,es,0,0,0,0,13,0,False,[],True,@Danielbricen,hilo:2103964124187410855,Scrapfly ThreadDetail,2026-09-29T15:02:38-05:00
comment_00207,comentario,2104360593318646080,2103964124187410855,2103964124187410855,https://x.com/desconocido/status/2104360593318646080,@desconocido,,False,@Danielbricen BGTA SIN ALCALDE ANDA.  ESE MAN SOLO SE LA PASA EN ATLETISMO.,2026-09-28T00:00:37+00:00,es,0,0,0,0,10,0,False,[],True,@Danielbricen,hilo:2103964124187410855,Scrapfly ThreadDetail,2026-09-29T15:02:38-05:00
comment_00208,comentario,2104012030336209133,2103964124187410855,2103964124187410855,https://x.com/desconocido/status/2104012030336209133,@desconocido,,False,"@Danielbricen Hora de buscar otras fuentes financieras. Bogotá con +70 entidades y +120k empleados y ops no hace austeridad, no recortan funciones no indispensables, redundantes, no conciben reducir, devolver, eliminar, liberar. Cada camioneta, cada puesto y contrato es un triunfo personal.",2026-09-27T00:55:33+00:00,es,0,0,0,0,47,0,False,[],True,@Danielbricen,hilo:2103964124187410855,Scrapfly ThreadDetail,2026-09-29T15:02:38-05:00
comment_00209,comentario,2103986155352150217,2103964124187410855,2103964124187410855,https://x.com/desconocido/status/2103986155352150217,@desconocido,,True,"@Danielbricen Con todo lo que estimo a @EnriquePenalosa hoy le doy la razón a @Danielbricen 

La fácil es clavar más a la gente con impuestos. Pero en la alcaldía de @CarlosFGalan siguen sin hacer obras nuevas y mucho menos entregar las antiguas.",2026-09-26T23:12:44+00:00,es,1,0,0,0,126,0,False,[],True,@Danielbricen,hilo:2103964124187410855,Scrapfly ThreadDetail,2026-09-29T15:02:38-05:00
comment_00210,comentario,2104314746824786374,2104290170912608395,2104290170912608395,https://x.com/desconocido/status/2104314746824786374,@desconocido,,False,"@EnriquePenalosa @Danielbricen Jajaja este señor defendiendo una de sus cuotas políticas en la Alcadia de Galán, si el pusilánime Secretario de Gobierno, por eso lo defiende y además está abriendo el camino para las próximas elecciones donde repetirán varios Secretarios y Directores de Galán. CASTA BOGOTANA😡 https://t.co/uuXwMq4S5h",2026-09-27T20:58:26+00:00,es,3,2,0,0,170,0,True,['https://pbs.twimg.com/media/HTQHG-1WwAAhT1R.jpg'],True,@EnriquePenalosa,hilo:2104290170912608395,Scrapfly ThreadDetail,2026-09-29T15:02:38-05:00
comment_00211,comentario,2104358835477475378,2104290170912608395,2104290170912608395,https://x.com/desconocido/status/2104358835477475378,@desconocido,,False,"@EnriquePenalosa @Danielbricen Yo invito al señor Peñalosa a hacer pública su decalaracion de renta. Últimos 15 años. Será que el apto en NY, las donaciones de los Zárate y sector construcción, o otros chancucos que hay por ahí si los logro esconder bien?",2026-09-27T23:53:38+00:00,es,0,0,0,0,46,0,False,[],True,@EnriquePenalosa,hilo:2104290170912608395,Scrapfly ThreadDetail,2026-09-29T15:02:38-05:00
comment_00212,comentario,2104328957457768640,2104290170912608395,2104290170912608395,https://x.com/desconocido/status/2104328957457768640,@desconocido,,False,"@EnriquePenalosa @Danielbricen No es un tema de descentralizacion. Es un tema de que tienen que aprender a funcionar con la plata que le giramos los contribuyentes, ni un peso mas. Para los políticos, gastar plata ajena debería darles pena. Quieren más dinero, ponga a crecera economía de la ciudad o ahorre.",2026-09-27T21:54:54+00:00,es,1,0,0,0,149,0,False,[],True,@EnriquePenalosa,hilo:2104290170912608395,Scrapfly ThreadDetail,2026-09-29T15:02:38-05:00
comment_00213,comentario,2090605808442847455,2104290170912608395,2090605808442847455,https://x.com/desconocido/status/2090605808442847455,@desconocido,,True,"Get fast, reliable home internet for seamless streaming, working from home, gaming, and more across multiple devices.

Order online in minutes.",2026-08-21T01:04:00+00:00,en,4741,470,253,21,136347742,482,False,[],True,,hilo:2104290170912608395,Scrapfly ThreadDetail,2026-09-29T15:02:38-05:00
comment_00214,comentario,2104307503374725528,2104290170912608395,2104290170912608395,https://x.com/desconocido/status/2104307503374725528,@desconocido,,False,"@EnriquePenalosa @Danielbricen Galán ha sido el peor alcalde de Bogotá, del nivel del cacorro guerrillero! Nunca Bogotá había tenido tanta inseguridad como ahora, pero que más se podía esperar del zurdo globalista Galanoide",2026-09-27T20:29:39+00:00,es,1,0,0,0,73,0,False,[],True,@EnriquePenalosa,hilo:2104290170912608395,Scrapfly ThreadDetail,2026-09-29T15:02:38-05:00
comment_00215,comentario,2104561646496538775,2104290170912608395,2104290170912608395,https://x.com/desconocido/status/2104561646496538775,@desconocido,,False,"@EnriquePenalosa @Danielbricen Peñaloza el mejor en sus (2) alcaldias; rendir un merecido tributo al dr Miguel Uribe Turbay en su lucha ý sú trabajo,es elegir al dr PEÑALOZA para la alcaldia, queremos MOVILIZARNOS por el METRO en Bogotá",2026-09-28T13:19:32+00:00,es,0,0,0,0,35,0,False,[],True,@EnriquePenalosa,hilo:2104290170912608395,Scrapfly ThreadDetail,2026-09-29T15:02:38-05:00
comment_00216,comentario,2104394548688605251,2104290170912608395,2104290170912608395,https://x.com/desconocido/status/2104394548688605251,@desconocido,,False,"@EnriquePenalosa @Rodrigo_Rivera @Danielbricen Necesitamos para Bogotá un alcalde nacido acá y que ya no haga más obras , que termine las que hay en curso y se dedique a organizar la ciudad aseo y seguridad extrema nada más . Ya no más trancones. Será posible? Ahh y que el sueldo le sobre.",2026-09-28T02:15:32+00:00,es,0,0,0,0,29,0,False,[],True,@EnriquePenalosa,hilo:2104290170912608395,Scrapfly ThreadDetail,2026-09-29T15:02:38-05:00
comment_00217,comentario,2104309533128507504,2104290170912608395,2104290170912608395,https://x.com/desconocido/status/2104309533128507504,@desconocido,,False,@EnriquePenalosa @Danielbricen A usted le parece bien que los recursos que se recogen de las valorizaciones se ejecuten diez años después como en el caso de valorizaciones desde la alcaldía de Petro ?,2026-09-27T20:37:43+00:00,es,0,0,0,0,85,0,False,[],True,@EnriquePenalosa,hilo:2104290170912608395,Scrapfly ThreadDetail,2026-09-29T15:02:38-05:00
comment_00218,comentario,2104300955055595626,2104290170912608395,2104290170912608395,https://x.com/desconocido/status/2104300955055595626,@desconocido,,False,@EnriquePenalosa @Danielbricen Encontraron en esa gente la fuente inagotable de recursos. Muchos los ponen a aguantar hambre pero el estrato no los deja quejarse. https://t.co/jtgQEETm5x,2026-09-27T20:03:38+00:00,es,0,0,0,0,72,0,True,['https://pbs.twimg.com/media/HTP6j-cXkAAS7e1.jpg'],True,@EnriquePenalosa,hilo:2104290170912608395,Scrapfly ThreadDetail,2026-09-29T15:02:38-05:00
comment_00219,comentario,2104314595099767023,2104290170912608395,2104290170912608395,https://x.com/desconocido/status/2104314595099767023,@desconocido,,False,"@EnriquePenalosa @Danielbricen Usted no menciona nada acerca de seguir cobrando y aumentando impuestos en la  ciudad. El tamaño del estado en todos los órdenes genera burocracia innecesaria, clientelismo, tramitología para justificar tantos cargos y finalmente corrupción y talanqueras para las empresas.",2026-09-27T20:57:50+00:00,es,0,0,0,0,38,0,False,[],True,@EnriquePenalosa,hilo:2104290170912608395,Scrapfly ThreadDetail,2026-09-29T15:02:38-05:00
comment_00220,comentario,2104293980255203604,2104290170912608395,2104290170912608395,https://x.com/desconocido/status/2104293980255203604,@desconocido,,False,@EnriquePenalosa @Danielbricen Ojalá que ambos trabajaran por algo: reducir a la mitad el inoperante y corrompido @ConcejoDeBogota y rediseñar las vías de @Bogota. Una ciudad con un pésimo diseño al que cada día le quitan vías que no hay.,2026-09-27T19:35:55+00:00,es,1,0,0,0,97,0,False,[],True,@EnriquePenalosa,hilo:2104290170912608395,Scrapfly ThreadDetail,2026-09-29T15:02:38-05:00
comment_00221,comentario,2104341741482496123,2104290170912608395,2104290170912608395,https://x.com/desconocido/status/2104341741482496123,@desconocido,,False,"@EnriquePenalosa @Danielbricen Usted demuestra ser igual de corrupto a todos
No se las dé de lo que no es
Usted clavó a todo el mundo, en sus alcaldías, tomó a la ciudad como su fortín 
Ni se le ocurra volverse a lanzar, porque eso es hacerla campaña a la izquierda",2026-09-27T22:45:42+00:00,es,1,0,0,0,44,0,False,[],True,@EnriquePenalosa,hilo:2104290170912608395,Scrapfly ThreadDetail,2026-09-29T15:02:38-05:00
comment_00222,comentario,2090605808430231965,2104290170912608395,2090605808430231965,https://x.com/desconocido/status/2090605808430231965,@desconocido,,True,"Get fast, reliable home internet for seamless streaming, working from home, gaming, and more across multiple devices.

Order online in minutes.",2026-08-21T01:04:00+00:00,en,4589,484,211,13,133134322,495,False,[],True,,hilo:2104290170912608395,Scrapfly ThreadDetail,2026-09-29T15:02:38-05:00
comment_00223,comentario,2104309443810705612,2104290170912608395,2104290170912608395,https://x.com/desconocido/status/2104309443810705612,@desconocido,,False,@EnriquePenalosa @Danielbricen $ 40 billones y no le alcanza a @CarlosFGalan !!!  El las elecciones hay que votar en conciencia!!! Será que ya tiene planos de la línea 4 del @MetroBogota ???;;;;,2026-09-27T20:37:22+00:00,es,0,0,0,0,24,0,False,[],True,@EnriquePenalosa,hilo:2104290170912608395,Scrapfly ThreadDetail,2026-09-29T15:02:38-05:00
comment_00224,comentario,2104306644616388678,2104290170912608395,2104290170912608395,https://x.com/desconocido/status/2104306644616388678,@desconocido,,False,@EnriquePenalosa @Danielbricen Entonces @CarlosFGalan le entrego la secretaria de Gobierno A Peñalosa?,2026-09-27T20:26:14+00:00,es,2,1,0,0,45,0,False,[],True,@EnriquePenalosa,hilo:2104290170912608395,Scrapfly ThreadDetail,2026-09-29T15:02:38-05:00
comment_00225,comentario,2104441165282005395,2104290170912608395,2104290170912608395,https://x.com/desconocido/status/2104441165282005395,@desconocido,,False,"@EnriquePenalosa @Danielbricen ¿Por qué será Bolardito Peñalosa Relleno Fluido, que siempre pero siempre HAY MANOTAS en las alcaldías locales así hagan y deshagan?

JAJAJAJAJAJAJAJAJAJAJAJAJAJAJAJAJAJAJAJAJAJAJAJAJAJAJAJAJAJAJAJAJAJAJAJAJAJAJAJAJAJAJAJAJAJA. Con esas MANOTAS si no se meten, ¿no?

JAJAJAJAJA",2026-09-28T05:20:47+00:00,es,0,0,0,0,23,0,False,[],True,@EnriquePenalosa,hilo:2104290170912608395,Scrapfly ThreadDetail,2026-09-29T15:02:38-05:00
comment_00226,comentario,2104572224665735624,2104290170912608395,2104290170912608395,https://x.com/desconocido/status/2104572224665735624,@desconocido,,False,@EnriquePenalosa @Danielbricen La descentralización de las alcaldías locales debe ir unida a eficiencia y honestidad que al parecer no es lo que prevalece…,2026-09-28T14:01:34+00:00,es,0,0,0,0,7,0,False,[],True,@EnriquePenalosa,hilo:2104290170912608395,Scrapfly ThreadDetail,2026-09-29T15:02:38-05:00
comment_00227,comentario,2104306284719636502,2104290170912608395,2104290170912608395,https://x.com/desconocido/status/2104306284719636502,@desconocido,,False,"@EnriquePenalosa @Danielbricen Eficiente Galán?? Sólo aumentando impuestos, un régimen de prohibiciones en movilidad,  sanciones económicas por doquier, burocracia desbordada, tibio en carácter. Usted, ya no es opción para Alcaldía. Se autodestruyó como en la consulta uribista. !!!",2026-09-27T20:24:49+00:00,es,4,2,0,0,52,0,False,[],True,@EnriquePenalosa,hilo:2104290170912608395,Scrapfly ThreadDetail,2026-09-29T15:02:38-05:00
comment_00228,comentario,2104316881780039812,2104290170912608395,2104290170912608395,https://x.com/desconocido/status/2104316881780039812,@desconocido,,False,"@EnriquePenalosa @Danielbricen Desde que dices que el inepto de secretaria de gobierno que tiene galán es un gran líder, perdiste toda la credibilidad, si hay algo en este alcaldía que ha hecho muy mal, son las alcaldía locales, varias las han tenido que sacar por corrupción hasta que llega al concejo de estad",2026-09-27T21:06:55+00:00,es,0,1,0,0,30,0,False,[],True,@EnriquePenalosa,hilo:2104290170912608395,Scrapfly ThreadDetail,2026-09-29T15:02:38-05:00
comment_00229,comentario,2104400310404051010,2104290170912608395,2104290170912608395,https://x.com/desconocido/status/2104400310404051010,@desconocido,,False,@EnriquePenalosa @Danielbricen Se dio cuenta Peñalosa que necesita del político #1 de Bogotá y el mas votado en las pasadas elecciones a nivel Bogotá y Nacional.,2026-09-28T02:38:26+00:00,es,0,0,0,0,10,0,False,[],True,@EnriquePenalosa,hilo:2104290170912608395,Scrapfly ThreadDetail,2026-09-29T15:02:38-05:00
comment_00230,comentario,2097088487593808070,2096990838005874775,2096990838005874775,https://x.com/desconocido/status/2097088487593808070,@desconocido,,True,"@Lobsang89159208 @petrogustavo Tuve un profesor cuya esposa trabajaba en la alcaldía de petro la sacaron por criticar decisiones y explicarle que lo que quería hacer generaría detrimento patrimonial, su respuesta como lo que vimos en gobierno es que el que no iba con el iba contra el",2026-09-07T22:23:52+00:00,es,1,1,0,0,34,0,False,[],True,@Lobsang89159208,hilo:2096990838005874775,Scrapfly ThreadDetail,2026-09-29T15:02:38-05:00
comment_00231,comentario,2097137798989889561,2096990838005874775,2096990838005874775,https://x.com/desconocido/status/2097137798989889561,@desconocido,,False,@Lobsang89159208 @petrogustavo Un embaucador y HAMPON profesional!!,2026-09-08T01:39:48+00:00,es,2,0,0,0,17,0,False,[],True,@Lobsang89159208,hilo:2096990838005874775,Scrapfly ThreadDetail,2026-09-29T15:02:38-05:00
comment_00232,comentario,2097072195537076404,2096990838005874775,2096990838005874775,https://x.com/desconocido/status/2097072195537076404,@desconocido,,False,@Lobsang89159208 @petrogustavo PETRO siempre ha sido un ladrón,2026-09-07T21:19:07+00:00,es,2,0,0,0,21,0,False,[],True,@Lobsang89159208,hilo:2096990838005874775,Scrapfly ThreadDetail,2026-09-29T15:02:38-05:00
comment_00233,comentario,2091970995657777203,2096990838005874775,2091970995657777203,https://x.com/desconocido/status/2091970995657777203,@desconocido,,True,"Get fast, reliable home internet for seamless streaming, working from home, gaming, and more across multiple devices.

Order online in minutes.",2026-08-24T19:28:46+00:00,en,3200,316,150,10,103107272,339,False,[],True,,hilo:2096990838005874775,Scrapfly ThreadDetail,2026-09-29T15:02:38-05:00
comment_00234,comentario,2097290730817331531,2096990838005874775,2096990838005874775,https://x.com/desconocido/status/2097290730817331531,@desconocido,,False,@Lobsang89159208 @petrogustavo Petro bazuko chirriete ladron cabron,2026-09-08T11:47:30+00:00,eu,0,0,0,0,8,0,False,[],True,@Lobsang89159208,hilo:2096990838005874775,Scrapfly ThreadDetail,2026-09-29T15:02:38-05:00
