id_registro,tipo_registro,tweet_id,id_tweet_padre,id_conversacion,url,autor_username,autor_nombre,autor_verificado,texto_original,texto_limpio,longitud_caracteres,menciones,responde_a_usuario,fecha_publicacion,año,mes,dia_semana,hora,idioma,favoritos,retweets,respuestas,vistas,tiene_multimedia,es_candidato_vial,score_relevancia_vial,terminos_deterioro_detectados,contexto_urbano_detectado,consulta_busqueda,fuente_descubrimiento,fecha_limpieza,modelo_sentimiento,sentimiento_codigo,sentimiento_etiqueta,confianza_sentimiento,prob_negativo,prob_neutro,prob_positivo,fecha_analisis_sentimiento
comment_00001,comentario,2104992892049650101,2104989576255197633,2104989576255197633,https://x.com/desconocido/status/2104992892049650101,@desconocido,,False,"@AlexKleinO Respaldo alternativas d transporte sostenible,pero en @Bogota las luminarias q han gobernado se sienten en Oslo pintando sobre el hueco y poniendo taches y materas en el espacio libre. ciclorrutas como la carrera 13 (foco d accidentes y desorden) confirman la falta d planeación…","@AlexKleinO Respaldo alternativas d transporte sostenible,pero en @Bogota las luminarias q han gobernado se sienten en Oslo pintando sobre el hueco y poniendo taches y materas en el espacio libre. ciclorrutas como la carrera 13 (foco d accidentes y desorden) confirman la falta d planeación…",291,"['@AlexKleinO', '@Bogota']",@AlexKleinO,2026-09-29T17:53:08+00:00,2026,2026-09,Tuesday,17,es,0,0,0,96,False,True,1.4,['hueco'],"['bogota', 'carrera']","(""hueco"" OR ""huecos"" OR ""bache"" OR ""baches"") (Bogotá OR Bogota) -fiscal -financiero -filter:retweets lang:es",Scrapfly Search,2026-09-29T15:55:01-05:00,pysentimiento/robertuito-sentiment-analysis,NEG,NEGATIVO,0.9171,0.9171,0.0765,0.0065,2026-09-29T16:02:20-05:00
comment_00002,comentario,2104986785398894892,2104972659490480563,2104952792955695376,https://x.com/desconocido/status/2104986785398894892,@desconocido,,False,"@diancabib0425 @ARMYBogotaCol Que grosera, asi te educaron tus padres, los estás dejando muy mal. Army bogota por que debe saberlo? Más bien por que no sales de tu hueco y te pasas por el campin y pregunta tu misma, aca nadie en sirviente de nadie. Atrevida.","@diancabib0425 @ARMYBogotaCol Que grosera, asi te educaron tus padres, los estás dejando muy mal. Army bogota por que debe saberlo? Más bien por que no sales de tu hueco y te pasas por el campin y pregunta tu misma, aca nadie en sirviente de nadie. Atrevida.",258,"['@diancabib0425', '@ARMYBogotaCol']",@diancabib0425,2026-09-29T17:28:53+00:00,2026,2026-09,Tuesday,17,es,1,0,0,124,False,True,1.0,['hueco'],['bogota'],"(""hueco"" OR ""huecos"" OR ""bache"" OR ""baches"") (Bogotá OR Bogota) -fiscal -financiero -filter:retweets lang:es",Scrapfly Search,2026-09-29T15:55:01-05:00,pysentimiento/robertuito-sentiment-analysis,NEG,NEGATIVO,0.9607,0.9607,0.034,0.0053,2026-09-29T16:02:20-05:00
comment_00003,comentario,2104962106441523321,2104960632520937941,2104922284523983196,https://x.com/desconocido/status/2104962106441523321,@desconocido,,False,"@Dark_Mark01 @Alejazepam 😐 linda en qué barrio vives?, aquí nadie ha dicho que Bogotá es un hueco, es tener cuidado con los ladrones, tan simple como eso. Aquí la del delirio es otra, te montaste en una vaca loca solita.","@Dark_Mark01 @Alejazepam 😐 linda en qué barrio vives?, aquí nadie ha dicho que Bogotá es un hueco, es tener cuidado con los ladrones, tan simple como eso. Aquí la del delirio es otra, te montaste en una vaca loca solita.",220,"['@Dark_Mark01', '@Alejazepam']",@Dark_Mark01,2026-09-29T15:50:49+00:00,2026,2026-09,Tuesday,15,es,0,0,0,28,False,True,1.4,['hueco'],"['bogotá', 'barrio']","(""hueco"" OR ""huecos"" OR ""bache"" OR ""baches"") (Bogotá OR Bogota) -fiscal -financiero -filter:retweets lang:es",Scrapfly Search,2026-09-29T15:55:01-05:00,pysentimiento/robertuito-sentiment-analysis,NEG,NEGATIVO,0.5795,0.5795,0.402,0.0185,2026-09-29T16:02:20-05:00
comment_00004,comentario,2104960632520937941,2104954228825264239,2104922284523983196,https://x.com/desconocido/status/2104960632520937941,@desconocido,,False,"@Yinn_Martinnez @Alejazepam No, siempre hablan de Bogotá como si fuera un hueco y como si con solo salir uno ya estuviera pues en peligro extremo. Delirio colectivo que no se traduce en algo realista.","@Yinn_Martinnez @Alejazepam No, siempre hablan de Bogotá como si fuera un hueco y como si con solo salir uno ya estuviera pues en peligro extremo. Delirio colectivo que no se traduce en algo realista.",200,"['@Yinn_Martinnez', '@Alejazepam']",@Yinn_Martinnez,2026-09-29T15:44:57+00:00,2026,2026-09,Tuesday,15,es,0,0,1,31,False,True,1.0,['hueco'],['bogotá'],"(""hueco"" OR ""huecos"" OR ""bache"" OR ""baches"") (Bogotá OR Bogota) -fiscal -financiero -filter:retweets lang:es",Scrapfly Search,2026-09-29T15:55:01-05:00,pysentimiento/robertuito-sentiment-analysis,NEG,NEGATIVO,0.9445,0.9445,0.0522,0.0033,2026-09-29T16:02:20-05:00
comment_00010,comentario,2104900213156487298,2104669545138966937,2104669545138966937,https://x.com/desconocido/status/2104900213156487298,@desconocido,,False,@caroavendanopm Salgan de ese hueco de Bogotá y verá,@caroavendanopm Salgan de ese hueco de Bogotá y verá,52,['@caroavendanopm'],@caroavendanopm,2026-09-29T11:44:52+00:00,2026,2026-09,Tuesday,11,es,0,0,0,17,False,True,1.0,['hueco'],['bogotá'],"(""hueco"" OR ""huecos"" OR ""bache"" OR ""baches"") (Bogotá OR Bogota) -fiscal -financiero -filter:retweets lang:es",Scrapfly Search,2026-09-29T15:55:01-05:00,pysentimiento/robertuito-sentiment-analysis,NEU,NEUTRO,0.5254,0.341,0.5254,0.1336,2026-09-29T16:02:20-05:00
comment_00011,comentario,2104767867845578863,2104662654404980983,2104662654404980983,https://x.com/desconocido/status/2104767867845578863,@desconocido,,False,"@ElJuliSastoque @ConcejoDeBogota Celebra el compromiso ni que nada, ese mandato llevó a Bogotá a un hueco del cual será difícil sacar. Nefasta gestión 🤮","@ElJuliSastoque @ConcejoDeBogota Celebra el compromiso ni que nada, ese mandato llevó a Bogotá a un hueco del cual será difícil sacar. Nefasta gestión 🤮",152,"['@ElJuliSastoque', '@ConcejoDeBogota']",@ElJuliSastoque,2026-09-29T02:58:59+00:00,2026,2026-09,Tuesday,2,es,1,1,0,71,False,True,1.0,['hueco'],['bogotá'],"(""hueco"" OR ""huecos"" OR ""bache"" OR ""baches"") (Bogotá OR Bogota) -fiscal -financiero -filter:retweets lang:es",Scrapfly Search,2026-09-29T15:55:01-05:00,pysentimiento/robertuito-sentiment-analysis,NEG,NEGATIVO,0.9725,0.9725,0.0243,0.0032,2026-09-29T16:02:20-05:00
comment_00015,comentario,2104628497734046190,2104615292936794131,2104615292936794131,https://x.com/desconocido/status/2104628497734046190,@desconocido,,False,@AyalaCarlOzarco @VaneDeCol JAJAJAJAJAJAJA tiene más posibilidades un hueco de cualquier calle en Bogotá,@AyalaCarlOzarco @VaneDeCol JAJAJAJAJAJAJA tiene más posibilidades un hueco de cualquier calle en Bogotá,104,"['@AyalaCarlOzarco', '@VaneDeCol']",@AyalaCarlOzarco,2026-09-28T17:45:10+00:00,2026,2026-09,Monday,17,es,2,0,0,40,False,True,1.4,['hueco'],"['bogotá', 'calle']","(""hueco"" OR ""huecos"" OR ""bache"" OR ""baches"") (Bogotá OR Bogota) -fiscal -financiero -filter:retweets lang:es",Scrapfly Search,2026-09-29T15:55:01-05:00,pysentimiento/robertuito-sentiment-analysis,NEU,NEUTRO,0.7416,0.2023,0.7416,0.0562,2026-09-29T16:02:20-05:00
comment_00016,comentario,2104622762455167350,2104056898538393776,2104056898538393776,https://x.com/desconocido/status/2104622762455167350,@desconocido,,False,@petrogustavo Y si los gobernantes van robando con el cuento de una plata desalinizadora q no se necesita. Como la máquina para tapar huecos con la q se robó un buen billete en Bogotá o las motos eléctricas q tampoco sirvieron.,@petrogustavo Y si los gobernantes van robando con el cuento de una plata desalinizadora q no se necesita. Como la máquina para tapar huecos con la q se robó un buen billete en Bogotá o las motos eléctricas q tampoco sirvieron.,227,['@petrogustavo'],@petrogustavo,2026-09-28T17:22:23+00:00,2026,2026-09,Monday,17,es,3,1,0,53,False,True,1.0,['huecos'],['bogotá'],"(""hueco"" OR ""huecos"" OR ""bache"" OR ""baches"") (Bogotá OR Bogota) -fiscal -financiero -filter:retweets lang:es",Scrapfly Search,2026-09-29T15:55:01-05:00,pysentimiento/robertuito-sentiment-analysis,NEG,NEGATIVO,0.8776,0.8776,0.1136,0.0088,2026-09-29T16:02:20-05:00
comment_00017,comentario,2104576762848178448,2104380665982574893,2104380665982574893,https://x.com/desconocido/status/2104576762848178448,@desconocido,,False,"@CarlosFGalan Con todo el respeto, considerando que Bogotá está siempre llena de huecos y no cae nieve, ni hay hielo que podrían dañar la malla vial, están haciendo un trabajo bastante malo.","@CarlosFGalan Con todo el respeto, considerando que Bogotá está siempre llena de huecos y no cae nieve, ni hay hielo que podrían dañar la malla vial, están haciendo un trabajo bastante malo.",190,['@CarlosFGalan'],@CarlosFGalan,2026-09-28T14:19:36+00:00,2026,2026-09,Monday,14,es,0,0,0,23,False,True,2.0,"['huecos', 'malla vial']","['bogotá', 'carlosfgalan']","(""hueco"" OR ""huecos"" OR ""bache"" OR ""baches"") (Bogotá OR Bogota) -fiscal -financiero -filter:retweets lang:es",Scrapfly Search,2026-09-29T15:55:01-05:00,pysentimiento/robertuito-sentiment-analysis,NEG,NEGATIVO,0.9645,0.9645,0.0298,0.0057,2026-09-29T16:02:20-05:00
comment_00018,comentario,2104562404109451697,2104553641168253129,2104400673676595420,https://x.com/desconocido/status/2104562404109451697,@desconocido,,False,@Ss5541133426530 @KinderDeCortes @CarlosFGalan @PoliciaBogota 🤣🤣 Eso es Bogotá que es un hueco que el alcalde no quiere arreglar.,@Ss5541133426530 @KinderDeCortes @CarlosFGalan @PoliciaBogota 🤣🤣 Eso es Bogotá que es un hueco que el alcalde no quiere arreglar.,129,"['@Ss5541133426530', '@KinderDeCortes', '@CarlosFGalan', '@PoliciaBogota']",@Ss5541133426530,2026-09-28T13:22:32+00:00,2026,2026-09,Monday,13,es,2,0,1,143,False,True,1.4,['hueco'],"['bogotá', 'carlosfgalan']","(""hueco"" OR ""huecos"" OR ""bache"" OR ""baches"") (Bogotá OR Bogota) -fiscal -financiero -filter:retweets lang:es",Scrapfly Search,2026-09-29T15:55:01-05:00,pysentimiento/robertuito-sentiment-analysis,NEG,NEGATIVO,0.6199,0.6199,0.3551,0.0249,2026-09-29T16:02:20-05:00
comment_00019,comentario,2104559823576842374,2104216147952607406,2104216147952607406,https://x.com/desconocido/status/2104559823576842374,@desconocido,,False,"@idubogota @CarlosFGalan @PachoAlerta @OrlandoMolanoP @Bogota @manolitosalazar @ernestocortes28 Sacado pecho por algo que debe ser normal primera vez que sisualizamos que taparon huecos de las vías que construyen un puente peatonal, ese es el trabajo de ustedes","@idubogota @CarlosFGalan @PachoAlerta @OrlandoMolanoP @Bogota @manolitosalazar @ernestocortes28 Sacado pecho por algo que debe ser normal primera vez que sisualizamos que taparon huecos de las vías que construyen un puente peatonal, ese es el trabajo de ustedes",261,"['@idubogota', '@CarlosFGalan', '@PachoAlerta', '@OrlandoMolanoP', '@Bogota', '@manolitosalazar', '@ernestocortes28']",@idubogota,2026-09-28T13:12:17+00:00,2026,2026-09,Monday,13,es,0,0,0,26,False,True,1.8,['huecos'],"['bogota', 'idubogota', 'carlosfgalan']","(""hueco"" OR ""huecos"" OR ""bache"" OR ""baches"") (Bogotá OR Bogota) -fiscal -financiero -filter:retweets lang:es",Scrapfly Search,2026-09-29T15:55:01-05:00,pysentimiento/robertuito-sentiment-analysis,NEG,NEGATIVO,0.8812,0.8812,0.0983,0.0205,2026-09-29T16:02:20-05:00
comment_00020,comentario,2104550478625509715,2104536719492092186,2104536719492092186,https://x.com/desconocido/status/2104550478625509715,@desconocido,,False,"@patrulleroefra @idubogota @SectorMovilidad @CarlosFGalan @Bogota @UMVbogota Nunca pasaste de reportar puentes, semáforos y huecos, MEDIOCRE.","@patrulleroefra @idubogota @SectorMovilidad @CarlosFGalan @Bogota @UMVbogota Nunca pasaste de reportar puentes, semáforos y huecos, MEDIOCRE.",141,"['@patrulleroefra', '@idubogota', '@SectorMovilidad', '@CarlosFGalan', '@Bogota', '@UMVbogota']",@patrulleroefra,2026-09-28T12:35:09+00:00,2026,2026-09,Monday,12,es,4,0,0,53,False,True,2.6,['huecos'],"['bogota', 'idubogota', 'umvbogota', 'sectormovilidad', 'carlosfgalan']","(""hueco"" OR ""huecos"" OR ""bache"" OR ""baches"") (Bogotá OR Bogota) -fiscal -financiero -filter:retweets lang:es",Scrapfly Search,2026-09-29T15:55:01-05:00,pysentimiento/robertuito-sentiment-analysis,NEG,NEGATIVO,0.9593,0.9593,0.0322,0.0084,2026-09-29T16:02:20-05:00
comment_00022,comentario,2104893562512982192,2104752244209971637,2104752244209971637,https://x.com/desconocido/status/2104893562512982192,@desconocido,,False,@CarlosFGalan Inseguridad basuras vías cerradas por manifestación malla vial pésima mas impuestos  Bogotá  sin alcalde @CarlosFGalan,@CarlosFGalan Inseguridad basuras vías cerradas por manifestación malla vial pésima mas impuestos Bogotá sin alcalde @CarlosFGalan,130,"['@CarlosFGalan', '@CarlosFGalan']",@CarlosFGalan,2026-09-29T11:18:26+00:00,2026,2026-09,Tuesday,11,es,0,0,0,14,False,True,1.4,['malla vial'],"['bogotá', 'carlosfgalan']","(""malla vial"" OR ""deterioro vial"" OR ""pavimento"" OR ""asfalto"") (Bogotá OR Bogota) -fiscal -filter:retweets lang:es",Scrapfly Search,2026-09-29T15:55:01-05:00,pysentimiento/robertuito-sentiment-analysis,NEG,NEGATIVO,0.9632,0.9632,0.0312,0.0057,2026-09-29T16:02:20-05:00
comment_00023,comentario,2104863866463408611,2104380665982574893,2104380665982574893,https://x.com/desconocido/status/2104863866463408611,@desconocido,,False,"@CarlosFGalan @Bogota Así es alcalde se ven las calles en buen estado y como
ciudadanos no nos vemos metidos en trancones por el arreglo de la malla vial, como
pasaba antes muy bien alcalde mientras descansamos reparan las vías 👌","@CarlosFGalan @Bogota Así es alcalde se ven las calles en buen estado y como ciudadanos no nos vemos metidos en trancones por el arreglo de la malla vial, como pasaba antes muy bien alcalde mientras descansamos reparan las vías 👌",229,"['@CarlosFGalan', '@Bogota']",@CarlosFGalan,2026-09-29T09:20:26+00:00,2026,2026-09,Tuesday,9,es,0,0,0,6,False,True,1.4,['malla vial'],"['bogota', 'carlosfgalan']","(""malla vial"" OR ""deterioro vial"" OR ""pavimento"" OR ""asfalto"") (Bogotá OR Bogota) -fiscal -filter:retweets lang:es",Scrapfly Search,2026-09-29T15:55:01-05:00,pysentimiento/robertuito-sentiment-analysis,POS,POSITIVO,0.8172,0.0162,0.1665,0.8172,2026-09-29T16:02:20-05:00
comment_00025,comentario,2104836645199503828,2104574161607598391,2104574161607598391,https://x.com/desconocido/status/2104836645199503828,@desconocido,,True,"@Jufo1 @CarlosFGalan ¡Hola, @Jufo1!

Le contamos que el contratista de la obra tiene la obligación de instalar una nueva tubería de agua potable y renovar las existentes en la calle 73 con carrera 10, que eran de más de 30 años de antigüedad.

Sin embargo, la vía no había sido pavimentada por https://t.co/yoWgsafyBn","@Jufo1 @CarlosFGalan ¡Hola, @Jufo1! Le contamos que el contratista de la obra tiene la obligación de instalar una nueva tubería de agua potable y renovar las existentes en la calle 73 con carrera 10, que eran de más de 30 años de antigüedad. Sin embargo, la vía no había sido pavimentada por",291,"['@Jufo1', '@CarlosFGalan', '@Jufo1']",@Jufo1,2026-09-29T07:32:16+00:00,2026,2026-09,Tuesday,7,es,0,0,0,58,True,True,1.2,[],"['calle', 'carrera', 'carlosfgalan']","(""malla vial"" OR ""deterioro vial"" OR ""pavimento"" OR ""asfalto"") (Bogotá OR Bogota) -fiscal -filter:retweets lang:es",Scrapfly Search,2026-09-29T15:55:01-05:00,pysentimiento/robertuito-sentiment-analysis,NEU,NEUTRO,0.7364,0.1284,0.7364,0.1352,2026-09-29T16:02:20-05:00
comment_00028,comentario,2104675631430852936,2104650218277134628,2104650218277134628,https://x.com/desconocido/status/2104675631430852936,@desconocido,,False,"@JD_Quinteror Bogotá se está conjugando entre lo peor de lo peor en Civismo, y esas motonetas son su nueva plaga.
Se van a tirar el pavimento de todas las ciclorrutas.
Tienen que ponerle placa e impuestos a todas!","@JD_Quinteror Bogotá se está conjugando entre lo peor de lo peor en Civismo, y esas motonetas son su nueva plaga. Se van a tirar el pavimento de todas las ciclorrutas. Tienen que ponerle placa e impuestos a todas!",213,['@JD_Quinteror'],@JD_Quinteror,2026-09-28T20:52:28+00:00,2026,2026-09,Monday,20,es,0,0,0,20,False,True,1.0,['pavimento'],['bogotá'],"(""malla vial"" OR ""deterioro vial"" OR ""pavimento"" OR ""asfalto"") (Bogotá OR Bogota) -fiscal -filter:retweets lang:es",Scrapfly Search,2026-09-29T15:55:01-05:00,pysentimiento/robertuito-sentiment-analysis,NEG,NEGATIVO,0.9497,0.9497,0.0421,0.0081,2026-09-29T16:02:20-05:00
comment_00030,comentario,2104584022621909073,2104380665982574893,2104380665982574893,https://x.com/desconocido/status/2104584022621909073,@desconocido,,False,"@CarlosFGalan Se agradece Sr alcalde la atención de la malla vial en la parte alta de
@Bogota 🤐🤔🤐 @idubogota @UMVbogota @OrlandoMolanoP
@ciudadbolivar https://t.co/gpjUr6btSn",@CarlosFGalan Se agradece Sr alcalde la atención de la malla vial en la parte alta de @Bogota 🤐🤔🤐 @idubogota @UMVbogota @OrlandoMolanoP @ciudadbolivar,150,"['@CarlosFGalan', '@Bogota', '@idubogota', '@UMVbogota', '@OrlandoMolanoP', '@ciudadbolivar']",@CarlosFGalan,2026-09-28T14:48:26+00:00,2026,2026-09,Monday,14,es,1,0,0,47,True,True,2.2,['malla vial'],"['bogota', 'idubogota', 'umvbogota', 'carlosfgalan']","(""malla vial"" OR ""deterioro vial"" OR ""pavimento"" OR ""asfalto"") (Bogotá OR Bogota) -fiscal -filter:retweets lang:es",Scrapfly Search,2026-09-29T15:55:01-05:00,pysentimiento/robertuito-sentiment-analysis,NEG,NEGATIVO,0.5727,0.5727,0.4025,0.0249,2026-09-29T16:02:20-05:00
comment_00032,comentario,2104405377341141022,2104312272474501606,2104312272474501606,https://x.com/desconocido/status/2104405377341141022,@desconocido,,False,"@luciabastidasu La verdad es que Bogotá si está sin alcalde, sin rumbo, sin secretarías....sucia, insegura. Mal parqueados, invadida, mala malla vial, un caos","@luciabastidasu La verdad es que Bogotá si está sin alcalde, sin rumbo, sin secretarías....sucia, insegura. Mal parqueados, invadida, mala malla vial, un caos",158,['@luciabastidasu'],@luciabastidasu,2026-09-28T02:58:34+00:00,2026,2026-09,Monday,2,es,1,0,0,72,False,True,1.0,['malla vial'],['bogotá'],"(""malla vial"" OR ""deterioro vial"" OR ""pavimento"" OR ""asfalto"") (Bogotá OR Bogota) -fiscal -filter:retweets lang:es",Scrapfly Search,2026-09-29T15:55:01-05:00,pysentimiento/robertuito-sentiment-analysis,NEG,NEGATIVO,0.9795,0.9795,0.017,0.0035,2026-09-29T16:02:20-05:00
comment_00033,comentario,2104394065928188007,2104380665982574893,2104380665982574893,https://x.com/desconocido/status/2104394065928188007,@desconocido,,False,@CarlosFGalan La localidad con peor malla vial en Bogotá es Fontibón.,@CarlosFGalan La localidad con peor malla vial en Bogotá es Fontibón.,69,['@CarlosFGalan'],@CarlosFGalan,2026-09-28T02:13:37+00:00,2026,2026-09,Monday,2,es,0,0,0,66,False,True,2.2,['malla vial'],"['bogotá', 'localidad', 'fontibón', 'carlosfgalan']","(""malla vial"" OR ""deterioro vial"" OR ""pavimento"" OR ""asfalto"") (Bogotá OR Bogota) -fiscal -filter:retweets lang:es",Scrapfly Search,2026-09-29T15:55:01-05:00,pysentimiento/robertuito-sentiment-analysis,NEG,NEGATIVO,0.8366,0.8366,0.1488,0.0146,2026-09-29T16:02:20-05:00
comment_00034,comentario,2104393706493325558,2103621684561604998,2103621684561604998,https://x.com/desconocido/status/2104393706493325558,@desconocido,,False,"@clarasandoval @DNP_Colombia @ABDELAESPRIELLA Renuncie. Bogotá un desastre total en todas las áreas, no se salva nada: insegura, sucia, Malla vial en mal estado, cambuches zonas verdes, Transmilenio una plaza, mal parqueados, tarifas de parqueaderos en las nubes. vías invadidas por obras particulares. @CarlosFGalan","@clarasandoval @DNP_Colombia @ABDELAESPRIELLA Renuncie. Bogotá un desastre total en todas las áreas, no se salva nada: insegura, sucia, Malla vial en mal estado, cambuches zonas verdes, Transmilenio una plaza, mal parqueados, tarifas de parqueaderos en las nubes. vías invadidas por obras particulares. @CarlosFGalan",316,"['@clarasandoval', '@DNP_Colombia', '@ABDELAESPRIELLA', '@CarlosFGalan']",@clarasandoval,2026-09-28T02:12:12+00:00,2026,2026-09,Monday,2,es,1,1,0,45,False,True,1.4,['malla vial'],"['bogotá', 'carlosfgalan']","(""malla vial"" OR ""deterioro vial"" OR ""pavimento"" OR ""asfalto"") (Bogotá OR Bogota) -fiscal -filter:retweets lang:es",Scrapfly Search,2026-09-29T15:55:01-05:00,pysentimiento/robertuito-sentiment-analysis,NEG,NEGATIVO,0.9694,0.9694,0.0259,0.0048,2026-09-29T16:02:20-05:00
comment_00035,comentario,2104391948190531712,2104383414937731156,2104383414937731156,https://x.com/desconocido/status/2104391948190531712,@desconocido,,False,"@Beatriz14470382 @ABDELAESPRIELLA @CarlosFGalan Que tristeza Bogotá con un trivago de alcalde.. insegura, sucia, trancada, Transmilenio plaza de mercado. Malla vial en mala estado, mal parqueados, zonas verdes llenas de cambuches y pagando impuestos innecesarios.... Y la gerente no funciona","@Beatriz14470382 @ABDELAESPRIELLA @CarlosFGalan Que tristeza Bogotá con un trivago de alcalde.. insegura, sucia, trancada, Transmilenio plaza de mercado. Malla vial en mala estado, mal parqueados, zonas verdes llenas de cambuches y pagando impuestos innecesarios.... Y la gerente no funciona",291,"['@Beatriz14470382', '@ABDELAESPRIELLA', '@CarlosFGalan']",@Beatriz14470382,2026-09-28T02:05:12+00:00,2026,2026-09,Monday,2,es,0,1,0,39,False,True,1.4,['malla vial'],"['bogotá', 'carlosfgalan']","(""malla vial"" OR ""deterioro vial"" OR ""pavimento"" OR ""asfalto"") (Bogotá OR Bogota) -fiscal -filter:retweets lang:es",Scrapfly Search,2026-09-29T15:55:01-05:00,pysentimiento/robertuito-sentiment-analysis,NEG,NEGATIVO,0.9779,0.9779,0.0183,0.0039,2026-09-29T16:02:20-05:00
comment_00040,comentario,2104706752704876900,2104317010788139473,2104317010788139473,https://x.com/desconocido/status/2104706752704876900,@desconocido,,False,"@SANTAMARIAURIBE En la carrera 52 con calle 17 hicieron lo mismo, acabaron de pavimentar para romper porque quedó mal. Una obra de 200 m, lleva 3 meses, en 3 semanas ningún avance; mientras la kr 50, a una cuadra estaba en buen estado y pasaron pavimento sin necesidad. 0 planificación @idubogota","@SANTAMARIAURIBE En la carrera 52 con calle 17 hicieron lo mismo, acabaron de pavimentar para romper porque quedó mal. Una obra de 200 m, lleva 3 meses, en 3 semanas ningún avance; mientras la kr 50, a una cuadra estaba en buen estado y pasaron pavimento sin necesidad. 0 planificación @idubogota",296,"['@SANTAMARIAURIBE', '@idubogota']",@SANTAMARIAURIBE,2026-09-28T22:56:08+00:00,2026,2026-09,Monday,22,es,0,0,0,37,False,True,2.2,['pavimento'],"['calle', 'carrera', 'kr', 'idubogota']",(@UMVBogota OR @SectorMovilidad OR @idubogota) (hueco OR bache OR deterioro OR pavimento) -filter:retweets lang:es,Scrapfly Search,2026-09-29T15:55:01-05:00,pysentimiento/robertuito-sentiment-analysis,NEG,NEGATIVO,0.9101,0.9101,0.0812,0.0087,2026-09-29T16:02:20-05:00
comment_00041,comentario,2104628476137316650,2104606349736730755,2104606349736730755,https://x.com/desconocido/status/2104628476137316650,@desconocido,,False,@SectorMovilidad @idubogota @UMVbogota Un hueco en la avenida suba en el semáforo para voltear a la 70 morato lleva más de 6 meses miren a ver porque siempre faranduleando,@SectorMovilidad @idubogota @UMVbogota Un hueco en la avenida suba en el semáforo para voltear a la 70 morato lleva más de 6 meses miren a ver porque siempre faranduleando,171,"['@SectorMovilidad', '@idubogota', '@UMVbogota']",@SectorMovilidad,2026-09-28T17:45:05+00:00,2026,2026-09,Monday,17,es,0,0,0,29,False,True,2.6,['hueco'],"['avenida', 'suba', 'idubogota', 'umvbogota', 'sectormovilidad']",(@UMVBogota OR @SectorMovilidad OR @idubogota) (hueco OR bache OR deterioro OR pavimento) -filter:retweets lang:es,Scrapfly Search,2026-09-29T15:55:01-05:00,pysentimiento/robertuito-sentiment-analysis,NEG,NEGATIVO,0.8872,0.8872,0.1036,0.0092,2026-09-29T16:02:20-05:00
comment_00043,comentario,2104329493447860425,2104204792645984591,2104204792645984591,https://x.com/desconocido/status/2104329493447860425,@desconocido,,False,"@idubogota @OrlandoMolanoP @ernestocortes28 @CarlosFGalan @Bogota Revisen en el cruce de la calle 100 x av 19 que llevan contemplando un hueco como 6 meses. Verifiquen si ya les pagaron el adicional que se inventaron para poder taparlo. La interventoria
 no hace bien su trabajo.",@idubogota @OrlandoMolanoP @ernestocortes28 @CarlosFGalan @Bogota Revisen en el cruce de la calle 100 x av 19 que llevan contemplando un hueco como 6 meses. Verifiquen si ya les pagaron el adicional que se inventaron para poder taparlo. La interventoria no hace bien su trabajo.,278,"['@idubogota', '@OrlandoMolanoP', '@ernestocortes28', '@CarlosFGalan', '@Bogota']",@idubogota,2026-09-27T21:57:02+00:00,2026,2026-09,Sunday,21,es,0,0,0,153,False,True,2.6,['hueco'],"['bogota', 'calle', 'av', 'idubogota', 'carlosfgalan']",(@UMVBogota OR @SectorMovilidad OR @idubogota) (hueco OR bache OR deterioro OR pavimento) -filter:retweets lang:es,Scrapfly Search,2026-09-29T15:55:01-05:00,pysentimiento/robertuito-sentiment-analysis,NEG,NEGATIVO,0.936,0.936,0.0583,0.0057,2026-09-29T16:02:20-05:00
comment_00044,comentario,2104280924057956416,2104204792645984591,2104204792645984591,https://x.com/desconocido/status/2104280924057956416,@desconocido,,False,"@idubogota @OrlandoMolanoP @ernestocortes28 @CarlosFGalan @Bogota Ojalá terminen algún hp día la malparida esquina de Cafam la floresta , ya han tapado ese hp hueco 14 veces y vuelven y lo abren 😂😬","@idubogota @OrlandoMolanoP @ernestocortes28 @CarlosFGalan @Bogota Ojalá terminen algún hp día la malparida esquina de Cafam la floresta , ya han tapado ese hp hueco 14 veces y vuelven y lo abren 😂😬",197,"['@idubogota', '@OrlandoMolanoP', '@ernestocortes28', '@CarlosFGalan', '@Bogota']",@idubogota,2026-09-27T18:44:02+00:00,2026,2026-09,Sunday,18,es,4,0,0,147,False,True,1.8,['hueco'],"['bogota', 'idubogota', 'carlosfgalan']",(@UMVBogota OR @SectorMovilidad OR @idubogota) (hueco OR bache OR deterioro OR pavimento) -filter:retweets lang:es,Scrapfly Search,2026-09-29T15:55:01-05:00,pysentimiento/robertuito-sentiment-analysis,NEG,NEGATIVO,0.7904,0.7904,0.1933,0.0163,2026-09-29T16:02:20-05:00
comment_00045,comentario,2104226146854297634,2104204792645984591,2104204792645984591,https://x.com/desconocido/status/2104226146854297634,@desconocido,,False,@idubogota @OrlandoMolanoP @ernestocortes28 @CarlosFGalan @Bogota Llevan 5 años cavando ese hueco,@idubogota @OrlandoMolanoP @ernestocortes28 @CarlosFGalan @Bogota Llevan 5 años cavando ese hueco,97,"['@idubogota', '@OrlandoMolanoP', '@ernestocortes28', '@CarlosFGalan', '@Bogota']",@idubogota,2026-09-27T15:06:22+00:00,2026,2026-09,Sunday,15,es,9,0,0,119,False,True,1.8,['hueco'],"['bogota', 'idubogota', 'carlosfgalan']",(@UMVBogota OR @SectorMovilidad OR @idubogota) (hueco OR bache OR deterioro OR pavimento) -filter:retweets lang:es,Scrapfly Search,2026-09-29T15:55:01-05:00,pysentimiento/robertuito-sentiment-analysis,NEG,NEGATIVO,0.7874,0.7874,0.1859,0.0267,2026-09-29T16:02:20-05:00
comment_00046,comentario,2103115246013743419,2102839539320647945,2102839539320647945,https://x.com/desconocido/status/2103115246013743419,@desconocido,,False,"@SectorMovilidad S. funcionarios @SectorMovilidad :
Segmentar carriles en una ciudad carente d infraestructura tiene el mismo impacto q pintar sobre el hueco…
(miren el carril d la 7ª frente a la @UniJaveriana …)

¿La doctrina vial del sancionado @Bocarejo_JP sigue impuesta en @Bogota …?",@SectorMovilidad S. funcionarios @SectorMovilidad : Segmentar carriles en una ciudad carente d infraestructura tiene el mismo impacto q pintar sobre el hueco… (miren el carril d la 7ª frente a la @UniJaveriana …) ¿La doctrina vial del sancionado @Bocarejo_JP sigue impuesta en @Bogota …?,287,"['@SectorMovilidad', '@SectorMovilidad', '@UniJaveriana', '@Bocarejo_JP', '@Bogota']",@SectorMovilidad,2026-09-24T13:32:03+00:00,2026,2026-09,Thursday,13,es,1,0,0,40,False,True,1.4,['hueco'],"['bogota', 'sectormovilidad']",(@UMVBogota OR @SectorMovilidad OR @idubogota) (hueco OR bache OR deterioro OR pavimento) -filter:retweets lang:es,Scrapfly Search,2026-09-29T15:55:01-05:00,pysentimiento/robertuito-sentiment-analysis,NEG,NEGATIVO,0.9046,0.9046,0.0903,0.0051,2026-09-29T16:02:20-05:00
comment_00047,comentario,2102829368292868122,2102450759413420398,2102450759413420398,https://x.com/desconocido/status/2102829368292868122,@desconocido,,False,"@idubogota @CarlosFGalan @OrlandoMolanoP @Bogota @manolitosalazar @ernestocortes28 @PachoAlerta @SectorMovilidad @Maferoc Es un túnel tenebroso que se convertirá en orinal y atracadero💀.
En pocos días ese hueco estará lleno de vendedores ambulantes feriando todo tipo de baratijas y comida picha.",@idubogota @CarlosFGalan @OrlandoMolanoP @Bogota @manolitosalazar @ernestocortes28 @PachoAlerta @SectorMovilidad @Maferoc Es un túnel tenebroso que se convertirá en orinal y atracadero💀. En pocos días ese hueco estará lleno de vendedores ambulantes feriando todo tipo de baratijas y comida picha.,296,"['@idubogota', '@CarlosFGalan', '@OrlandoMolanoP', '@Bogota', '@manolitosalazar', '@ernestocortes28', '@PachoAlerta', '@SectorMovilidad', '@Maferoc']",@idubogota,2026-09-23T18:36:04+00:00,2026,2026-09,Wednesday,18,es,11,0,0,246,False,True,2.2,['hueco'],"['bogota', 'idubogota', 'sectormovilidad', 'carlosfgalan']",(@UMVBogota OR @SectorMovilidad OR @idubogota) (hueco OR bache OR deterioro OR pavimento) -filter:retweets lang:es,Scrapfly Search,2026-09-29T15:55:01-05:00,pysentimiento/robertuito-sentiment-analysis,NEG,NEGATIVO,0.7996,0.7996,0.1825,0.018,2026-09-29T16:02:20-05:00
comment_00048,comentario,2102519496481398857,2102450759413420398,2102450759413420398,https://x.com/desconocido/status/2102519496481398857,@desconocido,,False,@idubogota @CarlosFGalan @OrlandoMolanoP @Bogota @manolitosalazar @ernestocortes28 @PachoAlerta @SectorMovilidad @Maferoc 7 años y celebran porque hicieron un hueco. Los bogotanos si nos dejamos robar mucho.,@idubogota @CarlosFGalan @OrlandoMolanoP @Bogota @manolitosalazar @ernestocortes28 @PachoAlerta @SectorMovilidad @Maferoc 7 años y celebran porque hicieron un hueco. Los bogotanos si nos dejamos robar mucho.,207,"['@idubogota', '@CarlosFGalan', '@OrlandoMolanoP', '@Bogota', '@manolitosalazar', '@ernestocortes28', '@PachoAlerta', '@SectorMovilidad', '@Maferoc']",@idubogota,2026-09-22T22:04:45+00:00,2026,2026-09,Tuesday,22,es,1,0,0,121,False,True,2.2,['hueco'],"['bogota', 'idubogota', 'sectormovilidad', 'carlosfgalan']",(@UMVBogota OR @SectorMovilidad OR @idubogota) (hueco OR bache OR deterioro OR pavimento) -filter:retweets lang:es,Scrapfly Search,2026-09-29T15:55:01-05:00,pysentimiento/robertuito-sentiment-analysis,NEG,NEGATIVO,0.858,0.858,0.1193,0.0228,2026-09-29T16:02:20-05:00
comment_00049,comentario,2100719708144062722,2100682597747892390,2100682597747892390,https://x.com/desconocido/status/2100719708144062722,@desconocido,,False,"@UltimaHoraCR @SectorMovilidad Poner semáforos en una glorieta, es como hacerle un hueco a un tanque, va en contravía total del objetivo principal para lo que fue diseñado el elemento originalmente.","@UltimaHoraCR @SectorMovilidad Poner semáforos en una glorieta, es como hacerle un hueco a un tanque, va en contravía total del objetivo principal para lo que fue diseñado el elemento originalmente.",198,"['@UltimaHoraCR', '@SectorMovilidad']",@UltimaHoraCR,2026-09-17T22:53:02+00:00,2026,2026-09,Thursday,22,es,29,1,0,386,False,True,1.0,['hueco'],['sectormovilidad'],(@UMVBogota OR @SectorMovilidad OR @idubogota) (hueco OR bache OR deterioro OR pavimento) -filter:retweets lang:es,Scrapfly Search,2026-09-29T15:55:01-05:00,pysentimiento/robertuito-sentiment-analysis,NEG,NEGATIVO,0.8879,0.8879,0.1049,0.0072,2026-09-29T16:02:20-05:00
comment_00050,comentario,2100404305291325831,2100373948990996902,2100373948990996902,https://x.com/desconocido/status/2100404305291325831,@desconocido,,False,"@LaMartaSinH @SectorMovilidad El pico y placa fue una medida ""ambiental""por qué para hibridos y no para motos?Las motos son el origen del deterioro de las ciudades en cualquier parte del mundo. Se les dijo, se les advirtió y ahí el resultado y encima las ensambladoras son de poderosos por eso tantas prevendas","@LaMartaSinH @SectorMovilidad El pico y placa fue una medida ""ambiental""por qué para hibridos y no para motos?Las motos son el origen del deterioro de las ciudades en cualquier parte del mundo. Se les dijo, se les advirtió y ahí el resultado y encima las ensambladoras son de poderosos por eso tantas prevendas",310,"['@LaMartaSinH', '@SectorMovilidad']",@LaMartaSinH,2026-09-17T01:59:44+00:00,2026,2026-09,Thursday,1,es,55,1,2,723,False,True,0.4,[],['sectormovilidad'],(@UMVBogota OR @SectorMovilidad OR @idubogota) (hueco OR bache OR deterioro OR pavimento) -filter:retweets lang:es,Scrapfly Search,2026-09-29T15:55:01-05:00,pysentimiento/robertuito-sentiment-analysis,NEG,NEGATIVO,0.8978,0.8978,0.0952,0.007,2026-09-29T16:02:20-05:00
comment_00051,comentario,2100013865106907599,2099999069498183753,2099999069498183753,https://x.com/desconocido/status/2100013865106907599,@desconocido,,False,"@papoaminCD @SectorMovilidad Es Vergonzoso ver como la Malla Vial esta en Completo deterioro,y ver que la arquitectura de las calles,no se acomoda con la densidad de Población de Motosy Carros de la ciudad,y Mientras tanto las administraciones responsables se limitan a publicar videos Criticando, ESPANTOSO.","@papoaminCD @SectorMovilidad Es Vergonzoso ver como la Malla Vial esta en Completo deterioro,y ver que la arquitectura de las calles,no se acomoda con la densidad de Población de Motosy Carros de la ciudad,y Mientras tanto las administraciones responsables se limitan a publicar videos Criticando, ESPANTOSO.",308,"['@papoaminCD', '@SectorMovilidad']",@papoaminCD,2026-09-16T00:08:16+00:00,2026,2026-09,Wednesday,0,es,3,0,1,120,False,True,1.0,['malla vial'],['sectormovilidad'],(@UMVBogota OR @SectorMovilidad OR @idubogota) (hueco OR bache OR deterioro OR pavimento) -filter:retweets lang:es,Scrapfly Search,2026-09-29T15:55:01-05:00,pysentimiento/robertuito-sentiment-analysis,NEG,NEGATIVO,0.9834,0.9834,0.0137,0.0029,2026-09-29T16:02:20-05:00
comment_00052,comentario,2097892668185387027,2097674141876863230,2097674141876863230,https://x.com/desconocido/status/2097892668185387027,@desconocido,,False,"@idubogota Puro cuento. Uno pasa por esa zona y casi no hay obreros trabajando, abren huecos, los cierran y despues a las semanas vuelven a abrir el mismo hueco con otra excusa. Ni los obreros saben q tienen q hacer.","@idubogota Puro cuento. Uno pasa por esa zona y casi no hay obreros trabajando, abren huecos, los cierran y despues a las semanas vuelven a abrir el mismo hueco con otra excusa. Ni los obreros saben q tienen q hacer.",216,['@idubogota'],@idubogota,2026-09-10T03:39:23+00:00,2026,2026-09,Thursday,3,es,2,0,0,28,False,True,1.6,"['hueco', 'huecos']",['idubogota'],(@UMVBogota OR @SectorMovilidad OR @idubogota) (hueco OR bache OR deterioro OR pavimento) -filter:retweets lang:es,Scrapfly Search,2026-09-29T15:55:01-05:00,pysentimiento/robertuito-sentiment-analysis,NEG,NEGATIVO,0.9497,0.9497,0.046,0.0043,2026-09-29T16:02:20-05:00
comment_00053,comentario,2097819378905501837,2097676637424738544,2097676637424738544,https://x.com/desconocido/status/2097819378905501837,@desconocido,,False,"@gisselleapa @idubogota @Bogota En ese Punto de Bogotá y al menos 1000 más que rompen ponen polisombras,abre un HP hueco y nunca avanzan...Puedo enviar  registro de fotos las que quieran","@gisselleapa @idubogota @Bogota En ese Punto de Bogotá y al menos 1000 más que rompen ponen polisombras,abre un HP hueco y nunca avanzan...Puedo enviar registro de fotos las que quieran",185,"['@gisselleapa', '@idubogota', '@Bogota']",@gisselleapa,2026-09-09T22:48:10+00:00,2026,2026-09,Wednesday,22,es,3,2,0,56,False,True,1.8,['hueco'],"['bogotá', 'bogota', 'idubogota']",(@UMVBogota OR @SectorMovilidad OR @idubogota) (hueco OR bache OR deterioro OR pavimento) -filter:retweets lang:es,Scrapfly Search,2026-09-29T15:55:01-05:00,pysentimiento/robertuito-sentiment-analysis,NEG,NEGATIVO,0.8019,0.8019,0.1865,0.0116,2026-09-29T16:02:20-05:00
comment_00055,comentario,2097370394109816860,2097307802112798783,2097307802112798783,https://x.com/desconocido/status/2097370394109816860,@desconocido,,False,"@idubogota @SectorMovilidad @OrlandoMolanoP @Maferoc @Bogota @TransMilenio @manolitosalazar @CarlosFGalan Ojalá los Bogotanos les cobren en las urnas lo que han hecho con el tráfico d esta ciudad, el deterioro en la calidad de vida y el aumento en los tiempos de viaje, ojalá les cobren destapar toda la ciudad y no terminar ninguna obra, ojalá ustedes  nunca vuelvan a un cargo público","@idubogota @SectorMovilidad @OrlandoMolanoP @Maferoc @Bogota @TransMilenio @manolitosalazar @CarlosFGalan Ojalá los Bogotanos les cobren en las urnas lo que han hecho con el tráfico d esta ciudad, el deterioro en la calidad de vida y el aumento en los tiempos de viaje, ojalá les cobren destapar toda la ciudad y no terminar ninguna obra, ojalá ustedes nunca vuelvan a un cargo público",385,"['@idubogota', '@SectorMovilidad', '@OrlandoMolanoP', '@Maferoc', '@Bogota', '@TransMilenio', '@manolitosalazar', '@CarlosFGalan']",@idubogota,2026-09-08T17:04:03+00:00,2026,2026-09,Tuesday,17,es,4,0,0,121,False,True,1.6,[],"['bogota', 'idubogota', 'sectormovilidad', 'carlosfgalan']",(@UMVBogota OR @SectorMovilidad OR @idubogota) (hueco OR bache OR deterioro OR pavimento) -filter:retweets lang:es,Scrapfly Search,2026-09-29T15:55:01-05:00,pysentimiento/robertuito-sentiment-analysis,NEG,NEGATIVO,0.942,0.942,0.0486,0.0094,2026-09-29T16:02:20-05:00
comment_00056,comentario,2097051972117401860,2096973442440376440,2096973442440376440,https://x.com/desconocido/status/2097051972117401860,@desconocido,,False,"@DanielMejiaL @SectorMovilidad En la Cali, cerca del Tintal, pusieron como 12 policías acostados en 1 km (en ambas direcciones). Eso daña los carros y aumenta el consumo de gasolina a cada rato parando y arrancando. UN POLICÍA ACOSTADO TIENE EL MISMO EFECTO Y DAÑO QUE UN HUECO.","@DanielMejiaL @SectorMovilidad En la Cali, cerca del Tintal, pusieron como 12 policías acostados en 1 km (en ambas direcciones). Eso daña los carros y aumenta el consumo de gasolina a cada rato parando y arrancando. UN POLICÍA ACOSTADO TIENE EL MISMO EFECTO Y DAÑO QUE UN HUECO.",278,"['@DanielMejiaL', '@SectorMovilidad']",@DanielMejiaL,2026-09-07T19:58:46+00:00,2026,2026-09,Monday,19,es,2,0,0,102,False,True,1.0,['hueco'],['sectormovilidad'],(@UMVBogota OR @SectorMovilidad OR @idubogota) (hueco OR bache OR deterioro OR pavimento) -filter:retweets lang:es,Scrapfly Search,2026-09-29T15:55:01-05:00,pysentimiento/robertuito-sentiment-analysis,NEG,NEGATIVO,0.8953,0.8953,0.097,0.0077,2026-09-29T16:02:20-05:00
comment_00057,comentario,2095661446491234373,2095658754595226107,2095658754595226107,https://x.com/desconocido/status/2095661446491234373,@desconocido,,True,"@SeguridadBOG @PoliciaBogota @AlcaldiaSantaFe @Alca_Martires @CarlosFGalan @Bogota @Uaesp @GobiernoBTA @SectorSalud @SectorMovilidad @TransMilenio Bogotá no necesita “jornadas” de recuperación. Necesita una ciudad limpia, ordenada y segura todos los días.

Levantar cambuches una vez y volver semanas después al mismo punto no resuelve nada. El espacio público debe tener presencia permanente, limpieza, iluminación, control,","@SeguridadBOG @PoliciaBogota @AlcaldiaSantaFe @Alca_Martires @CarlosFGalan @Bogota @Uaesp @GobiernoBTA @SectorSalud @SectorMovilidad @TransMilenio Bogotá no necesita “jornadas” de recuperación. Necesita una ciudad limpia, ordenada y segura todos los días. Levantar cambuches una vez y volver semanas después al mismo punto no resuelve nada. El espacio público debe tener presencia permanente, limpieza, iluminación, control,",424,"['@SeguridadBOG', '@PoliciaBogota', '@AlcaldiaSantaFe', '@Alca_Martires', '@CarlosFGalan', '@Bogota', '@Uaesp', '@GobiernoBTA', '@SectorSalud', '@SectorMovilidad', '@TransMilenio']",@SeguridadBOG,2026-09-03T23:53:19+00:00,2026,2026-09,Thursday,23,es,21,4,1,240,False,True,1.6,[],"['bogotá', 'bogota', 'sectormovilidad', 'carlosfgalan']",(@UMVBogota OR @SectorMovilidad OR @idubogota) (hueco OR bache OR deterioro OR pavimento) -filter:retweets lang:es,Scrapfly Search,2026-09-29T15:55:01-05:00,pysentimiento/robertuito-sentiment-analysis,NEG,NEGATIVO,0.5346,0.5346,0.4051,0.0603,2026-09-29T16:02:20-05:00
comment_00059,comentario,2091981720388096373,2091978674048541091,2091978674048541091,https://x.com/desconocido/status/2091981720388096373,@desconocido,,True,"@MunirCardenas @idubogota @UMVbogota Te esperamos en Kennedy, donde la alcaldía de Claudia López pavimentó un barrio, pero misteriosamente se embolató el presupuesto de 3 calles y nunca nadie dijo nada. Calles que los pasajeros y turistas del Metro van a ver en ese estado desde allá arriba.","@MunirCardenas @idubogota @UMVbogota Te esperamos en Kennedy, donde la alcaldía de Claudia López pavimentó un barrio, pero misteriosamente se embolató el presupuesto de 3 calles y nunca nadie dijo nada. Calles que los pasajeros y turistas del Metro van a ver en ese estado desde allá arriba.",291,"['@MunirCardenas', '@idubogota', '@UMVbogota']",@MunirCardenas,2026-08-24T20:11:23+00:00,2026,2026-08,Monday,20,es,4,0,0,81,False,True,1.6,[],"['barrio', 'kennedy', 'idubogota', 'umvbogota']",(@UMVBogota OR @SectorMovilidad OR @idubogota) (hueco OR bache OR deterioro OR pavimento) -filter:retweets lang:es,Scrapfly Search,2026-09-29T15:55:01-05:00,pysentimiento/robertuito-sentiment-analysis,NEG,NEGATIVO,0.5853,0.5853,0.3808,0.034,2026-09-29T16:02:20-05:00
comment_00062,comentario,2097430491007738214,2097430485664162237,2097430476881330439,https://x.com/desconocido/status/2097430491007738214,@desconocido,,True,"Caso 3: Medellín–Bogotá (el más grave de todos).

A cargo del Invías desde 2018. Ya hay 2 demandas por accidentes fatales. Casi 1.000 huecos.

Invías recauda $205.000 millones/año en peajes. Solo destina $30.000 millones a mantenerla. El resto financia otros corredores. https://t.co/VnvHQKDxsD",Caso 3: Medellín–Bogotá (el más grave de todos). A cargo del Invías desde 2018. Ya hay 2 demandas por accidentes fatales. Casi 1.000 huecos. Invías recauda $205.000 millones/año en peajes. Solo destina $30.000 millones a mantenerla. El resto financia otros corredores.,268,[],@mateoamayaq,2026-09-08T21:02:52+00:00,2026,2026-09,Tuesday,21,es,137,39,4,3539,True,True,1.0,['huecos'],['bogotá'],"(""huecos"" OR ""baches"") (Bogotá OR Bogota) filter:images -fiscal -filter:retweets lang:es",Scrapfly Search,2026-09-29T15:55:01-05:00,pysentimiento/robertuito-sentiment-analysis,NEG,NEGATIVO,0.6579,0.6579,0.3211,0.021,2026-09-29T16:02:20-05:00
comment_00063,comentario,2097430481360822410,2097430476881330439,2097430476881330439,https://x.com/desconocido/status/2097430481360822410,@desconocido,,True,"Caso 1: Bogotá–Facatativá–Los Alpes.

30 años bajo concesión (CCFC) y en marzo se entregó a Invías.

Hoy: pavimento desgastado, señales caídas y huecos.

Foto del antes y el después: https://t.co/pewpUpeHBe","Caso 1: Bogotá–Facatativá–Los Alpes. 30 años bajo concesión (CCFC) y en marzo se entregó a Invías. Hoy: pavimento desgastado, señales caídas y huecos. Foto del antes y el después:",179,[],@mateoamayaq,2026-09-08T21:02:49+00:00,2026,2026-09,Tuesday,21,es,120,26,3,3969,True,True,1.6,"['huecos', 'pavimento']",['bogotá'],"(""huecos"" OR ""baches"") (Bogotá OR Bogota) filter:images -fiscal -filter:retweets lang:es",Scrapfly Search,2026-09-29T15:55:01-05:00,pysentimiento/robertuito-sentiment-analysis,NEG,NEGATIVO,0.6589,0.6589,0.3297,0.0114,2026-09-29T16:02:20-05:00
comment_00067,comentario,2092735656216637551,2092690521290408323,2092690521290408323,https://x.com/desconocido/status/2092735656216637551,@desconocido,,True,"@JorgeEBaron El lío es que @CarlosFGalan en @Bogota solo le interesa facturar con multas, se le olvidó la seguridad, las vías con huecos, los cambuches . 

Así que estemos en la inmunda .🐀 https://t.co/Q8fCvzbp5r","@JorgeEBaron El lío es que @CarlosFGalan en @Bogota solo le interesa facturar con multas, se le olvidó la seguridad, las vías con huecos, los cambuches . Así que estemos en la inmunda .🐀",186,"['@JorgeEBaron', '@CarlosFGalan', '@Bogota']",@JorgeEBaron,2026-08-26T22:07:16+00:00,2026,2026-08,Wednesday,22,es,22,7,0,1726,True,True,1.4,['huecos'],"['bogota', 'carlosfgalan']","(""huecos"" OR ""baches"") (Bogotá OR Bogota) filter:images -fiscal -filter:retweets lang:es",Scrapfly Search,2026-09-29T15:55:01-05:00,pysentimiento/robertuito-sentiment-analysis,NEG,NEGATIVO,0.9721,0.9721,0.0254,0.0025,2026-09-29T16:02:20-05:00
comment_00068,comentario,2092325725491634530,2092255354323116335,2092255354323116335,https://x.com/desconocido/status/2092325725491634530,@desconocido,,True,"@RevistaSemana Sigue @CarlosFGalan atrancando a la
Gente con las multas e impuestos, pero la seguridad, los huecos y los cambuches son los dueños de @Bogota . 

Se nota que #Soros está al mando como en #NY . https://t.co/BSkRU3di3k","@RevistaSemana Sigue @CarlosFGalan atrancando a la Gente con las multas e impuestos, pero la seguridad, los huecos y los cambuches son los dueños de @Bogota . Se nota que #Soros está al mando como en #NY .",205,"['@RevistaSemana', '@CarlosFGalan', '@Bogota']",@RevistaSemana,2026-08-25T18:58:21+00:00,2026,2026-08,Tuesday,18,es,2,0,0,79,True,True,1.4,['huecos'],"['bogota', 'carlosfgalan']","(""huecos"" OR ""baches"") (Bogotá OR Bogota) filter:images -fiscal -filter:retweets lang:es",Scrapfly Search,2026-09-29T15:55:01-05:00,pysentimiento/robertuito-sentiment-analysis,NEG,NEGATIVO,0.9252,0.9252,0.0676,0.0072,2026-09-29T16:02:20-05:00
comment_00070,comentario,2081395567351955718,2081121713622749556,2081121713622749556,https://x.com/desconocido/status/2081395567351955718,@desconocido,,False,"@GabrielGEscobar @petrogustavo Busca sus “logros” 2012 a 2015 cuando estuvo en Alcaldia @Bogota inhumana.
Lo que paso con el aseo y lq maquina tapa huecos.
O la compra flota de camiones viejos para basura.
El famoso @MetroBogota de cartón. 
Y las 100 motos eléctricas para Policía
lo mejor:
Las bolsas de dinero https://t.co/HBlYnMrvgv",@GabrielGEscobar @petrogustavo Busca sus “logros” 2012 a 2015 cuando estuvo en Alcaldia @Bogota inhumana. Lo que paso con el aseo y lq maquina tapa huecos. O la compra flota de camiones viejos para basura. El famoso @MetroBogota de cartón. Y las 100 motos eléctricas para Policía lo mejor: Las bolsas de dinero,310,"['@GabrielGEscobar', '@petrogustavo', '@Bogota', '@MetroBogota']",@GabrielGEscobar,2026-07-26T15:05:48+00:00,2026,2026-07,Sunday,15,es,2,3,0,175,True,True,1.4,['huecos'],"['bogota', 'alcaldia']","(""huecos"" OR ""baches"") (Bogotá OR Bogota) filter:images -fiscal -filter:retweets lang:es",Scrapfly Search,2026-09-29T15:55:01-05:00,pysentimiento/robertuito-sentiment-analysis,NEG,NEGATIVO,0.9219,0.9219,0.0713,0.0068,2026-09-29T16:02:20-05:00
comment_00072,comentario,2074562770247254462,2074316619463926018,2074316619463926018,https://x.com/desconocido/status/2074562770247254462,@desconocido,,False,"@NoticiasRCN Como el hpta ""tapa huecos"" y en la desastre de alcaldía de Bogotá y chirrete setenta hptas https://t.co/y5iRxcBzjb","@NoticiasRCN Como el hpta ""tapa huecos"" y en la desastre de alcaldía de Bogotá y chirrete setenta hptas",103,['@NoticiasRCN'],@NoticiasRCN,2026-07-07T18:34:42+00:00,2026,2026-07,Tuesday,18,es,9,3,0,121,True,True,1.0,['huecos'],['bogotá'],"(""huecos"" OR ""baches"") (Bogotá OR Bogota) filter:images -fiscal -filter:retweets lang:es",Scrapfly Search,2026-09-29T15:55:01-05:00,pysentimiento/robertuito-sentiment-analysis,NEG,NEGATIVO,0.8806,0.8806,0.0882,0.0312,2026-09-29T16:02:20-05:00
comment_00074,comentario,2070454038802354192,2070344478209019932,2070344478209019932,https://x.com/desconocido/status/2070454038802354192,@desconocido,,False,"@CarlosFGalan @Bogota @BomberosBogota Se despertó!!! Y también tiene que ponerse a trabajar. Cuando resuelve lo de las basuras,huecos,etc. no haga política con su cargo. https://t.co/x8DFAzavMO","@CarlosFGalan @Bogota @BomberosBogota Se despertó!!! Y también tiene que ponerse a trabajar. Cuando resuelve lo de las basuras,huecos,etc. no haga política con su cargo.",169,"['@CarlosFGalan', '@Bogota', '@BomberosBogota']",@CarlosFGalan,2026-06-26T10:28:04+00:00,2026,2026-06,Friday,10,es,3,0,2,133,True,True,1.4,['huecos'],"['bogota', 'carlosfgalan']","(""huecos"" OR ""baches"") (Bogotá OR Bogota) filter:images -fiscal -filter:retweets lang:es",Scrapfly Search,2026-09-29T15:55:01-05:00,pysentimiento/robertuito-sentiment-analysis,NEG,NEGATIVO,0.7867,0.7867,0.1925,0.0207,2026-09-29T16:02:20-05:00
comment_00076,comentario,2062549885140783238,2062549873925206099,2062549852794286450,https://x.com/desconocido/status/2062549885140783238,@desconocido,,False,"En promedio, en la @UMVBogota estamos tapando 7.000 huecos cada mes, lo que equivale a más de 250 intervenciones mensuales en diferentes puntos de la ciudad. 

Un trabajo que mejora la movilidad y reduce riesgos para quienes recorren por Bogotá todos los días. 💛❤️ https://t.co/vj3neiI2W4","En promedio, en la @UMVBogota estamos tapando 7.000 huecos cada mes, lo que equivale a más de 250 intervenciones mensuales en diferentes puntos de la ciudad. Un trabajo que mejora la movilidad y reduce riesgos para quienes recorren por Bogotá todos los días. 💛❤️",262,['@UMVBogota'],@monicaruedap,2026-06-04T14:59:47+00:00,2026,2026-06,Thursday,14,es,2,3,1,310,True,True,1.4,['huecos'],"['bogotá', 'umvbogota']","(""huecos"" OR ""baches"") (Bogotá OR Bogota) filter:images -fiscal -filter:retweets lang:es",Scrapfly Search,2026-09-29T15:55:01-05:00,pysentimiento/robertuito-sentiment-analysis,POS,POSITIVO,0.6941,0.0156,0.2903,0.6941,2026-09-29T16:02:20-05:00
comment_00080,comentario,2104055170799665518,2103867970371924004,2103867970371924004,https://x.com/desconocido/status/2104055170799665518,@desconocido,,False,@UMVbogota Muestren la calle pavimentada a la que le faltaron los andenes,@UMVbogota Muestren la calle pavimentada a la que le faltaron los andenes,73,['@UMVbogota'],@UMVbogota,2026-09-27T03:46:58+00:00,2026,2026-09,Sunday,3,es,0,0,0,4,False,True,0.8,[],"['calle', 'umvbogota']",to:UMVBogota (hueco OR bache OR daño OR calle OR avenida OR vía OR pavimentar OR arreglo OR cráter),Scrapfly Search,2026-09-29T15:55:01-05:00,pysentimiento/robertuito-sentiment-analysis,NEG,NEGATIVO,0.6716,0.6716,0.2988,0.0296,2026-09-29T16:02:20-05:00
comment_00083,comentario,2103533700193378655,2103183181252112494,2103183181252112494,https://x.com/desconocido/status/2103533700193378655,@desconocido,,False,"@UMVbogota @Engativalcaldia Pavimentaron 2 calles y ya...a una no le hicieron los andenes!! Dejaron las demás sin pavimentar...mentirosos, vengan y saquen pecho cuando todo el barrio este pavimentado.","@UMVbogota @Engativalcaldia Pavimentaron 2 calles y ya...a una no le hicieron los andenes!! Dejaron las demás sin pavimentar...mentirosos, vengan y saquen pecho cuando todo el barrio este pavimentado.",200,"['@UMVbogota', '@Engativalcaldia']",@UMVbogota,2026-09-25T17:14:50+00:00,2026,2026-09,Friday,17,es,0,0,0,11,False,True,0.8,[],"['barrio', 'umvbogota']",to:UMVBogota (hueco OR bache OR daño OR calle OR avenida OR vía OR pavimentar OR arreglo OR cráter),Scrapfly Search,2026-09-29T15:55:01-05:00,pysentimiento/robertuito-sentiment-analysis,NEG,NEGATIVO,0.9457,0.9457,0.047,0.0074,2026-09-29T16:02:20-05:00
comment_00084,comentario,2103233062662234116,2103099630485643367,2103099630485643367,https://x.com/desconocido/status/2103233062662234116,@desconocido,,False,"@UMVbogota @Engativalcaldia Hay barrios que sí y hay otros que no, ejemplo Bosa Islandia su calle principal sin asfaltado, en mal estado, es la calle 71a sur con Av Ciudad de Cali punto de referencia estación Transmilenio Islandia y Colegio Distrital Esmeralda Arboleda Cadavid, los vecinos le piden ayuda https://t.co/mwVH5K6Eax","@UMVbogota @Engativalcaldia Hay barrios que sí y hay otros que no, ejemplo Bosa Islandia su calle principal sin asfaltado, en mal estado, es la calle 71a sur con Av Ciudad de Cali punto de referencia estación Transmilenio Islandia y Colegio Distrital Esmeralda Arboleda Cadavid, los vecinos le piden ayuda",305,"['@UMVbogota', '@Engativalcaldia']",@UMVbogota,2026-09-24T21:20:12+00:00,2026,2026-09,Thursday,21,es,0,0,0,110,True,True,2.0,[],"['calle', 'av', 'sur', 'bosa', 'umvbogota']",to:UMVBogota (hueco OR bache OR daño OR calle OR avenida OR vía OR pavimentar OR arreglo OR cráter),Scrapfly Search,2026-09-29T15:55:01-05:00,pysentimiento/robertuito-sentiment-analysis,NEG,NEGATIVO,0.7859,0.7859,0.1985,0.0156,2026-09-29T16:02:20-05:00
comment_00085,comentario,2103232111960322536,2103125315958546839,2103125315958546839,https://x.com/desconocido/status/2103232111960322536,@desconocido,,False,"@UMVbogota @CarlosFGalan @monicaruedap @Engativalcaldia @VictorHuertasP Hay barrios que sí y hay otros que no, ejemplo Bosa Islandia su calle principal sin asfaltado, en mal estado, es la calle 71a sur con Av Ciudad de Cali punto de referencia estación Transmilenio Islandia y Colegio Distrital Esmeralda Arboleda Cadavid, los vecinos le piden ayuda https://t.co/ClJrNFaSKu","@UMVbogota @CarlosFGalan @monicaruedap @Engativalcaldia @VictorHuertasP Hay barrios que sí y hay otros que no, ejemplo Bosa Islandia su calle principal sin asfaltado, en mal estado, es la calle 71a sur con Av Ciudad de Cali punto de referencia estación Transmilenio Islandia y Colegio Distrital Esmeralda Arboleda Cadavid, los vecinos le piden ayuda",349,"['@UMVbogota', '@CarlosFGalan', '@monicaruedap', '@Engativalcaldia', '@VictorHuertasP']",@UMVbogota,2026-09-24T21:16:26+00:00,2026,2026-09,Thursday,21,es,0,0,0,96,True,True,2.4,[],"['calle', 'av', 'sur', 'bosa', 'umvbogota', 'carlosfgalan']",to:UMVBogota (hueco OR bache OR daño OR calle OR avenida OR vía OR pavimentar OR arreglo OR cráter),Scrapfly Search,2026-09-29T15:55:01-05:00,pysentimiento/robertuito-sentiment-analysis,NEG,NEGATIVO,0.8053,0.8053,0.1778,0.0169,2026-09-29T16:02:20-05:00
comment_00086,comentario,2103199429390164088,2103198280859435439,2103198280859435439,https://x.com/desconocido/status/2103199429390164088,@desconocido,,False,@UMVbogota @Engativalcaldia @idubogota Para cuando el arreglo del puente que conectaba el Parque de la Florida con Engativá Centro?,@UMVbogota @Engativalcaldia @idubogota Para cuando el arreglo del puente que conectaba el Parque de la Florida con Engativá Centro?,131,"['@UMVbogota', '@Engativalcaldia', '@idubogota']",@UMVbogota,2026-09-24T19:06:34+00:00,2026,2026-09,Thursday,19,es,0,0,0,30,False,True,1.2,[],"['engativá', 'idubogota', 'umvbogota']",to:UMVBogota (hueco OR bache OR daño OR calle OR avenida OR vía OR pavimentar OR arreglo OR cráter),Scrapfly Search,2026-09-29T15:55:01-05:00,pysentimiento/robertuito-sentiment-analysis,NEG,NEGATIVO,0.4852,0.4852,0.4738,0.041,2026-09-29T16:02:20-05:00
comment_00087,comentario,2103105784838074656,2103099630485643367,2103099630485643367,https://x.com/desconocido/status/2103105784838074656,@desconocido,,False,@UMVbogota @Engativalcaldia En la localidad santafe barrio las cruces se necesita reparcheo urgente en la carrera 4 entre avenida los comuneros y calle 2. En la carrera 6 entre avenida los comuneros y la calle 1. Los trancones son interminables por los huecos!. No contestan los mensajes al interno!,@UMVbogota @Engativalcaldia En la localidad santafe barrio las cruces se necesita reparcheo urgente en la carrera 4 entre avenida los comuneros y calle 2. En la carrera 6 entre avenida los comuneros y la calle 1. Los trancones son interminables por los huecos!. No contestan los mensajes al interno!,299,"['@UMVbogota', '@Engativalcaldia']",@UMVbogota,2026-09-24T12:54:27+00:00,2026,2026-09,Thursday,12,es,0,0,0,20,False,True,3.6,"['huecos', 'reparcheo']","['calle', 'carrera', 'avenida', 'barrio', 'localidad', 'umvbogota']",to:UMVBogota (hueco OR bache OR daño OR calle OR avenida OR vía OR pavimentar OR arreglo OR cráter),Scrapfly Search,2026-09-29T15:55:01-05:00,pysentimiento/robertuito-sentiment-analysis,NEG,NEGATIVO,0.8886,0.8886,0.1023,0.0091,2026-09-29T16:02:20-05:00
comment_00089,comentario,2102795398528303128,2102476789587042543,2102476789587042543,https://x.com/desconocido/status/2102795398528303128,@desconocido,,False,@UMVbogota En la localidad santafe barrio las cruces se necesita reparcheo urgente en la carrera 4 entre avenida los comuneros y calle 2. En la carrera 6 entre avenida los comuneros y la calle 1. Los trancones son interminables por los huecos!,@UMVbogota En la localidad santafe barrio las cruces se necesita reparcheo urgente en la carrera 4 entre avenida los comuneros y calle 2. En la carrera 6 entre avenida los comuneros y la calle 1. Los trancones son interminables por los huecos!,243,['@UMVbogota'],@UMVbogota,2026-09-23T16:21:05+00:00,2026,2026-09,Wednesday,16,es,0,0,0,19,False,True,3.6,"['huecos', 'reparcheo']","['calle', 'carrera', 'avenida', 'barrio', 'localidad', 'umvbogota']",to:UMVBogota (hueco OR bache OR daño OR calle OR avenida OR vía OR pavimentar OR arreglo OR cráter),Scrapfly Search,2026-09-29T15:55:01-05:00,pysentimiento/robertuito-sentiment-analysis,NEG,NEGATIVO,0.8442,0.8442,0.1403,0.0154,2026-09-29T16:02:20-05:00
comment_00090,comentario,2102795258643837096,2102488108399042625,2102488108399042625,https://x.com/desconocido/status/2102795258643837096,@desconocido,,False,@UMVbogota @Alcaldiakennedy En la localidad santafe barrio las cruces se necesita reparcheo urgente en la carrera 4 entre avenida los comuneros y calle 2. En la carrera 6 entre avenida los comuneros y la calle 1. Los trancones son interminables por los huecos!,@UMVbogota @Alcaldiakennedy En la localidad santafe barrio las cruces se necesita reparcheo urgente en la carrera 4 entre avenida los comuneros y calle 2. En la carrera 6 entre avenida los comuneros y la calle 1. Los trancones son interminables por los huecos!,260,"['@UMVbogota', '@Alcaldiakennedy']",@UMVbogota,2026-09-23T16:20:32+00:00,2026,2026-09,Wednesday,16,es,0,0,0,15,False,True,3.6,"['huecos', 'reparcheo']","['calle', 'carrera', 'avenida', 'barrio', 'localidad', 'umvbogota']",to:UMVBogota (hueco OR bache OR daño OR calle OR avenida OR vía OR pavimentar OR arreglo OR cráter),Scrapfly Search,2026-09-29T15:55:01-05:00,pysentimiento/robertuito-sentiment-analysis,NEG,NEGATIVO,0.8478,0.8478,0.1379,0.0143,2026-09-29T16:02:20-05:00
comment_00091,comentario,2102795209633329517,2102744541639987487,2102744541639987487,https://x.com/desconocido/status/2102795209633329517,@desconocido,,False,@UMVbogota En la localidad santafe barrio las cruces se necesita reparcheo urgente en la carrera 4 entre avenida los comuneros y calle 2. En la carrera 6 entre avenida los comuneros y la calle 1. Los trancones son interminables por los huecos!,@UMVbogota En la localidad santafe barrio las cruces se necesita reparcheo urgente en la carrera 4 entre avenida los comuneros y calle 2. En la carrera 6 entre avenida los comuneros y la calle 1. Los trancones son interminables por los huecos!,243,['@UMVbogota'],@UMVbogota,2026-09-23T16:20:20+00:00,2026,2026-09,Wednesday,16,es,0,0,0,13,False,True,3.6,"['huecos', 'reparcheo']","['calle', 'carrera', 'avenida', 'barrio', 'localidad', 'umvbogota']",to:UMVBogota (hueco OR bache OR daño OR calle OR avenida OR vía OR pavimentar OR arreglo OR cráter),Scrapfly Search,2026-09-29T15:55:01-05:00,pysentimiento/robertuito-sentiment-analysis,NEG,NEGATIVO,0.8442,0.8442,0.1403,0.0154,2026-09-29T16:02:20-05:00
comment_00092,comentario,2102748197118513441,2102722556209803692,2102722556209803692,https://x.com/desconocido/status/2102748197118513441,@desconocido,,False,"@UMVbogota @Bogota Señorrs UMV es posible que esto se arregle, barrio la uribe Calle 171 Carrera 20 a, lleva s mas de 3 años https://t.co/pkdL2JBvPV","@UMVbogota @Bogota Señorrs UMV es posible que esto se arregle, barrio la uribe Calle 171 Carrera 20 a, lleva s mas de 3 años",124,"['@UMVbogota', '@Bogota']",@UMVbogota,2026-09-23T13:13:32+00:00,2026,2026-09,Wednesday,13,es,0,0,0,15,True,True,2.4,[],"['bogota', 'calle', 'carrera', 'barrio', 'umv', 'umvbogota']",to:UMVBogota (hueco OR bache OR daño OR calle OR avenida OR vía OR pavimentar OR arreglo OR cráter),Scrapfly Search,2026-09-29T15:55:01-05:00,pysentimiento/robertuito-sentiment-analysis,NEU,NEUTRO,0.6191,0.3283,0.6191,0.0526,2026-09-29T16:02:20-05:00
comment_00093,comentario,2102511635911016670,2102488108399042625,2102488108399042625,https://x.com/desconocido/status/2102511635911016670,@desconocido,,False,@UMVbogota @Alcaldiakennedy Pero dejaron la calle siguiente sin arreglar y es por donde transita el alimentador de Transmilenio. https://t.co/rqhkW2j1y1,@UMVbogota @Alcaldiakennedy Pero dejaron la calle siguiente sin arreglar y es por donde transita el alimentador de Transmilenio.,128,"['@UMVbogota', '@Alcaldiakennedy']",@UMVbogota,2026-09-22T21:33:31+00:00,2026,2026-09,Tuesday,21,es,1,1,0,43,True,True,0.8,[],"['calle', 'umvbogota']",to:UMVBogota (hueco OR bache OR daño OR calle OR avenida OR vía OR pavimentar OR arreglo OR cráter),Scrapfly Search,2026-09-29T15:55:01-05:00,pysentimiento/robertuito-sentiment-analysis,NEG,NEGATIVO,0.8234,0.8234,0.1675,0.009,2026-09-29T16:02:20-05:00
comment_00100,comentario,2104981200502653147,2104824473405083901,2104824473405083901,https://x.com/desconocido/status/2104981200502653147,@desconocido,,False,"@idubogota Reparando vías que no tiene huecos, mientras otras parecen trochas. La calle 26 sur entre carreras 26-27 echa mierda.","@idubogota Reparando vías que no tiene huecos, mientras otras parecen trochas. La calle 26 sur entre carreras 26-27 echa mierda.",128,['@idubogota'],@idubogota,2026-09-29T17:06:41+00:00,2026,2026-09,Tuesday,17,es,0,0,0,2,False,True,1.8,['huecos'],"['calle', 'sur', 'idubogota']",to:idubogota (hueco OR bache OR cráter OR deterioro OR vía OR obras OR pavimento OR calle),Scrapfly Search,2026-09-29T15:55:01-05:00,pysentimiento/robertuito-sentiment-analysis,NEG,NEGATIVO,0.9296,0.9296,0.0604,0.0101,2026-09-29T16:02:20-05:00
comment_00101,comentario,2104918584132571320,2104915345781952802,2104915345781952802,https://x.com/desconocido/status/2104918584132571320,@desconocido,,False,@idubogota Claro la luz les dará captura 😀... Vía ... El negocio socioooo,@idubogota Claro la luz les dará captura 😀... Vía ... El negocio socioooo,73,['@idubogota'],@idubogota,2026-09-29T12:57:52+00:00,2026,2026-09,Tuesday,12,es,0,0,0,3,False,True,0.4,[],['idubogota'],to:idubogota (hueco OR bache OR cráter OR deterioro OR vía OR obras OR pavimento OR calle),Scrapfly Search,2026-09-29T15:55:01-05:00,pysentimiento/robertuito-sentiment-analysis,NEU,NEUTRO,0.8274,0.0401,0.8274,0.1325,2026-09-29T16:02:20-05:00
comment_00102,comentario,2104568492334657810,2104563769464525005,2104563769464525005,https://x.com/desconocido/status/2104568492334657810,@desconocido,,True,"@idubogota @Bogota @OrlandoMolanoP @CarlosFGalan @ernestocortes28 @manolitosalazar La vía patios es usada de manera irresponsable por los ciclistas, no tiene ciclovia, no es mejor anchar la vía para que todos los actores puedan usarla","@idubogota @Bogota @OrlandoMolanoP @CarlosFGalan @ernestocortes28 @manolitosalazar La vía patios es usada de manera irresponsable por los ciclistas, no tiene ciclovia, no es mejor anchar la vía para que todos los actores puedan usarla",234,"['@idubogota', '@Bogota', '@OrlandoMolanoP', '@CarlosFGalan', '@ernestocortes28', '@manolitosalazar']",@idubogota,2026-09-28T13:46:44+00:00,2026,2026-09,Monday,13,es,2,0,1,33,False,True,1.2,[],"['bogota', 'idubogota', 'carlosfgalan']",to:idubogota (hueco OR bache OR cráter OR deterioro OR vía OR obras OR pavimento OR calle),Scrapfly Search,2026-09-29T15:55:01-05:00,pysentimiento/robertuito-sentiment-analysis,NEG,NEGATIVO,0.8702,0.8702,0.1174,0.0125,2026-09-29T16:02:20-05:00
comment_00103,comentario,2104378903804449240,2104216147952607406,2104216147952607406,https://x.com/desconocido/status/2104378903804449240,@desconocido,,False,@idubogota @CarlosFGalan @PachoAlerta @OrlandoMolanoP @Bogota @manolitosalazar @ernestocortes28 Un poco ineficiente e improvisado. Se quedaron por fuera los usuarios de las bicicletas eléctricas. Esta mucho mejor estructurado el puente de av Boyacá con calle 80.,@idubogota @CarlosFGalan @PachoAlerta @OrlandoMolanoP @Bogota @manolitosalazar @ernestocortes28 Un poco ineficiente e improvisado. Se quedaron por fuera los usuarios de las bicicletas eléctricas. Esta mucho mejor estructurado el puente de av Boyacá con calle 80.,262,"['@idubogota', '@CarlosFGalan', '@PachoAlerta', '@OrlandoMolanoP', '@Bogota', '@manolitosalazar', '@ernestocortes28']",@idubogota,2026-09-28T01:13:22+00:00,2026,2026-09,Monday,1,es,1,0,1,69,False,True,2.4,[],"['bogota', 'calle', 'av', 'boyacá', 'idubogota', 'carlosfgalan']",to:idubogota (hueco OR bache OR cráter OR deterioro OR vía OR obras OR pavimento OR calle),Scrapfly Search,2026-09-29T15:55:01-05:00,pysentimiento/robertuito-sentiment-analysis,NEG,NEGATIVO,0.9518,0.9518,0.0388,0.0095,2026-09-29T16:02:20-05:00
comment_00104,comentario,2104331333983932435,2104218709954867708,2104218709954867708,https://x.com/desconocido/status/2104331333983932435,@desconocido,,False,"@idubogota @OrlandoMolanoP @CarlosFGalan @Bogota @manolitosalazar @ernestocortes28 @PachoAlerta Señores IDU, si pueden revisar las condiciones de los ya existentes, les agradecemos. Vayan al puente peatonal de la calle 64 C con Boyacá. Esos vecinos han hecho de todo ""SOLOS"" para defenderse de la inseguridad. Al menos ponganles un puente que valga la pena.","@idubogota @OrlandoMolanoP @CarlosFGalan @Bogota @manolitosalazar @ernestocortes28 @PachoAlerta Señores IDU, si pueden revisar las condiciones de los ya existentes, les agradecemos. Vayan al puente peatonal de la calle 64 C con Boyacá. Esos vecinos han hecho de todo ""SOLOS"" para defenderse de la inseguridad. Al menos ponganles un puente que valga la pena.",357,"['@idubogota', '@OrlandoMolanoP', '@CarlosFGalan', '@Bogota', '@manolitosalazar', '@ernestocortes28', '@PachoAlerta']",@idubogota,2026-09-27T22:04:21+00:00,2026,2026-09,Sunday,22,es,2,0,0,237,False,True,2.0,[],"['bogota', 'calle', 'boyacá', 'idubogota', 'carlosfgalan']",to:idubogota (hueco OR bache OR cráter OR deterioro OR vía OR obras OR pavimento OR calle),Scrapfly Search,2026-09-29T15:55:01-05:00,pysentimiento/robertuito-sentiment-analysis,NEG,NEGATIVO,0.635,0.635,0.2924,0.0726,2026-09-29T16:02:20-05:00
comment_00105,comentario,2104312891851878792,2104218709954867708,2104218709954867708,https://x.com/desconocido/status/2104312891851878792,@desconocido,,False,"@idubogota @OrlandoMolanoP @CarlosFGalan @Bogota @manolitosalazar @ernestocortes28 @PachoAlerta Ahora quiten el semaforo de la calle 53 x boyaca, normandia puede salir por la 26 y la 63 hacia el centro o chapinero","@idubogota @OrlandoMolanoP @CarlosFGalan @Bogota @manolitosalazar @ernestocortes28 @PachoAlerta Ahora quiten el semaforo de la calle 53 x boyaca, normandia puede salir por la 26 y la 63 hacia el centro o chapinero",213,"['@idubogota', '@OrlandoMolanoP', '@CarlosFGalan', '@Bogota', '@manolitosalazar', '@ernestocortes28', '@PachoAlerta']",@idubogota,2026-09-27T20:51:04+00:00,2026,2026-09,Sunday,20,es,2,0,0,160,False,True,2.4,[],"['bogota', 'calle', 'boyaca', 'chapinero', 'idubogota', 'carlosfgalan']",to:idubogota (hueco OR bache OR cráter OR deterioro OR vía OR obras OR pavimento OR calle),Scrapfly Search,2026-09-29T15:55:01-05:00,pysentimiento/robertuito-sentiment-analysis,NEU,NEUTRO,0.6607,0.3076,0.6607,0.0317,2026-09-29T16:02:20-05:00
comment_00106,comentario,2104303323671376339,2104204792645984591,2104204792645984591,https://x.com/desconocido/status/2104303323671376339,@desconocido,,False,"@idubogota @OrlandoMolanoP @ernestocortes28 @CarlosFGalan @Bogota Yo literalmente empecé un pregrado cuando empezaron las obras, me gradué y esa mierda no la acabaron","@idubogota @OrlandoMolanoP @ernestocortes28 @CarlosFGalan @Bogota Yo literalmente empecé un pregrado cuando empezaron las obras, me gradué y esa mierda no la acabaron",166,"['@idubogota', '@OrlandoMolanoP', '@ernestocortes28', '@CarlosFGalan', '@Bogota']",@idubogota,2026-09-27T20:13:03+00:00,2026,2026-09,Sunday,20,es,2,0,0,202,False,True,1.2,[],"['bogota', 'idubogota', 'carlosfgalan']",to:idubogota (hueco OR bache OR cráter OR deterioro OR vía OR obras OR pavimento OR calle),Scrapfly Search,2026-09-29T15:55:01-05:00,pysentimiento/robertuito-sentiment-analysis,NEU,NEUTRO,0.4975,0.4612,0.4975,0.0413,2026-09-29T16:02:20-05:00
comment_00107,comentario,2104277345003569521,2104216147952607406,2104216147952607406,https://x.com/desconocido/status/2104277345003569521,@desconocido,,True,@idubogota @CarlosFGalan @PachoAlerta @OrlandoMolanoP @Bogota @manolitosalazar @ernestocortes28 Estas son las obras que la ciudad necesita. Este puente es espectacular. Que bueno que en toda la ciudad los puentes peatonales fueran de última tecnología.,@idubogota @CarlosFGalan @PachoAlerta @OrlandoMolanoP @Bogota @manolitosalazar @ernestocortes28 Estas son las obras que la ciudad necesita. Este puente es espectacular. Que bueno que en toda la ciudad los puentes peatonales fueran de última tecnología.,252,"['@idubogota', '@CarlosFGalan', '@PachoAlerta', '@OrlandoMolanoP', '@Bogota', '@manolitosalazar', '@ernestocortes28']",@idubogota,2026-09-27T18:29:49+00:00,2026,2026-09,Sunday,18,es,1,0,0,64,False,True,1.2,[],"['bogota', 'idubogota', 'carlosfgalan']",to:idubogota (hueco OR bache OR cráter OR deterioro OR vía OR obras OR pavimento OR calle),Scrapfly Search,2026-09-29T15:55:01-05:00,pysentimiento/robertuito-sentiment-analysis,POS,POSITIVO,0.9357,0.0117,0.0526,0.9357,2026-09-29T16:02:20-05:00
comment_00108,comentario,2104268112656847206,2104216147952607406,2104216147952607406,https://x.com/desconocido/status/2104268112656847206,@desconocido,,False,"@idubogota @CarlosFGalan @PachoAlerta @OrlandoMolanoP @Bogota @manolitosalazar @ernestocortes28 ¡ Quiere decir que los semáforos NO FUNCIONAN ! 

...a menos qué haya un contratico por ahí 

Cof ! Cof ! Glorieta Calle 63 ! 💰 https://t.co/6Vyvbzl4Hc",@idubogota @CarlosFGalan @PachoAlerta @OrlandoMolanoP @Bogota @manolitosalazar @ernestocortes28 ¡ Quiere decir que los semáforos NO FUNCIONAN ! ...a menos qué haya un contratico por ahí Cof ! Cof ! Glorieta Calle 63 ! 💰,219,"['@idubogota', '@CarlosFGalan', '@PachoAlerta', '@OrlandoMolanoP', '@Bogota', '@manolitosalazar', '@ernestocortes28']",@idubogota,2026-09-27T17:53:08+00:00,2026,2026-09,Sunday,17,es,0,0,0,80,True,True,1.6,[],"['bogota', 'calle', 'idubogota', 'carlosfgalan']",to:idubogota (hueco OR bache OR cráter OR deterioro OR vía OR obras OR pavimento OR calle),Scrapfly Search,2026-09-29T15:55:01-05:00,pysentimiento/robertuito-sentiment-analysis,NEG,NEGATIVO,0.6425,0.6425,0.3379,0.0197,2026-09-29T16:02:20-05:00
comment_00109,comentario,2104261171029192847,2104218709954867708,2104218709954867708,https://x.com/desconocido/status/2104261171029192847,@desconocido,,False,"@idubogota @OrlandoMolanoP @CarlosFGalan @Bogota @manolitosalazar @ernestocortes28 @PachoAlerta Quitaron el semáforo pero abrieron obras drentta multiplaza, porque seguimos con la maña de todas las obras al tiempo, así que igual, con puente y sin semáforo, el trancón es el mismo","@idubogota @OrlandoMolanoP @CarlosFGalan @Bogota @manolitosalazar @ernestocortes28 @PachoAlerta Quitaron el semáforo pero abrieron obras drentta multiplaza, porque seguimos con la maña de todas las obras al tiempo, así que igual, con puente y sin semáforo, el trancón es el mismo",279,"['@idubogota', '@OrlandoMolanoP', '@CarlosFGalan', '@Bogota', '@manolitosalazar', '@ernestocortes28', '@PachoAlerta']",@idubogota,2026-09-27T17:25:33+00:00,2026,2026-09,Sunday,17,es,1,0,0,149,False,True,1.2,[],"['bogota', 'idubogota', 'carlosfgalan']",to:idubogota (hueco OR bache OR cráter OR deterioro OR vía OR obras OR pavimento OR calle),Scrapfly Search,2026-09-29T15:55:01-05:00,pysentimiento/robertuito-sentiment-analysis,NEG,NEGATIVO,0.8071,0.8071,0.183,0.0099,2026-09-29T16:02:20-05:00
comment_00110,comentario,2104244046927651125,2103683599274754347,2103683599274754347,https://x.com/desconocido/status/2104244046927651125,@desconocido,,False,"@idubogota @PoliciaBogota @CarlosFGalan @OrlandoMolanoP @Bogota @ernestocortes28 @manolitosalazar @PachoAlerta @AlertaBogota Es muy importante y responsable, arreglar el puente de la av68 con calle 80 al lado de Tugo ya falta varias láminas","@idubogota @PoliciaBogota @CarlosFGalan @OrlandoMolanoP @Bogota @ernestocortes28 @manolitosalazar @PachoAlerta @AlertaBogota Es muy importante y responsable, arreglar el puente de la av68 con calle 80 al lado de Tugo ya falta varias láminas",240,"['@idubogota', '@PoliciaBogota', '@CarlosFGalan', '@OrlandoMolanoP', '@Bogota', '@ernestocortes28', '@manolitosalazar', '@PachoAlerta', '@AlertaBogota']",@idubogota,2026-09-27T16:17:30+00:00,2026,2026-09,Sunday,16,es,0,0,0,21,False,True,1.6,[],"['bogota', 'calle', 'idubogota', 'carlosfgalan']",to:idubogota (hueco OR bache OR cráter OR deterioro OR vía OR obras OR pavimento OR calle),Scrapfly Search,2026-09-29T15:55:01-05:00,pysentimiento/robertuito-sentiment-analysis,NEG,NEGATIVO,0.4932,0.4932,0.4143,0.0925,2026-09-29T16:02:20-05:00
comment_00111,comentario,2104236545876042047,2104216147952607406,2104216147952607406,https://x.com/desconocido/status/2104236545876042047,@desconocido,,False,@idubogota @CarlosFGalan @PachoAlerta @OrlandoMolanoP @Bogota @manolitosalazar @ernestocortes28 Listo ya ahora seguimos con el mismo problema la 68 Para cuando ? Cuantas prorrogas le faltan a esa vía,@idubogota @CarlosFGalan @PachoAlerta @OrlandoMolanoP @Bogota @manolitosalazar @ernestocortes28 Listo ya ahora seguimos con el mismo problema la 68 Para cuando ? Cuantas prorrogas le faltan a esa vía,199,"['@idubogota', '@CarlosFGalan', '@PachoAlerta', '@OrlandoMolanoP', '@Bogota', '@manolitosalazar', '@ernestocortes28']",@idubogota,2026-09-27T15:47:42+00:00,2026,2026-09,Sunday,15,es,0,0,0,256,False,True,1.2,[],"['bogota', 'idubogota', 'carlosfgalan']",to:idubogota (hueco OR bache OR cráter OR deterioro OR vía OR obras OR pavimento OR calle),Scrapfly Search,2026-09-29T15:55:01-05:00,pysentimiento/robertuito-sentiment-analysis,NEG,NEGATIVO,0.8917,0.8917,0.1001,0.0082,2026-09-29T16:02:20-05:00
comment_00112,comentario,2104227796717355234,2104218709954867708,2104218709954867708,https://x.com/desconocido/status/2104227796717355234,@desconocido,,False,@idubogota @OrlandoMolanoP @CarlosFGalan @Bogota @manolitosalazar @ernestocortes28 @PachoAlerta Esperamos con ansias lo mismo en la misma avenida Boyacá a la altura de la calle 116,@idubogota @OrlandoMolanoP @CarlosFGalan @Bogota @manolitosalazar @ernestocortes28 @PachoAlerta Esperamos con ansias lo mismo en la misma avenida Boyacá a la altura de la calle 116,180,"['@idubogota', '@OrlandoMolanoP', '@CarlosFGalan', '@Bogota', '@manolitosalazar', '@ernestocortes28', '@PachoAlerta']",@idubogota,2026-09-27T15:12:56+00:00,2026,2026-09,Sunday,15,es,2,0,0,368,False,True,2.4,[],"['bogota', 'calle', 'avenida', 'boyacá', 'idubogota', 'carlosfgalan']",to:idubogota (hueco OR bache OR cráter OR deterioro OR vía OR obras OR pavimento OR calle),Scrapfly Search,2026-09-29T15:55:01-05:00,pysentimiento/robertuito-sentiment-analysis,NEG,NEGATIVO,0.6616,0.6616,0.3064,0.032,2026-09-29T16:02:20-05:00
comment_00113,comentario,2104226837278711910,2104188612086546645,2104188612086546645,https://x.com/desconocido/status/2104226837278711910,@desconocido,,False,@idubogota @UMVbogota @OrlandoMolanoP @ernestocortes28 @GobiernoBTA @Bogota @CarlosFGalan Ya quitaron el semáforo? O lo van a dejar porqué la calle qué da a la Boyacá?,@idubogota @UMVbogota @OrlandoMolanoP @ernestocortes28 @GobiernoBTA @Bogota @CarlosFGalan Ya quitaron el semáforo? O lo van a dejar porqué la calle qué da a la Boyacá?,167,"['@idubogota', '@UMVbogota', '@OrlandoMolanoP', '@ernestocortes28', '@GobiernoBTA', '@Bogota', '@CarlosFGalan']",@idubogota,2026-09-27T15:09:07+00:00,2026,2026-09,Sunday,15,es,0,0,0,57,False,True,2.4,[],"['bogota', 'calle', 'boyacá', 'idubogota', 'umvbogota', 'carlosfgalan']",to:idubogota (hueco OR bache OR cráter OR deterioro OR vía OR obras OR pavimento OR calle),Scrapfly Search,2026-09-29T15:55:01-05:00,pysentimiento/robertuito-sentiment-analysis,NEG,NEGATIVO,0.6447,0.6447,0.3377,0.0176,2026-09-29T16:02:20-05:00
comment_00114,comentario,2104197541629923484,2103954293539701239,2103954293539701239,https://x.com/desconocido/status/2104197541629923484,@desconocido,,False,"@idubogota @OrlandoMolanoP @ernestocortes28 @CarlosFGalan @Bogota Necesitamos obras terminadas!! No más transformaciones, obras funcionales!!!","@idubogota @OrlandoMolanoP @ernestocortes28 @CarlosFGalan @Bogota Necesitamos obras terminadas!! No más transformaciones, obras funcionales!!!",142,"['@idubogota', '@OrlandoMolanoP', '@ernestocortes28', '@CarlosFGalan', '@Bogota']",@idubogota,2026-09-27T13:12:42+00:00,2026,2026-09,Sunday,13,es,0,0,0,33,False,True,1.2,[],"['bogota', 'idubogota', 'carlosfgalan']",to:idubogota (hueco OR bache OR cráter OR deterioro OR vía OR obras OR pavimento OR calle),Scrapfly Search,2026-09-29T15:55:01-05:00,pysentimiento/robertuito-sentiment-analysis,NEG,NEGATIVO,0.8574,0.8574,0.1227,0.02,2026-09-29T16:02:20-05:00
comment_00115,comentario,2103895965522415853,2103610098920673374,2103610098920673374,https://x.com/desconocido/status/2103895965522415853,@desconocido,,False,"@idubogota @OrlandoMolanoP @CarlosFGalan @Bogota Depronto vio el Megatrancon que tienen armado en el puente de Venecia que quedó peor que antes, más pequeño y el trancon que de ahí en adelante se hace x la 68, después de 5 años no terminan y pasan los meses sin entregas. Una vía que debió quedar de 4 carriles para tráfico mixto","@idubogota @OrlandoMolanoP @CarlosFGalan @Bogota Depronto vio el Megatrancon que tienen armado en el puente de Venecia que quedó peor que antes, más pequeño y el trancon que de ahí en adelante se hace x la 68, después de 5 años no terminan y pasan los meses sin entregas. Una vía que debió quedar de 4 carriles para tráfico mixto",329,"['@idubogota', '@OrlandoMolanoP', '@CarlosFGalan', '@Bogota']",@idubogota,2026-09-26T17:14:21+00:00,2026,2026-09,Saturday,17,es,0,0,0,62,False,True,1.2,[],"['bogota', 'idubogota', 'carlosfgalan']",to:idubogota (hueco OR bache OR cráter OR deterioro OR vía OR obras OR pavimento OR calle),Scrapfly Search,2026-09-29T15:55:01-05:00,pysentimiento/robertuito-sentiment-analysis,NEG,NEGATIVO,0.9515,0.9515,0.0434,0.0051,2026-09-29T16:02:20-05:00
comment_00116,comentario,2103819419403063696,2103610098920673374,2103610098920673374,https://x.com/desconocido/status/2103819419403063696,@desconocido,,False,"@idubogota @OrlandoMolanoP @CarlosFGalan @Bogota Feliz por las obras.
 Un amable comentario, otra música estaría mejor.","@idubogota @OrlandoMolanoP @CarlosFGalan @Bogota Feliz por las obras. Un amable comentario, otra música estaría mejor.",118,"['@idubogota', '@OrlandoMolanoP', '@CarlosFGalan', '@Bogota']",@idubogota,2026-09-26T12:10:11+00:00,2026,2026-09,Saturday,12,es,0,0,0,12,False,True,1.2,[],"['bogota', 'idubogota', 'carlosfgalan']",to:idubogota (hueco OR bache OR cráter OR deterioro OR vía OR obras OR pavimento OR calle),Scrapfly Search,2026-09-29T15:55:01-05:00,pysentimiento/robertuito-sentiment-analysis,POS,POSITIVO,0.9029,0.0077,0.0894,0.9029,2026-09-29T16:02:20-05:00
comment_00117,comentario,2103661950919987398,2103610098920673374,2103610098920673374,https://x.com/desconocido/status/2103661950919987398,@desconocido,,False,"@idubogota @OrlandoMolanoP @CarlosFGalan @Bogota ¿Pasaron por todas la obras?
No pasaron por la obra ABANDONADA de la Av. Cali.
Solo estos nefastos, @TransMilenio y @CarlosFGalan vinieron a ""celebrar a los grande"" la apertura de una troncal que está a medio terminar y destruida hace más de un año. Y no volvieron.
Ineptos.","@idubogota @OrlandoMolanoP @CarlosFGalan @Bogota ¿Pasaron por todas la obras? No pasaron por la obra ABANDONADA de la Av. Cali. Solo estos nefastos, @TransMilenio y @CarlosFGalan vinieron a ""celebrar a los grande"" la apertura de una troncal que está a medio terminar y destruida hace más de un año. Y no volvieron. Ineptos.",323,"['@idubogota', '@OrlandoMolanoP', '@CarlosFGalan', '@Bogota', '@TransMilenio', '@CarlosFGalan']",@idubogota,2026-09-26T01:44:27+00:00,2026,2026-09,Saturday,1,es,1,0,0,44,False,True,2.2,['destruida'],"['bogota', 'av', 'idubogota', 'carlosfgalan']",to:idubogota (hueco OR bache OR cráter OR deterioro OR vía OR obras OR pavimento OR calle),Scrapfly Search,2026-09-29T15:55:01-05:00,pysentimiento/robertuito-sentiment-analysis,NEG,NEGATIVO,0.9599,0.9599,0.0341,0.0059,2026-09-29T16:02:20-05:00
comment_00118,comentario,2103649999846297752,2103610098920673374,2103610098920673374,https://x.com/desconocido/status/2103649999846297752,@desconocido,,False,"@idubogota @OrlandoMolanoP @CarlosFGalan @Bogota En los más de 40 años que tengo de vida creo que este sr director es el que más ha trabajado en esta ciudad, se nota que hace un trabajo serio en terreno , supervisando , verificando y sancionando, se ven las obras en Bogotá ojalá que su sucesor salga igual d eficiente 👏🏻👏🏻👏🏻👏🏻","@idubogota @OrlandoMolanoP @CarlosFGalan @Bogota En los más de 40 años que tengo de vida creo que este sr director es el que más ha trabajado en esta ciudad, se nota que hace un trabajo serio en terreno , supervisando , verificando y sancionando, se ven las obras en Bogotá ojalá que su sucesor salga igual d eficiente 👏🏻👏🏻👏🏻👏🏻",327,"['@idubogota', '@OrlandoMolanoP', '@CarlosFGalan', '@Bogota']",@idubogota,2026-09-26T00:56:58+00:00,2026,2026-09,Saturday,0,es,0,0,0,44,False,True,1.6,[],"['bogotá', 'bogota', 'idubogota', 'carlosfgalan']",to:idubogota (hueco OR bache OR cráter OR deterioro OR vía OR obras OR pavimento OR calle),Scrapfly Search,2026-09-29T15:55:01-05:00,pysentimiento/robertuito-sentiment-analysis,POS,POSITIVO,0.8593,0.0162,0.1245,0.8593,2026-09-29T16:02:20-05:00
comment_00119,comentario,2103633791944175909,2103610098920673374,2103610098920673374,https://x.com/desconocido/status/2103633791944175909,@desconocido,,False,@idubogota @OrlandoMolanoP @CarlosFGalan @Bogota Esto lo puse en otro lado. Como van a terminar esto en 20 días?. Esta cosa genera trancon desde la calle 68 hasta ahi todos los días. Si paso por ahí??? https://t.co/vX67Fpcdkd,@idubogota @OrlandoMolanoP @CarlosFGalan @Bogota Esto lo puse en otro lado. Como van a terminar esto en 20 días?. Esta cosa genera trancon desde la calle 68 hasta ahi todos los días. Si paso por ahí???,201,"['@idubogota', '@OrlandoMolanoP', '@CarlosFGalan', '@Bogota']",@idubogota,2026-09-25T23:52:34+00:00,2026,2026-09,Friday,23,es,3,0,0,69,True,True,1.6,[],"['bogota', 'calle', 'idubogota', 'carlosfgalan']",to:idubogota (hueco OR bache OR cráter OR deterioro OR vía OR obras OR pavimento OR calle),Scrapfly Search,2026-09-29T15:55:01-05:00,pysentimiento/robertuito-sentiment-analysis,NEG,NEGATIVO,0.8981,0.8981,0.0961,0.0059,2026-09-29T16:02:20-05:00
comment_00120,comentario,2103509523646623783,2103260579439771686,2103260579439771686,https://x.com/desconocido/status/2103509523646623783,@desconocido,,False,"@idubogota @LaRolitaBog @CarlosFGalan En la Calle 45 entre L7 y AK1 hicieron la tercera parte de la Obra, el contratista les quedó mal y al acabarla quedaron 2 cuadras en un solo sentido de “vía nueva”.
Tramposos.","@idubogota @LaRolitaBog @CarlosFGalan En la Calle 45 entre L7 y AK1 hicieron la tercera parte de la Obra, el contratista les quedó mal y al acabarla quedaron 2 cuadras en un solo sentido de “vía nueva”. Tramposos.",213,"['@idubogota', '@LaRolitaBog', '@CarlosFGalan']",@idubogota,2026-09-25T15:38:46+00:00,2026,2026-09,Friday,15,es,0,0,0,49,False,True,1.2,[],"['calle', 'idubogota', 'carlosfgalan']",to:idubogota (hueco OR bache OR cráter OR deterioro OR vía OR obras OR pavimento OR calle),Scrapfly Search,2026-09-29T15:55:01-05:00,pysentimiento/robertuito-sentiment-analysis,NEG,NEGATIVO,0.9574,0.9574,0.0373,0.0052,2026-09-29T16:02:20-05:00
comment_00121,comentario,2103507885325963523,2103260579439771686,2103260579439771686,https://x.com/desconocido/status/2103507885325963523,@desconocido,,True,"@idubogota @CarlosFGalan Lo irónico del caso es que mucha gente no entiende que destrabar las obras es una tarea nada fácil, y simplemente envían pullas irresponsables acusando a la alcaldía actual de no hacer nada o de no hacerlo a la velocidad que según ellos es la apropiada…","@idubogota @CarlosFGalan Lo irónico del caso es que mucha gente no entiende que destrabar las obras es una tarea nada fácil, y simplemente envían pullas irresponsables acusando a la alcaldía actual de no hacer nada o de no hacerlo a la velocidad que según ellos es la apropiada…",278,"['@idubogota', '@CarlosFGalan']",@idubogota,2026-09-25T15:32:15+00:00,2026,2026-09,Friday,15,es,1,0,0,28,False,True,0.8,[],"['idubogota', 'carlosfgalan']",to:idubogota (hueco OR bache OR cráter OR deterioro OR vía OR obras OR pavimento OR calle),Scrapfly Search,2026-09-29T15:55:01-05:00,pysentimiento/robertuito-sentiment-analysis,NEG,NEGATIVO,0.9747,0.9747,0.0224,0.0029,2026-09-29T16:02:20-05:00
comment_00122,comentario,2103490336135774402,2103260579439771686,2103260579439771686,https://x.com/desconocido/status/2103490336135774402,@desconocido,,False,@idubogota @CarlosFGalan @vidjcb su # es solo humo. Este @idubogota si termina las obras.,@idubogota @CarlosFGalan @vidjcb su # es solo humo. Este @idubogota si termina las obras.,89,"['@idubogota', '@CarlosFGalan', '@vidjcb', '@idubogota']",@idubogota,2026-09-25T14:22:31+00:00,2026,2026-09,Friday,14,es,0,0,0,17,False,True,0.8,[],"['idubogota', 'carlosfgalan']",to:idubogota (hueco OR bache OR cráter OR deterioro OR vía OR obras OR pavimento OR calle),Scrapfly Search,2026-09-29T15:55:01-05:00,pysentimiento/robertuito-sentiment-analysis,NEG,NEGATIVO,0.8775,0.8775,0.1121,0.0104,2026-09-29T16:02:20-05:00
comment_00123,comentario,2103469907639750760,2103260579439771686,2103260579439771686,https://x.com/desconocido/status/2103469907639750760,@desconocido,,False,@idubogota @CarlosFGalan Todo ese dinero 💸 en esas pocas obras en Bogotá,@idubogota @CarlosFGalan Todo ese dinero 💸 en esas pocas obras en Bogotá,72,"['@idubogota', '@CarlosFGalan']",@idubogota,2026-09-25T13:01:21+00:00,2026,2026-09,Friday,13,es,0,0,0,88,False,True,1.2,[],"['bogotá', 'idubogota', 'carlosfgalan']",to:idubogota (hueco OR bache OR cráter OR deterioro OR vía OR obras OR pavimento OR calle),Scrapfly Search,2026-09-29T15:55:01-05:00,pysentimiento/robertuito-sentiment-analysis,NEU,NEUTRO,0.802,0.0853,0.802,0.1127,2026-09-29T16:02:20-05:00
comment_00124,comentario,2103444750561157502,2103260579439771686,2103260579439771686,https://x.com/desconocido/status/2103444750561157502,@desconocido,,False,"@idubogota @GobiernoBTA @CarlosFGalan Muy bien alcaldía  también al 
 Ido, hemos dejado el atraso y poco a poco vemos las obras y ver a nuestra ciudad como la queremos","@idubogota @GobiernoBTA @CarlosFGalan Muy bien alcaldía también al Ido, hemos dejado el atraso y poco a poco vemos las obras y ver a nuestra ciudad como la queremos",164,"['@idubogota', '@GobiernoBTA', '@CarlosFGalan']",@idubogota,2026-09-25T11:21:23+00:00,2026,2026-09,Friday,11,es,1,0,0,56,False,True,0.8,[],"['idubogota', 'carlosfgalan']",to:idubogota (hueco OR bache OR cráter OR deterioro OR vía OR obras OR pavimento OR calle),Scrapfly Search,2026-09-29T15:55:01-05:00,pysentimiento/robertuito-sentiment-analysis,POS,POSITIVO,0.9121,0.0111,0.0768,0.9121,2026-09-29T16:02:20-05:00
comment_00125,comentario,2103294737230844331,2103260579439771686,2103260579439771686,https://x.com/desconocido/status/2103294737230844331,@desconocido,,False,"@idubogota @CarlosFGalan Destrabar las obras q dejo el genio @EnriquePenalosa ? Noooo
O la ineficiente @ClaudiaLopez 
Y las destraba como? Abriendo más frentes de obra ?
Malnacidos",@idubogota @CarlosFGalan Destrabar las obras q dejo el genio @EnriquePenalosa ? Noooo O la ineficiente @ClaudiaLopez Y las destraba como? Abriendo más frentes de obra ? Malnacidos,179,"['@idubogota', '@CarlosFGalan', '@EnriquePenalosa', '@ClaudiaLopez']",@idubogota,2026-09-25T01:25:17+00:00,2026,2026-09,Friday,1,es,2,0,0,102,False,True,0.8,[],"['idubogota', 'carlosfgalan']",to:idubogota (hueco OR bache OR cráter OR deterioro OR vía OR obras OR pavimento OR calle),Scrapfly Search,2026-09-29T15:55:01-05:00,pysentimiento/robertuito-sentiment-analysis,NEG,NEGATIVO,0.9704,0.9704,0.025,0.0046,2026-09-29T16:02:20-05:00
comment_00127,comentario,2103269105424048245,2103260579439771686,2103260579439771686,https://x.com/desconocido/status/2103269105424048245,@desconocido,,False,"@idubogota @CarlosFGalan Para cuando la terminación del interconector de la avenida las américas con av 68 , esa obra va a completar 5 años causando toda clase de traumatismos en la movilidad. Eso afecta el normal desarrollo económico de la ciudad si se tiene en cuenta que es la única vía para llegar a","@idubogota @CarlosFGalan Para cuando la terminación del interconector de la avenida las américas con av 68 , esa obra va a completar 5 años causando toda clase de traumatismos en la movilidad. Eso afecta el normal desarrollo económico de la ciudad si se tiene en cuenta que es la única vía para llegar a",303,"['@idubogota', '@CarlosFGalan']",@idubogota,2026-09-24T23:43:26+00:00,2026,2026-09,Thursday,23,es,7,0,0,238,False,True,1.6,[],"['avenida', 'av', 'idubogota', 'carlosfgalan']",to:idubogota (hueco OR bache OR cráter OR deterioro OR vía OR obras OR pavimento OR calle),Scrapfly Search,2026-09-29T15:55:01-05:00,pysentimiento/robertuito-sentiment-analysis,NEG,NEGATIVO,0.9583,0.9583,0.0374,0.0044,2026-09-29T16:02:20-05:00
comment_00128,comentario,2103267546224849054,2103260579439771686,2103260579439771686,https://x.com/desconocido/status/2103267546224849054,@desconocido,,True,"@idubogota @CarlosFGalan RT @idubogota: Destrabar las obras de Bogotá ha sido una de las principales tareas de la Administración del alcalde @CarlosFGalan.

La inst…",@idubogota @CarlosFGalan RT @idubogota: Destrabar las obras de Bogotá ha sido una de las principales tareas de la Administración del alcalde @CarlosFGalan. La inst…,164,"['@idubogota', '@CarlosFGalan', '@idubogota', '@CarlosFGalan']",@idubogota,2026-09-24T23:37:14+00:00,2026,2026-09,Thursday,23,es,0,0,0,289,False,True,1.2,[],"['bogotá', 'idubogota', 'carlosfgalan']",to:idubogota (hueco OR bache OR cráter OR deterioro OR vía OR obras OR pavimento OR calle),Scrapfly Search,2026-09-29T15:55:01-05:00,pysentimiento/robertuito-sentiment-analysis,NEG,NEGATIVO,0.5194,0.5194,0.3591,0.1215,2026-09-29T16:02:20-05:00
comment_00129,comentario,2103261482574106949,2103260579439771686,2103260579439771686,https://x.com/desconocido/status/2103261482574106949,@desconocido,,False,@idubogota @CarlosFGalan Pero si los obreros trabajan en horario de oficina.asi no funciona nada..obras de alto impacto deben tener trabajadores las 24 horas ..no más contratistas haciendo negocio con demoras en las obras..,@idubogota @CarlosFGalan Pero si los obreros trabajan en horario de oficina.asi no funciona nada..obras de alto impacto deben tener trabajadores las 24 horas ..no más contratistas haciendo negocio con demoras en las obras..,223,"['@idubogota', '@CarlosFGalan']",@idubogota,2026-09-24T23:13:08+00:00,2026,2026-09,Thursday,23,es,4,0,0,161,False,True,0.8,[],"['idubogota', 'carlosfgalan']",to:idubogota (hueco OR bache OR cráter OR deterioro OR vía OR obras OR pavimento OR calle),Scrapfly Search,2026-09-29T15:55:01-05:00,pysentimiento/robertuito-sentiment-analysis,NEG,NEGATIVO,0.9265,0.9265,0.0674,0.0061,2026-09-29T16:02:20-05:00
comment_00131,comentario,2103193186730438900,2103038116374167905,2103038116374167905,https://x.com/desconocido/status/2103193186730438900,@desconocido,,False,@idubogota Porqué no trasladan a esos trabajadores a la Av Cali  o a la Av 68 que ya van para 8 años sin terminar de colocar una vía que no se cae y que no necesita tuneladoras ?,@idubogota Porqué no trasladan a esos trabajadores a la Av Cali o a la Av 68 que ya van para 8 años sin terminar de colocar una vía que no se cae y que no necesita tuneladoras ?,177,['@idubogota'],@idubogota,2026-09-24T18:41:45+00:00,2026,2026-09,Thursday,18,es,11,2,0,560,False,True,0.8,[],"['av', 'idubogota']",to:idubogota (hueco OR bache OR cráter OR deterioro OR vía OR obras OR pavimento OR calle),Scrapfly Search,2026-09-29T15:55:01-05:00,pysentimiento/robertuito-sentiment-analysis,NEG,NEGATIVO,0.8179,0.8179,0.1599,0.0222,2026-09-29T16:02:20-05:00
comment_00132,comentario,2102981416866738500,2102450759413420398,2102450759413420398,https://x.com/desconocido/status/2102981416866738500,@desconocido,,False,@idubogota @CarlosFGalan @OrlandoMolanoP @Bogota @manolitosalazar @ernestocortes28 @PachoAlerta @SectorMovilidad @Maferoc Prefiero que me atropelle un Transmilenio por pasarme por toda la calle.,@idubogota @CarlosFGalan @OrlandoMolanoP @Bogota @manolitosalazar @ernestocortes28 @PachoAlerta @SectorMovilidad @Maferoc Prefiero que me atropelle un Transmilenio por pasarme por toda la calle.,194,"['@idubogota', '@CarlosFGalan', '@OrlandoMolanoP', '@Bogota', '@manolitosalazar', '@ernestocortes28', '@PachoAlerta', '@SectorMovilidad', '@Maferoc']",@idubogota,2026-09-24T04:40:15+00:00,2026,2026-09,Thursday,4,es,0,0,0,46,False,True,2.0,[],"['bogota', 'calle', 'idubogota', 'sectormovilidad', 'carlosfgalan']",to:idubogota (hueco OR bache OR cráter OR deterioro OR vía OR obras OR pavimento OR calle),Scrapfly Search,2026-09-29T15:55:01-05:00,pysentimiento/robertuito-sentiment-analysis,NEG,NEGATIVO,0.8482,0.8482,0.1314,0.0204,2026-09-29T16:02:20-05:00
comment_00133,comentario,2102892100844970213,2102797896785575958,2102797896785575958,https://x.com/desconocido/status/2102892100844970213,@desconocido,,False,"@idubogota @OrlandoMolanoP @ConcejoDeBogota Toda la burocracia en pleno para cobrar más impuestos 
Utilizan las redes para llenar las redes con la misma mentira 
Deberiaestar mirando como reducir burocracia en lugar de sacarnos más plata que no ejecutan
No vigilan las obras y publican avance del 0.01% en tal obra
Nefasto",@idubogota @OrlandoMolanoP @ConcejoDeBogota Toda la burocracia en pleno para cobrar más impuestos Utilizan las redes para llenar las redes con la misma mentira Deberiaestar mirando como reducir burocracia en lugar de sacarnos más plata que no ejecutan No vigilan las obras y publican avance del 0.01% en tal obra Nefasto,320,"['@idubogota', '@OrlandoMolanoP', '@ConcejoDeBogota']",@idubogota,2026-09-23T22:45:21+00:00,2026,2026-09,Wednesday,22,es,0,0,0,9,False,True,0.4,[],['idubogota'],to:idubogota (hueco OR bache OR cráter OR deterioro OR vía OR obras OR pavimento OR calle),Scrapfly Search,2026-09-29T15:55:01-05:00,pysentimiento/robertuito-sentiment-analysis,NEG,NEGATIVO,0.9676,0.9676,0.0286,0.0038,2026-09-29T16:02:20-05:00
comment_00134,comentario,2102840024320352437,2102834081541013920,2102433767700766758,https://x.com/desconocido/status/2102840024320352437,@desconocido,,False,"@idubogota @OrlandoMolanoP @ConcejoDeBogota Buen día esta vía es la que viene del Rincón que es la 91 hasta centro suba.
De la palma hasta el colegio mercedario los estan andenes en mal estado.",@idubogota @OrlandoMolanoP @ConcejoDeBogota Buen día esta vía es la que viene del Rincón que es la 91 hasta centro suba. De la palma hasta el colegio mercedario los estan andenes en mal estado.,193,"['@idubogota', '@OrlandoMolanoP', '@ConcejoDeBogota']",@idubogota,2026-09-23T19:18:25+00:00,2026,2026-09,Wednesday,19,es,0,0,0,9,False,True,0.8,[],"['suba', 'idubogota']",to:idubogota (hueco OR bache OR cráter OR deterioro OR vía OR obras OR pavimento OR calle),Scrapfly Search,2026-09-29T15:55:01-05:00,pysentimiento/robertuito-sentiment-analysis,NEG,NEGATIVO,0.7511,0.7511,0.2287,0.0202,2026-09-29T16:02:20-05:00
comment_00135,comentario,2102801295895679480,2102450759413420398,2102450759413420398,https://x.com/desconocido/status/2102801295895679480,@desconocido,,False,"@idubogota @CarlosFGalan @OrlandoMolanoP @Bogota @manolitosalazar @ernestocortes28 @PachoAlerta @SectorMovilidad @Maferoc Hasta cuándo la corrupción de @Bogota quien le pone un freno a esto, obras construidas con los impuestos de Miles y Miles de personas para el beneficio de una empresa en decadencia como el TM mientras la ciudad se ahoga en trancones en inseguridad, solo les interesa el negocio","@idubogota @CarlosFGalan @OrlandoMolanoP @Bogota @manolitosalazar @ernestocortes28 @PachoAlerta @SectorMovilidad @Maferoc Hasta cuándo la corrupción de @Bogota quien le pone un freno a esto, obras construidas con los impuestos de Miles y Miles de personas para el beneficio de una empresa en decadencia como el TM mientras la ciudad se ahoga en trancones en inseguridad, solo les interesa el negocio",399,"['@idubogota', '@CarlosFGalan', '@OrlandoMolanoP', '@Bogota', '@manolitosalazar', '@ernestocortes28', '@PachoAlerta', '@SectorMovilidad', '@Maferoc', '@Bogota']",@idubogota,2026-09-23T16:44:31+00:00,2026,2026-09,Wednesday,16,es,2,0,0,888,False,True,1.6,[],"['bogota', 'idubogota', 'sectormovilidad', 'carlosfgalan']",to:idubogota (hueco OR bache OR cráter OR deterioro OR vía OR obras OR pavimento OR calle),Scrapfly Search,2026-09-29T15:55:01-05:00,pysentimiento/robertuito-sentiment-analysis,NEG,NEGATIVO,0.9696,0.9696,0.0262,0.0042,2026-09-29T16:02:20-05:00
comment_00136,comentario,2104992794238660826,2104989012188442781,2104989012188442781,https://x.com/desconocido/status/2104992794238660826,@desconocido,,False,"@SectorMovilidad Triste pérdida de una vida. Señores conductores de moto, entiendan que ahorrarse un retorno metiéndose al carril de TransMilenio les puede costar todo. Tienen el transporte más eficiente en consumo de combustible, no hay excusa para cometer semejante imprudencia","@SectorMovilidad Triste pérdida de una vida. Señores conductores de moto, entiendan que ahorrarse un retorno metiéndose al carril de TransMilenio les puede costar todo. Tienen el transporte más eficiente en consumo de combustible, no hay excusa para cometer semejante imprudencia",279,['@SectorMovilidad'],@SectorMovilidad,2026-09-29T17:52:45+00:00,2026,2026-09,Tuesday,17,es,0,0,0,35,False,True,0.4,[],['sectormovilidad'],to:SectorMovilidad (hueco OR bache OR accidente OR peligro OR moto OR ciclista OR cráter),Scrapfly Search,2026-09-29T15:55:01-05:00,pysentimiento/robertuito-sentiment-analysis,NEG,NEGATIVO,0.9657,0.9657,0.0271,0.0072,2026-09-29T16:02:20-05:00
comment_00137,comentario,2103911295590207882,2103837338568704094,2103837338568704094,https://x.com/desconocido/status/2103911295590207882,@desconocido,,True,@SectorMovilidad Con estos acá... podríamos ir solucionando eso de que cualquier malparido va dejando su carro o moto en cualquier lado. https://t.co/9k2SHYillz,@SectorMovilidad Con estos acá... podríamos ir solucionando eso de que cualquier malparido va dejando su carro o moto en cualquier lado.,136,['@SectorMovilidad'],@SectorMovilidad,2026-09-26T18:15:16+00:00,2026,2026-09,Saturday,18,es,1,0,0,275,True,True,0.4,[],['sectormovilidad'],to:SectorMovilidad (hueco OR bache OR accidente OR peligro OR moto OR ciclista OR cráter),Scrapfly Search,2026-09-29T15:55:01-05:00,pysentimiento/robertuito-sentiment-analysis,NEG,NEGATIVO,0.7345,0.7345,0.2454,0.0201,2026-09-29T16:02:20-05:00
comment_00138,comentario,2103890745627201788,2103837338568704094,2103837338568704094,https://x.com/desconocido/status/2103890745627201788,@desconocido,,False,"@SectorMovilidad Al distrito claramente no le importan sus empleados, cualquiera que conozca esta ciudad sabe lo violentas que pueden ser algunas personas cuando les dicen que están haciendo algo mal, ahora imagínense cuando a eso se le sume que le peguen esos stickers...que peligro la ignorancia","@SectorMovilidad Al distrito claramente no le importan sus empleados, cualquiera que conozca esta ciudad sabe lo violentas que pueden ser algunas personas cuando les dicen que están haciendo algo mal, ahora imagínense cuando a eso se le sume que le peguen esos stickers...que peligro la ignorancia",297,['@SectorMovilidad'],@SectorMovilidad,2026-09-26T16:53:36+00:00,2026,2026-09,Saturday,16,es,0,0,1,120,False,True,0.4,[],['sectormovilidad'],to:SectorMovilidad (hueco OR bache OR accidente OR peligro OR moto OR ciclista OR cráter),Scrapfly Search,2026-09-29T15:55:01-05:00,pysentimiento/robertuito-sentiment-analysis,NEG,NEGATIVO,0.9783,0.9783,0.0188,0.0029,2026-09-29T16:02:20-05:00
comment_00139,comentario,2103825402972282977,2103485451503808586,2103485451503808586,https://x.com/desconocido/status/2103825402972282977,@desconocido,,False,"@SectorMovilidad ya que estan con temas de culrura ciudadana, por que no le ponen calcomanias de calaveras a los moto suicidas","@SectorMovilidad ya que estan con temas de culrura ciudadana, por que no le ponen calcomanias de calaveras a los moto suicidas",126,['@SectorMovilidad'],@SectorMovilidad,2026-09-26T12:33:57+00:00,2026,2026-09,Saturday,12,es,0,0,0,5,False,True,0.4,[],['sectormovilidad'],to:SectorMovilidad (hueco OR bache OR accidente OR peligro OR moto OR ciclista OR cráter),Scrapfly Search,2026-09-29T15:55:01-05:00,pysentimiento/robertuito-sentiment-analysis,NEG,NEGATIVO,0.9022,0.9022,0.087,0.0108,2026-09-29T16:02:20-05:00
comment_00141,comentario,2103534559635665124,2103485451503808586,2103485451503808586,https://x.com/desconocido/status/2103534559635665124,@desconocido,,False,"@SectorMovilidad En la av calle 153 con Boyaca muchos conductores especialmente motos en vez de tomarla rotonda para tomar la Boyaca hacia el sur, giran hacia el sur y ponen en peligro a los peatones que vamos pasando dicha avenida. Es urgente un control con personal de tránsito para evitarlo","@SectorMovilidad En la av calle 153 con Boyaca muchos conductores especialmente motos en vez de tomarla rotonda para tomar la Boyaca hacia el sur, giran hacia el sur y ponen en peligro a los peatones que vamos pasando dicha avenida. Es urgente un control con personal de tránsito para evitarlo",293,['@SectorMovilidad'],@SectorMovilidad,2026-09-25T17:18:15+00:00,2026,2026-09,Friday,17,es,0,0,0,67,False,True,2.4,[],"['calle', 'avenida', 'av', 'sur', 'boyaca', 'sectormovilidad']",to:SectorMovilidad (hueco OR bache OR accidente OR peligro OR moto OR ciclista OR cráter),Scrapfly Search,2026-09-29T15:55:01-05:00,pysentimiento/robertuito-sentiment-analysis,NEG,NEGATIVO,0.9067,0.9067,0.0829,0.0104,2026-09-29T16:02:20-05:00
comment_00144,comentario,2103130945100669402,2102850490661060918,2102850490661060918,https://x.com/desconocido/status/2103130945100669402,@desconocido,,False,"@SectorMovilidad JAJAJA EN EL VIDEO METEN UNA MOTO ELECTRICA CIRCULANDO POR DONDE NO DEBE DEBIDO A ESE TRANCON TAN HIJUEPUTA QUE SE ARMA AHI POR CULPA DE SUS SEMAFOROS, JAJAJAJA","@SectorMovilidad JAJAJA EN EL VIDEO METEN UNA MOTO ELECTRICA CIRCULANDO POR DONDE NO DEBE DEBIDO A ESE TRANCON TAN HIJUEPUTA QUE SE ARMA AHI POR CULPA DE SUS SEMAFOROS, JAJAJAJA",177,['@SectorMovilidad'],@SectorMovilidad,2026-09-24T14:34:26+00:00,2026,2026-09,Thursday,14,es,0,0,0,22,False,True,0.4,[],['sectormovilidad'],to:SectorMovilidad (hueco OR bache OR accidente OR peligro OR moto OR ciclista OR cráter),Scrapfly Search,2026-09-29T15:55:01-05:00,pysentimiento/robertuito-sentiment-analysis,NEG,NEGATIVO,0.9033,0.9033,0.0878,0.0089,2026-09-29T16:02:20-05:00
comment_00145,comentario,2102950062901076367,2102850490661060918,2102850490661060918,https://x.com/desconocido/status/2102950062901076367,@desconocido,,False,"@SectorMovilidad Siguen defendiendo lo indefendible 😂

Son tan pésimos en lo que hacen que suben un video con una moto eléctrica circulando por donde no debe!  😂 
Que vamos a hacer con estos de movilidad 🤦🏻‍♂️",@SectorMovilidad Siguen defendiendo lo indefendible 😂 Son tan pésimos en lo que hacen que suben un video con una moto eléctrica circulando por donde no debe! 😂 Que vamos a hacer con estos de movilidad 🤦🏻‍♂️,206,['@SectorMovilidad'],@SectorMovilidad,2026-09-24T02:35:40+00:00,2026,2026-09,Thursday,2,es,7,0,0,101,False,True,0.4,[],['sectormovilidad'],to:SectorMovilidad (hueco OR bache OR accidente OR peligro OR moto OR ciclista OR cráter),Scrapfly Search,2026-09-29T15:55:01-05:00,pysentimiento/robertuito-sentiment-analysis,NEG,NEGATIVO,0.9568,0.9568,0.0393,0.0038,2026-09-29T16:02:20-05:00
comment_00147,comentario,2102858422156722308,2102850490661060918,2102850490661060918,https://x.com/desconocido/status/2102858422156722308,@desconocido,,False,@SectorMovilidad Bonito el vídeo con una moto eléctrica que no debe ir por ahí ! 🤡 vergüenza !,@SectorMovilidad Bonito el vídeo con una moto eléctrica que no debe ir por ahí ! 🤡 vergüenza !,94,['@SectorMovilidad'],@SectorMovilidad,2026-09-23T20:31:31+00:00,2026,2026-09,Wednesday,20,es,3,1,0,103,False,True,0.4,[],['sectormovilidad'],to:SectorMovilidad (hueco OR bache OR accidente OR peligro OR moto OR ciclista OR cráter),Scrapfly Search,2026-09-29T15:55:01-05:00,pysentimiento/robertuito-sentiment-analysis,NEG,NEGATIVO,0.9447,0.9447,0.0454,0.0099,2026-09-29T16:02:20-05:00
comment_00150,comentario,2102724354278617166,2102527897336529150,2102527897336529150,https://x.com/desconocido/status/2102724354278617166,@desconocido,,False,"@SectorMovilidad Carrera 24 llegando a la av boyaca, sector tunal, un accidente tiene detenida la via.","@SectorMovilidad Carrera 24 llegando a la av boyaca, sector tunal, un accidente tiene detenida la via.",102,['@SectorMovilidad'],@SectorMovilidad,2026-09-23T11:38:47+00:00,2026,2026-09,Wednesday,11,es,0,0,0,131,False,True,1.6,[],"['carrera', 'av', 'boyaca', 'sectormovilidad']",to:SectorMovilidad (hueco OR bache OR accidente OR peligro OR moto OR ciclista OR cráter),Scrapfly Search,2026-09-29T15:55:01-05:00,pysentimiento/robertuito-sentiment-analysis,NEU,NEUTRO,0.5073,0.4259,0.5073,0.0667,2026-09-29T16:02:20-05:00
comment_00151,comentario,2102538284396118070,2102432616192635092,2102432616192635092,https://x.com/desconocido/status/2102538284396118070,@desconocido,,False,"@SectorMovilidad Si en realidad se preocuparan por los peatones, estarían controlando tanto motociclista y ciclista que anda a mil por los andenes, tanto taxista que no respeta las señales de tránsito y tanto bocitaxi que hace lo que le da la gana","@SectorMovilidad Si en realidad se preocuparan por los peatones, estarían controlando tanto motociclista y ciclista que anda a mil por los andenes, tanto taxista que no respeta las señales de tránsito y tanto bocitaxi que hace lo que le da la gana",247,['@SectorMovilidad'],@SectorMovilidad,2026-09-22T23:19:24+00:00,2026,2026-09,Tuesday,23,es,0,0,0,20,False,True,0.4,[],['sectormovilidad'],to:SectorMovilidad (hueco OR bache OR accidente OR peligro OR moto OR ciclista OR cráter),Scrapfly Search,2026-09-29T15:55:01-05:00,pysentimiento/robertuito-sentiment-analysis,NEG,NEGATIVO,0.9628,0.9628,0.0327,0.0044,2026-09-29T16:02:20-05:00
comment_00152,comentario,2102531290062885160,2102488104380649807,2102488104380649807,https://x.com/desconocido/status/2102531290062885160,@desconocido,,False,"@SectorMovilidad Por qué no le pregunta a alguien en carro o moto?

Por qué nosotros pagamos impuestos para que la movilidad fluya y uds son enemigos jurados de la movilidad en Bogotá para vehículos, por qué?

Les es muy difícil comprender las palabras PUENTE PEATONAL??","@SectorMovilidad Por qué no le pregunta a alguien en carro o moto? Por qué nosotros pagamos impuestos para que la movilidad fluya y uds son enemigos jurados de la movilidad en Bogotá para vehículos, por qué? Les es muy difícil comprender las palabras PUENTE PEATONAL??",268,['@SectorMovilidad'],@SectorMovilidad,2026-09-22T22:51:37+00:00,2026,2026-09,Tuesday,22,es,10,0,1,145,False,True,0.8,[],"['bogotá', 'sectormovilidad']",to:SectorMovilidad (hueco OR bache OR accidente OR peligro OR moto OR ciclista OR cráter),Scrapfly Search,2026-09-29T15:55:01-05:00,pysentimiento/robertuito-sentiment-analysis,NEG,NEGATIVO,0.9331,0.9331,0.0614,0.0055,2026-09-29T16:02:20-05:00
comment_00153,comentario,2102401954181738853,2102363140830986720,2102363140830986720,https://x.com/desconocido/status/2102401954181738853,@desconocido,,False,"@SectorMovilidad Tanta justificación solo nos da la razón; qué horror, qué asco y qué tremenda afectación para quienes transitamos frecuentemente por ahí. Gracias por EMPEORAR nuestra muy regular calidad de vida.
Pd: también soy ciclista y siempre pasaba perfectamente por el round point.","@SectorMovilidad Tanta justificación solo nos da la razón; qué horror, qué asco y qué tremenda afectación para quienes transitamos frecuentemente por ahí. Gracias por EMPEORAR nuestra muy regular calidad de vida. Pd: también soy ciclista y siempre pasaba perfectamente por el round point.",288,['@SectorMovilidad'],@SectorMovilidad,2026-09-22T14:17:41+00:00,2026,2026-09,Tuesday,14,es,2,0,0,81,False,True,0.4,[],['sectormovilidad'],to:SectorMovilidad (hueco OR bache OR accidente OR peligro OR moto OR ciclista OR cráter),Scrapfly Search,2026-09-29T15:55:01-05:00,pysentimiento/robertuito-sentiment-analysis,NEG,NEGATIVO,0.9798,0.9798,0.0165,0.0037,2026-09-29T16:02:20-05:00
comment_00154,comentario,2104380003710316922,2104295853913489544,2104295853913489544,https://x.com/desconocido/status/2104380003710316922,@desconocido,,False,@EnriquePenalosa No se puede ser más obtuso y retrasado. El tipo que condenó a Bogotá a no tener un metro subterráneo persiste en su disparate. Decir que una línea subterránea de metro es mala por una inundación es como decir que una vía es inservible porque tiene un hueco.,@EnriquePenalosa No se puede ser más obtuso y retrasado. El tipo que condenó a Bogotá a no tener un metro subterráneo persiste en su disparate. Decir que una línea subterránea de metro es mala por una inundación es como decir que una vía es inservible porque tiene un hueco.,274,['@EnriquePenalosa'],@EnriquePenalosa,2026-09-28T01:17:45+00:00,2026,2026-09,Monday,1,es,0,0,0,44,False,True,1.0,['hueco'],['bogotá'],"(""hueco"" OR ""bache"" OR ""malla vial"") (Bogotá OR Bogota) filter:replies -fiscal lang:es",Scrapfly Search,2026-09-29T15:55:01-05:00,pysentimiento/robertuito-sentiment-analysis,NEG,NEGATIVO,0.9768,0.9768,0.0188,0.0043,2026-09-29T16:02:20-05:00
comment_00155,comentario,2104224504683602158,2103959417687626138,2103959417687626138,https://x.com/desconocido/status/2104224504683602158,@desconocido,,False,@EnriquePenalosa Bogotá es un hueco. No saben de dónde más sacar plata,@EnriquePenalosa Bogotá es un hueco. No saben de dónde más sacar plata,70,['@EnriquePenalosa'],@EnriquePenalosa,2026-09-27T14:59:51+00:00,2026,2026-09,Sunday,14,es,0,0,0,3,False,True,1.0,['hueco'],['bogotá'],"(""hueco"" OR ""bache"" OR ""malla vial"") (Bogotá OR Bogota) filter:replies -fiscal lang:es",Scrapfly Search,2026-09-29T15:55:01-05:00,pysentimiento/robertuito-sentiment-analysis,NEG,NEGATIVO,0.9416,0.9416,0.0499,0.0084,2026-09-29T16:02:20-05:00
comment_00156,comentario,2104113538776142052,2103920503341580542,2103920503341580542,https://x.com/desconocido/status/2104113538776142052,@desconocido,,False,@lopezjosedaniel Por eso bogota es un hueco,@lopezjosedaniel Por eso bogota es un hueco,43,['@lopezjosedaniel'],@lopezjosedaniel,2026-09-27T07:38:54+00:00,2026,2026-09,Sunday,7,es,0,0,0,26,False,True,1.0,['hueco'],['bogota'],"(""hueco"" OR ""bache"" OR ""malla vial"") (Bogotá OR Bogota) filter:replies -fiscal lang:es",Scrapfly Search,2026-09-29T15:55:01-05:00,pysentimiento/robertuito-sentiment-analysis,NEG,NEGATIVO,0.8401,0.8401,0.1406,0.0193,2026-09-29T16:02:20-05:00
comment_00157,comentario,2103815175208067346,2103664921607029107,2103664921607029107,https://x.com/desconocido/status/2103815175208067346,@desconocido,,False,@AlexaRochi__ Algo tiene que hacerse con Bogota que hueco tan hp. https://t.co/KF4raTZcTA,@AlexaRochi__ Algo tiene que hacerse con Bogota que hueco tan hp.,65,['@AlexaRochi__'],@AlexaRochi__,2026-09-26T11:53:19+00:00,2026,2026-09,Saturday,11,es,152,2,2,3766,True,True,1.0,['hueco'],['bogota'],"(""hueco"" OR ""bache"" OR ""malla vial"") (Bogotá OR Bogota) filter:replies -fiscal lang:es",Scrapfly Search,2026-09-29T15:55:01-05:00,pysentimiento/robertuito-sentiment-analysis,NEG,NEGATIVO,0.8793,0.8793,0.0952,0.0255,2026-09-29T16:02:20-05:00
comment_00158,comentario,2103631338729345367,2103297661763764323,2103297661763764323,https://x.com/desconocido/status/2103631338729345367,@desconocido,,False,@JD_Quinteror A punta de robarse a Bogotá pero tapar el hueco de esos robos con impuestos felicitaciones concejal,@JD_Quinteror A punta de robarse a Bogotá pero tapar el hueco de esos robos con impuestos felicitaciones concejal,113,['@JD_Quinteror'],@JD_Quinteror,2026-09-25T23:42:49+00:00,2026,2026-09,Friday,23,es,0,0,0,13,False,True,1.0,['hueco'],['bogotá'],"(""hueco"" OR ""bache"" OR ""malla vial"") (Bogotá OR Bogota) filter:replies -fiscal lang:es",Scrapfly Search,2026-09-29T15:55:01-05:00,pysentimiento/robertuito-sentiment-analysis,NEU,NEUTRO,0.3699,0.3593,0.3699,0.2709,2026-09-29T16:02:20-05:00
comment_00159,comentario,2103503080796921964,2103485752399065372,2103485752399065372,https://x.com/desconocido/status/2103503080796921964,@desconocido,,False,"@SaavedraMDavid Bogotá es un agujero negro que consume presupuesto a través del  popular CVY y la ampliación de contratos por meses y años como pasa con la avenida 68 y cada obra de recuperación de malla vial en los barrios. Trabajos contratados para un mes, terminan en 6 meses por arte de magia","@SaavedraMDavid Bogotá es un agujero negro que consume presupuesto a través del popular CVY y la ampliación de contratos por meses y años como pasa con la avenida 68 y cada obra de recuperación de malla vial en los barrios. Trabajos contratados para un mes, terminan en 6 meses por arte de magia",295,['@SaavedraMDavid'],@SaavedraMDavid,2026-09-25T15:13:10+00:00,2026,2026-09,Friday,15,es,0,0,0,55,False,True,1.4,['malla vial'],"['bogotá', 'avenida']","(""hueco"" OR ""bache"" OR ""malla vial"") (Bogotá OR Bogota) filter:replies -fiscal lang:es",Scrapfly Search,2026-09-29T15:55:01-05:00,pysentimiento/robertuito-sentiment-analysis,NEG,NEGATIVO,0.9048,0.9048,0.0883,0.0069,2026-09-29T16:02:20-05:00
comment_00160,comentario,2103318178487042306,2103280944593666286,2103280944593666286,https://x.com/desconocido/status/2103318178487042306,@desconocido,,False,"@conlacamisetapu Bobo hdp así siempre a sido las salidas del verde y siempre llenamos donde esa hdp o lotes como simore llenamos ese potrero de hueco de Bogotá,  acacatear al galpón hdp que no pudieron ganar el único partido que les dalva el semestre a ustedes jaja 🤣","@conlacamisetapu Bobo hdp así siempre a sido las salidas del verde y siempre llenamos donde esa hdp o lotes como simore llenamos ese potrero de hueco de Bogotá, acacatear al galpón hdp que no pudieron ganar el único partido que les dalva el semestre a ustedes jaja 🤣",266,['@conlacamisetapu'],@conlacamisetapu,2026-09-25T02:58:26+00:00,2026,2026-09,Friday,2,es,0,0,0,48,False,True,1.0,['hueco'],['bogotá'],"(""hueco"" OR ""bache"" OR ""malla vial"") (Bogotá OR Bogota) filter:replies -fiscal lang:es",Scrapfly Search,2026-09-29T15:55:01-05:00,pysentimiento/robertuito-sentiment-analysis,NEG,NEGATIVO,0.9443,0.9443,0.0486,0.0071,2026-09-29T16:02:20-05:00
comment_00161,comentario,2103257201187889599,2103247501792842122,2103124707528892726,https://x.com/desconocido/status/2103257201187889599,@desconocido,,False,"@AngelEroticos @AlfreMondragon Que tiene contra San Antonio al pedirle a este pelafustan que vaya a ese sitio, este tipo se vería bien en el hueco de Medellín o en el bronx acá en Bogotá","@AngelEroticos @AlfreMondragon Que tiene contra San Antonio al pedirle a este pelafustan que vaya a ese sitio, este tipo se vería bien en el hueco de Medellín o en el bronx acá en Bogotá",186,"['@AngelEroticos', '@AlfreMondragon']",@AngelEroticos,2026-09-24T22:56:08+00:00,2026,2026-09,Thursday,22,es,0,0,0,27,False,True,1.0,['hueco'],['bogotá'],"(""hueco"" OR ""bache"" OR ""malla vial"") (Bogotá OR Bogota) filter:replies -fiscal lang:es",Scrapfly Search,2026-09-29T15:55:01-05:00,pysentimiento/robertuito-sentiment-analysis,NEG,NEGATIVO,0.7618,0.7618,0.2183,0.0199,2026-09-29T16:02:20-05:00
comment_00162,comentario,2103256828138127751,2103248395972284720,2102546511716360459,https://x.com/desconocido/status/2103256828138127751,@desconocido,,False,"@ursusxlx @afelipejimeno Jajajaja el único consuelo que les queda a los izquierdosos y anda paseando por el mundo, les dejó el hueco mientras consigue quien le venda una casa en un sector de riquillos en Bogotá diciendo que es Italiano, definitivamente la izquierda es un hpta chiste.","@ursusxlx @afelipejimeno Jajajaja el único consuelo que les queda a los izquierdosos y anda paseando por el mundo, les dejó el hueco mientras consigue quien le venda una casa en un sector de riquillos en Bogotá diciendo que es Italiano, definitivamente la izquierda es un hpta chiste.",284,"['@ursusxlx', '@afelipejimeno']",@ursusxlx,2026-09-24T22:54:39+00:00,2026,2026-09,Thursday,22,es,0,0,1,13,False,True,1.0,['hueco'],['bogotá'],"(""hueco"" OR ""bache"" OR ""malla vial"") (Bogotá OR Bogota) filter:replies -fiscal lang:es",Scrapfly Search,2026-09-29T15:55:01-05:00,pysentimiento/robertuito-sentiment-analysis,NEG,NEGATIVO,0.9411,0.9411,0.0501,0.0088,2026-09-29T16:02:20-05:00
comment_00163,comentario,2103172271078543599,2103098250072883243,2103098250072883243,https://x.com/desconocido/status/2103172271078543599,@desconocido,,True,@SeguridadBOG @PoliciaBogota @COL_EJERCITO @MigracionCol @MiEspacioesBog @Uaesp @infopresidencia @CarlosFGalan @Bogota @integracionbta @AlcaldiaSantaFe @luciabastidasu Felicitaciones a la secretaria de seguridad  de Bogotá ya era hora de poner orden a ese hueco de perdición,@SeguridadBOG @PoliciaBogota @COL_EJERCITO @MigracionCol @MiEspacioesBog @Uaesp @infopresidencia @CarlosFGalan @Bogota @integracionbta @AlcaldiaSantaFe @luciabastidasu Felicitaciones a la secretaria de seguridad de Bogotá ya era hora de poner orden a ese hueco de perdición,273,"['@SeguridadBOG', '@PoliciaBogota', '@COL_EJERCITO', '@MigracionCol', '@MiEspacioesBog', '@Uaesp', '@infopresidencia', '@CarlosFGalan', '@Bogota', '@integracionbta', '@AlcaldiaSantaFe', '@luciabastidasu']",@SeguridadBOG,2026-09-24T17:18:39+00:00,2026,2026-09,Thursday,17,es,0,0,0,53,False,True,1.8,['hueco'],"['bogotá', 'bogota', 'carlosfgalan']","(""hueco"" OR ""bache"" OR ""malla vial"") (Bogotá OR Bogota) filter:replies -fiscal lang:es",Scrapfly Search,2026-09-29T15:55:01-05:00,pysentimiento/robertuito-sentiment-analysis,POS,POSITIVO,0.482,0.1095,0.4086,0.482,2026-09-29T16:02:20-05:00
comment_00164,comentario,2103138368993341456,2103098250072883243,2103098250072883243,https://x.com/desconocido/status/2103138368993341456,@desconocido,,False,"@SeguridadBOG @PoliciaBogota @COL_EJERCITO @MigracionCol @MiEspacioesBog @Uaesp @infopresidencia @CarlosFGalan @Bogota @integracionbta @AlcaldiaSantaFe @luciabastidasu Esoooo, hay que acabar ese hueco, ahí es un atracadero, usted no puede pasar por la cra 10 entre calle 1 y 6 porque lo roban!!! Y salen corriendo y se meten en esas cuadras entre la cra 10 y la Caracas","@SeguridadBOG @PoliciaBogota @COL_EJERCITO @MigracionCol @MiEspacioesBog @Uaesp @infopresidencia @CarlosFGalan @Bogota @integracionbta @AlcaldiaSantaFe @luciabastidasu Esoooo, hay que acabar ese hueco, ahí es un atracadero, usted no puede pasar por la cra 10 entre calle 1 y 6 porque lo roban!!! Y salen corriendo y se meten en esas cuadras entre la cra 10 y la Caracas",369,"['@SeguridadBOG', '@PoliciaBogota', '@COL_EJERCITO', '@MigracionCol', '@MiEspacioesBog', '@Uaesp', '@infopresidencia', '@CarlosFGalan', '@Bogota', '@integracionbta', '@AlcaldiaSantaFe', '@luciabastidasu']",@SeguridadBOG,2026-09-24T15:03:56+00:00,2026,2026-09,Thursday,15,es,7,0,2,412,False,True,2.6,['hueco'],"['bogota', 'calle', 'cra', 'caracas', 'carlosfgalan']","(""hueco"" OR ""bache"" OR ""malla vial"") (Bogotá OR Bogota) filter:replies -fiscal lang:es",Scrapfly Search,2026-09-29T15:55:01-05:00,pysentimiento/robertuito-sentiment-analysis,NEG,NEGATIVO,0.8392,0.8392,0.1402,0.0206,2026-09-29T16:02:20-05:00
comment_00165,comentario,2102987746985865552,2102738317141811705,2102738317141811705,https://x.com/desconocido/status/2102987746985865552,@desconocido,,False,@manolitosalazar Pues porque Bogotá es y siempre será un hueco lleno de ladrones.,@manolitosalazar Pues porque Bogotá es y siempre será un hueco lleno de ladrones.,81,['@manolitosalazar'],@manolitosalazar,2026-09-24T05:05:25+00:00,2026,2026-09,Thursday,5,es,0,0,0,30,False,True,1.0,['hueco'],['bogotá'],"(""hueco"" OR ""bache"" OR ""malla vial"") (Bogotá OR Bogota) filter:replies -fiscal lang:es",Scrapfly Search,2026-09-29T15:55:01-05:00,pysentimiento/robertuito-sentiment-analysis,NEG,NEGATIVO,0.9041,0.9041,0.08,0.0159,2026-09-29T16:02:20-05:00
comment_00166,comentario,2102982948551287208,2102929020673225212,2102929020673225212,https://x.com/desconocido/status/2102982948551287208,@desconocido,,False,@AJ0TA Cosmopolita dice. Bogotá es un hueco.,@AJ0TA Cosmopolita dice. Bogotá es un hueco.,44,['@AJ0TA'],@AJ0TA,2026-09-24T04:46:21+00:00,2026,2026-09,Thursday,4,es,0,0,0,123,False,True,1.0,['hueco'],['bogotá'],"(""hueco"" OR ""bache"" OR ""malla vial"") (Bogotá OR Bogota) filter:replies -fiscal lang:es",Scrapfly Search,2026-09-29T15:55:01-05:00,pysentimiento/robertuito-sentiment-analysis,NEG,NEGATIVO,0.5721,0.5721,0.385,0.0429,2026-09-29T16:02:20-05:00
comment_00167,comentario,2102602456882634989,2102600860631011731,2102590449340776482,https://x.com/desconocido/status/2102602456882634989,@desconocido,,False,"@nocrisher1 @nocrisher1, para el trayecto Bogotá - Guaduas, no se presentan novedades en la malla vial, por lo cual, puedes transitar con normalidad. Recuerda que la información que brindamos es en tiempo real y está sujeta a cambios. Gracias por comunicarte con el #767.","@nocrisher1 @nocrisher1, para el trayecto Bogotá - Guaduas, no se presentan novedades en la malla vial, por lo cual, puedes transitar con normalidad. Recuerda que la información que brindamos es en tiempo real y está sujeta a cambios. Gracias por comunicarte con el #767.",271,"['@nocrisher1', '@nocrisher1']",@nocrisher1,2026-09-23T03:34:24+00:00,2026,2026-09,Wednesday,3,es,0,0,0,108,False,True,1.0,['malla vial'],['bogotá'],"(""hueco"" OR ""bache"" OR ""malla vial"") (Bogotá OR Bogota) filter:replies -fiscal lang:es",Scrapfly Search,2026-09-29T15:55:01-05:00,pysentimiento/robertuito-sentiment-analysis,NEU,NEUTRO,0.8012,0.0527,0.8012,0.1461,2026-09-29T16:02:20-05:00
comment_00168,comentario,2102457982017843697,2101859291611197666,2101859291611197666,https://x.com/desconocido/status/2102457982017843697,@desconocido,,False,"@patrulleroefra @CarlosCarrilloA Tenemos un hueco en Bogotá, mejor sigue reportando los huecos.","@patrulleroefra @CarlosCarrilloA Tenemos un hueco en Bogotá, mejor sigue reportando los huecos.",95,"['@patrulleroefra', '@CarlosCarrilloA']",@patrulleroefra,2026-09-22T18:00:19+00:00,2026,2026-09,Tuesday,18,es,0,0,0,2,False,True,1.6,"['hueco', 'huecos']",['bogotá'],"(""hueco"" OR ""bache"" OR ""malla vial"") (Bogotá OR Bogota) filter:replies -fiscal lang:es",Scrapfly Search,2026-09-29T15:55:01-05:00,pysentimiento/robertuito-sentiment-analysis,NEG,NEGATIVO,0.5129,0.5129,0.4614,0.0257,2026-09-29T16:02:20-05:00
comment_00169,comentario,2102435044304580775,2102410040569479277,2102410040569479277,https://x.com/desconocido/status/2102435044304580775,@desconocido,,False,@SdrodriguezT Y los que tenemos vehículo matriculado en Bogotá pero que están en otra ciudad y siempre se pagan impuestos acá sin usar esa malla vial que?,@SdrodriguezT Y los que tenemos vehículo matriculado en Bogotá pero que están en otra ciudad y siempre se pagan impuestos acá sin usar esa malla vial que?,154,['@SdrodriguezT'],@SdrodriguezT,2026-09-22T16:29:10+00:00,2026,2026-09,Tuesday,16,es,1,1,2,315,False,True,1.0,['malla vial'],['bogotá'],"(""hueco"" OR ""bache"" OR ""malla vial"") (Bogotá OR Bogota) filter:replies -fiscal lang:es",Scrapfly Search,2026-09-29T15:55:01-05:00,pysentimiento/robertuito-sentiment-analysis,NEG,NEGATIVO,0.6459,0.6459,0.3399,0.0142,2026-09-29T16:02:20-05:00
comment_00170,comentario,2102362948714864799,2102164854316445890,2102164854316445890,https://x.com/desconocido/status/2102362948714864799,@desconocido,,False,"@clarasandoval @CarlosFGalan A ver si hacen algo por la seguridad, no solo cemento señores peñalosistas, y acaben un obra y ahí si empiecen otra, dejen de estar legalizando tanta plata,que tienen a Bogotá hecha un hueco.","@clarasandoval @CarlosFGalan A ver si hacen algo por la seguridad, no solo cemento señores peñalosistas, y acaben un obra y ahí si empiecen otra, dejen de estar legalizando tanta plata,que tienen a Bogotá hecha un hueco.",220,"['@clarasandoval', '@CarlosFGalan']",@clarasandoval,2026-09-22T11:42:41+00:00,2026,2026-09,Tuesday,11,es,0,0,0,13,False,True,1.4,['hueco'],"['bogotá', 'carlosfgalan']","(""hueco"" OR ""bache"" OR ""malla vial"") (Bogotá OR Bogota) filter:replies -fiscal lang:es",Scrapfly Search,2026-09-29T15:55:01-05:00,pysentimiento/robertuito-sentiment-analysis,NEG,NEGATIVO,0.9006,0.9006,0.0819,0.0175,2026-09-29T16:02:20-05:00
comment_00171,comentario,2104976917698899975,2104380665982574893,2104380665982574893,https://x.com/desconocido/status/2104976917698899975,@desconocido,,False,@CarlosFGalan Excelente labor recuperar el espacio público poner casetas y locales en puente vehicular y puente peatonal y en los andenes las casetas del distrito también y baños públicos a un costo que pueda la persona cubrir gracias,@CarlosFGalan Excelente labor recuperar el espacio público poner casetas y locales en puente vehicular y puente peatonal y en los andenes las casetas del distrito también y baños públicos a un costo que pueda la persona cubrir gracias,234,['@CarlosFGalan'],@CarlosFGalan,2026-09-29T16:49:40+00:00,2026,2026-09,Tuesday,16,es,0,0,0,4,False,True,0.4,[],['carlosfgalan'],hilo:2104380665982574893,Scrapfly ThreadDetail,2026-09-29T15:55:01-05:00,pysentimiento/robertuito-sentiment-analysis,POS,POSITIVO,0.7428,0.0198,0.2374,0.7428,2026-09-29T16:02:20-05:00
comment_00172,comentario,2104755427124695475,2104380665982574893,2104380665982574893,https://x.com/desconocido/status/2104755427124695475,@desconocido,,False,"@CarlosFGalan Señor alcalde.Mientras usted y su equipo hacen más vías, hay otras vías que ha sido tomadas por la delincuencia. La carrera décima desde la calle 12 hasta la 27 sur y la primero de mayo desde la décima son ahora cambuches de habitantes de calle y botadero de basura","@CarlosFGalan Señor alcalde.Mientras usted y su equipo hacen más vías, hay otras vías que ha sido tomadas por la delincuencia. La carrera décima desde la calle 12 hasta la 27 sur y la primero de mayo desde la décima son ahora cambuches de habitantes de calle y botadero de basura",279,['@CarlosFGalan'],@CarlosFGalan,2026-09-29T02:09:32+00:00,2026,2026-09,Tuesday,2,es,0,0,0,16,False,True,1.6,[],"['calle', 'carrera', 'sur', 'carlosfgalan']",hilo:2104380665982574893,Scrapfly ThreadDetail,2026-09-29T15:55:01-05:00,pysentimiento/robertuito-sentiment-analysis,NEG,NEGATIVO,0.957,0.957,0.0378,0.0052,2026-09-29T16:02:20-05:00
comment_00173,comentario,2104588142258856388,2104380665982574893,2104380665982574893,https://x.com/desconocido/status/2104588142258856388,@desconocido,,False,"@CarlosFGalan Ya se dieron cuenta que hay varios sitios (vías, y no pocas) en las que instalaron reductores parabólicos y en los que la malla vial ya se rompió en la zona de descenso de los vehículos? A quién le van a cobrar eso? En dónde están los estudios técnicos de esas instalaciones?","@CarlosFGalan Ya se dieron cuenta que hay varios sitios (vías, y no pocas) en las que instalaron reductores parabólicos y en los que la malla vial ya se rompió en la zona de descenso de los vehículos? A quién le van a cobrar eso? En dónde están los estudios técnicos de esas instalaciones?",289,['@CarlosFGalan'],@CarlosFGalan,2026-09-28T15:04:49+00:00,2026,2026-09,Monday,15,es,0,1,0,60,False,True,1.0,['malla vial'],['carlosfgalan'],hilo:2104380665982574893,Scrapfly ThreadDetail,2026-09-29T15:55:01-05:00,pysentimiento/robertuito-sentiment-analysis,NEG,NEGATIVO,0.9492,0.9492,0.0477,0.0031,2026-09-29T16:02:20-05:00
comment_00174,comentario,2104616296986063219,2104380665982574893,2104380665982574893,https://x.com/desconocido/status/2104616296986063219,@desconocido,,False,"@CarlosFGalan Los gobernantes se recuerdan x lo q hicieron y Ud siempre será recordado como el INÚTIL! No hizo un culo, no sirvió p nada, no hizo nada! Salvo clavarnos impuestos, multas, y dejarnos a merced d la inseguridad y la inmovilidad! EL INÚTIL","@CarlosFGalan Los gobernantes se recuerdan x lo q hicieron y Ud siempre será recordado como el INÚTIL! No hizo un culo, no sirvió p nada, no hizo nada! Salvo clavarnos impuestos, multas, y dejarnos a merced d la inseguridad y la inmovilidad! EL INÚTIL",251,['@CarlosFGalan'],@CarlosFGalan,2026-09-28T16:56:41+00:00,2026,2026-09,Monday,16,es,0,0,0,69,False,True,0.4,[],['carlosfgalan'],hilo:2104380665982574893,Scrapfly ThreadDetail,2026-09-29T15:55:01-05:00,pysentimiento/robertuito-sentiment-analysis,NEG,NEGATIVO,0.964,0.964,0.0292,0.0068,2026-09-29T16:02:20-05:00
comment_00175,comentario,2104645038785573269,2104380665982574893,2104380665982574893,https://x.com/desconocido/status/2104645038785573269,@desconocido,,False,"@CarlosFGalan MEDIOCRE. Andenes invadidos, negocios cayendo en sus ventas, trasmilenio quebrado, trasporte ilegal por todos lados, inseguridad disparada, cuentas en rojo, motos haciendo lo qué se les da la gana .... https://t.co/mZO0lrm5Gh","@CarlosFGalan MEDIOCRE. Andenes invadidos, negocios cayendo en sus ventas, trasmilenio quebrado, trasporte ilegal por todos lados, inseguridad disparada, cuentas en rojo, motos haciendo lo qué se les da la gana ....",215,['@CarlosFGalan'],@CarlosFGalan,2026-09-28T18:50:54+00:00,2026,2026-09,Monday,18,es,0,0,0,36,True,True,0.4,[],['carlosfgalan'],hilo:2104380665982574893,Scrapfly ThreadDetail,2026-09-29T15:55:01-05:00,pysentimiento/robertuito-sentiment-analysis,NEG,NEGATIVO,0.9773,0.9773,0.0181,0.0046,2026-09-29T16:02:20-05:00
comment_00176,comentario,2104923731365883944,2104380665982574893,2104380665982574893,https://x.com/desconocido/status/2104923731365883944,@desconocido,,False,"@CarlosFGalan Guevon y un paso atrás en seguridad, @SeguridadBOG roban en Usaquen y no pasa nada y no dice nada, le quedó grande su lema de seguridad, le pudo , perversa su gestión, apréndale a @ABDELAESPRIELLA que si está cumpliendo y trabaja 🫡🫡","@CarlosFGalan Guevon y un paso atrás en seguridad, @SeguridadBOG roban en Usaquen y no pasa nada y no dice nada, le quedó grande su lema de seguridad, le pudo , perversa su gestión, apréndale a @ABDELAESPRIELLA que si está cumpliendo y trabaja 🫡🫡",246,"['@CarlosFGalan', '@SeguridadBOG', '@ABDELAESPRIELLA']",@CarlosFGalan,2026-09-29T13:18:19+00:00,2026,2026-09,Tuesday,13,es,0,0,0,19,False,True,0.8,[],"['usaquen', 'carlosfgalan']",hilo:2104380665982574893,Scrapfly ThreadDetail,2026-09-29T15:55:01-05:00,pysentimiento/robertuito-sentiment-analysis,NEG,NEGATIVO,0.97,0.97,0.0244,0.0057,2026-09-29T16:02:20-05:00
comment_00177,comentario,2104391500704428315,2104380665982574893,2104380665982574893,https://x.com/desconocido/status/2104391500704428315,@desconocido,,False,@CarlosFGalan En Barrios unidos todo el siete de agosto esta. Totalmente destruida su malla Vial en J Vargas  en San Fernando en Metropolis en Rionegro y modelo entre otros,@CarlosFGalan En Barrios unidos todo el siete de agosto esta. Totalmente destruida su malla Vial en J Vargas en San Fernando en Metropolis en Rionegro y modelo entre otros,171,['@CarlosFGalan'],@CarlosFGalan,2026-09-28T02:03:26+00:00,2026,2026-09,Monday,2,es,0,0,0,82,False,True,1.6,"['malla vial', 'destruida']",['carlosfgalan'],hilo:2104380665982574893,Scrapfly ThreadDetail,2026-09-29T15:55:01-05:00,pysentimiento/robertuito-sentiment-analysis,NEG,NEGATIVO,0.9165,0.9165,0.0763,0.0072,2026-09-29T16:02:20-05:00
comment_00178,comentario,2104657898895032417,2104380665982574893,2104380665982574893,https://x.com/desconocido/status/2104657898895032417,@desconocido,,False,"@CarlosFGalan Alcalde ya las ambulancias hacen d estación y usted soli
https://t.co/oFQuxG0MEY persiguiendo motos",@CarlosFGalan Alcalde ya las ambulancias hacen d estación y usted soli persiguiendo motos,89,['@CarlosFGalan'],@CarlosFGalan,2026-09-28T19:42:00+00:00,2026,2026-09,Monday,19,es,0,0,0,19,False,True,0.4,[],['carlosfgalan'],hilo:2104380665982574893,Scrapfly ThreadDetail,2026-09-29T15:55:01-05:00,pysentimiento/robertuito-sentiment-analysis,NEG,NEGATIVO,0.9177,0.9177,0.0752,0.007,2026-09-29T16:02:20-05:00
comment_00179,comentario,2104560640291467269,2104380665982574893,2104380665982574893,https://x.com/desconocido/status/2104560640291467269,@desconocido,,False,@CarlosFGalan Y a Enel también lo va a recuperar?  No sea tan hp servil lacayo. Eso no se hace con el pueblo .. https://t.co/XTurvJl7jQ,@CarlosFGalan Y a Enel también lo va a recuperar? No sea tan hp servil lacayo. Eso no se hace con el pueblo ..,110,['@CarlosFGalan'],@CarlosFGalan,2026-09-28T13:15:32+00:00,2026,2026-09,Monday,13,es,1,1,0,52,True,True,0.4,[],['carlosfgalan'],hilo:2104380665982574893,Scrapfly ThreadDetail,2026-09-29T15:55:01-05:00,pysentimiento/robertuito-sentiment-analysis,NEG,NEGATIVO,0.8401,0.8401,0.1425,0.0175,2026-09-29T16:02:20-05:00
comment_00180,comentario,2104395771877748924,2104380665982574893,2104380665982574893,https://x.com/desconocido/status/2104395771877748924,@desconocido,,False,"@CarlosFGalan Por favor alcalde lo invito a conocer el barrio Spring, después de una obra del acueducto quedó en pésimas condiciones las calles. Gracias","@CarlosFGalan Por favor alcalde lo invito a conocer el barrio Spring, después de una obra del acueducto quedó en pésimas condiciones las calles. Gracias",152,['@CarlosFGalan'],@CarlosFGalan,2026-09-28T02:20:24+00:00,2026,2026-09,Monday,2,es,0,0,0,63,False,True,0.8,[],"['barrio', 'carlosfgalan']",hilo:2104380665982574893,Scrapfly ThreadDetail,2026-09-29T15:55:01-05:00,pysentimiento/robertuito-sentiment-analysis,NEG,NEGATIVO,0.9219,0.9219,0.0688,0.0093,2026-09-29T16:02:20-05:00
comment_00181,comentario,2104608817224814869,2104380665982574893,2104380665982574893,https://x.com/desconocido/status/2104608817224814869,@desconocido,,False,@CarlosFGalan Están arreglando calles que están en buen estado solo para mejorar su imagen y popularidad. Entendiendo una calle en buen estado no genera costo o esfuerzo mayor. Como la Kr 50 entre Américas y 53. Su alcaldía es corrupta y deshonesta ¿ese es el honor que quería darle a su padre?,@CarlosFGalan Están arreglando calles que están en buen estado solo para mejorar su imagen y popularidad. Entendiendo una calle en buen estado no genera costo o esfuerzo mayor. Como la Kr 50 entre Américas y 53. Su alcaldía es corrupta y deshonesta ¿ese es el honor que quería darle a su padre?,294,['@CarlosFGalan'],@CarlosFGalan,2026-09-28T16:26:58+00:00,2026,2026-09,Monday,16,es,0,0,0,36,False,True,1.2,[],"['calle', 'kr', 'carlosfgalan']",hilo:2104380665982574893,Scrapfly ThreadDetail,2026-09-29T15:55:01-05:00,pysentimiento/robertuito-sentiment-analysis,NEG,NEGATIVO,0.9638,0.9638,0.0291,0.0071,2026-09-29T16:02:20-05:00
comment_00182,comentario,2104616020904157550,2104380665982574893,2104380665982574893,https://x.com/desconocido/status/2104616020904157550,@desconocido,,False,"@CarlosFGalan Que sacamos con recuperar vías si no se pueden utilizar 
ROBOS ATRACOS 
RECICLADORES CON MACHETES 
MENORES ARMADOS CON PISTOLAS JIBAROS VICIOSOS HABITANTES DE CALLE POR DOQUIER 
ASI NO ES",@CarlosFGalan Que sacamos con recuperar vías si no se pueden utilizar ROBOS ATRACOS RECICLADORES CON MACHETES MENORES ARMADOS CON PISTOLAS JIBAROS VICIOSOS HABITANTES DE CALLE POR DOQUIER ASI NO ES,197,['@CarlosFGalan'],@CarlosFGalan,2026-09-28T16:55:35+00:00,2026,2026-09,Monday,16,es,3,1,0,66,False,True,0.8,[],"['calle', 'carlosfgalan']",hilo:2104380665982574893,Scrapfly ThreadDetail,2026-09-29T15:55:01-05:00,pysentimiento/robertuito-sentiment-analysis,NEG,NEGATIVO,0.9334,0.9334,0.0581,0.0085,2026-09-29T16:02:20-05:00
comment_00183,comentario,2104585188449694153,2104380665982574893,2104380665982574893,https://x.com/desconocido/status/2104585188449694153,@desconocido,,False,"@CarlosFGalan Tenemos un alcalde que no sirve para nada @CarlosFGalan 
https://t.co/6HGXwh7gND",@CarlosFGalan Tenemos un alcalde que no sirve para nada @CarlosFGalan,69,"['@CarlosFGalan', '@CarlosFGalan']",@CarlosFGalan,2026-09-28T14:53:04+00:00,2026,2026-09,Monday,14,es,1,0,0,43,False,True,0.4,[],['carlosfgalan'],hilo:2104380665982574893,Scrapfly ThreadDetail,2026-09-29T15:55:01-05:00,pysentimiento/robertuito-sentiment-analysis,NEG,NEGATIVO,0.9758,0.9758,0.0192,0.0051,2026-09-29T16:02:20-05:00
comment_00184,comentario,2104643850262495252,2104380665982574893,2104380665982574893,https://x.com/desconocido/status/2104643850262495252,@desconocido,,False,@CarlosFGalan Recuperar ? Recuperar para quien. En bogota no hay alcalde https://t.co/rzwU0MPrTA,@CarlosFGalan Recuperar ? Recuperar para quien. En bogota no hay alcalde,72,['@CarlosFGalan'],@CarlosFGalan,2026-09-28T18:46:10+00:00,2026,2026-09,Monday,18,es,0,0,0,23,True,True,0.8,[],"['bogota', 'carlosfgalan']",hilo:2104380665982574893,Scrapfly ThreadDetail,2026-09-29T15:55:01-05:00,pysentimiento/robertuito-sentiment-analysis,NEG,NEGATIVO,0.7155,0.7155,0.2605,0.024,2026-09-29T16:02:20-05:00
comment_00185,comentario,2104728910436917451,2104380665982574893,2104380665982574893,https://x.com/desconocido/status/2104728910436917451,@desconocido,,False,"@CarlosFGalan Oiga alcalde, si está reparchando esas vías, QUE ESTA PASANDO CON LAS VIAS DE TRANSMILENIO, COMO EN LA AUTOPISTA NORTE QUE LLEVAN MAS DE 2 AÑOS Y MEDIO, Y NO REPARCHEAN LAS TRONCALES QUE ESTÁN DAÑANDO LOS BUSES Y PEEJUDICANDO A MILLONES DE USUARIOS AL DIA?????","@CarlosFGalan Oiga alcalde, si está reparchando esas vías, QUE ESTA PASANDO CON LAS VIAS DE TRANSMILENIO, COMO EN LA AUTOPISTA NORTE QUE LLEVAN MAS DE 2 AÑOS Y MEDIO, Y NO REPARCHEAN LAS TRONCALES QUE ESTÁN DAÑANDO LOS BUSES Y PEEJUDICANDO A MILLONES DE USUARIOS AL DIA?????",274,['@CarlosFGalan'],@CarlosFGalan,2026-09-29T00:24:10+00:00,2026,2026-09,Tuesday,0,es,1,0,0,53,False,True,1.2,[],"['autopista', 'norte', 'carlosfgalan']",hilo:2104380665982574893,Scrapfly ThreadDetail,2026-09-29T15:55:01-05:00,pysentimiento/robertuito-sentiment-analysis,NEG,NEGATIVO,0.937,0.937,0.0562,0.0068,2026-09-29T16:02:20-05:00
comment_00186,comentario,2104383814986289592,2104380665982574893,2104380665982574893,https://x.com/desconocido/status/2104383814986289592,@desconocido,,False,"@CarlosFGalan Usme. Ciudad Bolívar, Rafael Uribe,más localidades necesitan inversiones","@CarlosFGalan Usme. Ciudad Bolívar, Rafael Uribe,más localidades necesitan inversiones",86,['@CarlosFGalan'],@CarlosFGalan,2026-09-28T01:32:53+00:00,2026,2026-09,Monday,1,es,0,0,0,128,False,True,0.8,[],"['usme', 'carlosfgalan']",hilo:2104380665982574893,Scrapfly ThreadDetail,2026-09-29T15:55:01-05:00,pysentimiento/robertuito-sentiment-analysis,NEU,NEUTRO,0.82,0.0617,0.82,0.1183,2026-09-29T16:02:20-05:00
comment_00187,comentario,2104385914650931241,2104380665982574893,2104380665982574893,https://x.com/desconocido/status/2104385914650931241,@desconocido,,False,"@CarlosFGalan @luciabastidasu Alcalde, péguese una ida a Hayuelos y recupere la malla vial y quite la absurda colocada de estoperoles y reducciones de carriles que ahora impiden la movilidad, ahora las motos parirán allí y le habilitaron un espacio vial a vendedores ambulantes…. Vaya, si es tan correcto","@CarlosFGalan @luciabastidasu Alcalde, péguese una ida a Hayuelos y recupere la malla vial y quite la absurda colocada de estoperoles y reducciones de carriles que ahora impiden la movilidad, ahora las motos parirán allí y le habilitaron un espacio vial a vendedores ambulantes…. Vaya, si es tan correcto",304,"['@CarlosFGalan', '@luciabastidasu']",@CarlosFGalan,2026-09-28T01:41:14+00:00,2026,2026-09,Monday,1,es,1,1,0,87,False,True,1.0,['malla vial'],['carlosfgalan'],hilo:2104380665982574893,Scrapfly ThreadDetail,2026-09-29T15:55:01-05:00,pysentimiento/robertuito-sentiment-analysis,NEG,NEGATIVO,0.6929,0.6929,0.28,0.0271,2026-09-29T16:02:20-05:00
comment_00188,comentario,2104489439065944114,2104380665982574893,2104380665982574893,https://x.com/desconocido/status/2104489439065944114,@desconocido,,False,"@CarlosFGalan En Barrios Unidos, tenemos una obra frente a CIREC (ROOSVELT), que ya lleva cerca de un semestre, son algo así como 100 metros y eso. Gracias","@CarlosFGalan En Barrios Unidos, tenemos una obra frente a CIREC (ROOSVELT), que ya lleva cerca de un semestre, son algo así como 100 metros y eso. Gracias",155,['@CarlosFGalan'],@CarlosFGalan,2026-09-28T08:32:36+00:00,2026,2026-09,Monday,8,es,0,0,0,91,False,True,0.4,[],['carlosfgalan'],hilo:2104380665982574893,Scrapfly ThreadDetail,2026-09-29T15:55:01-05:00,pysentimiento/robertuito-sentiment-analysis,NEU,NEUTRO,0.6897,0.0221,0.6897,0.2883,2026-09-29T16:02:20-05:00
comment_00189,comentario,2104422107165679985,2104380665982574893,2104380665982574893,https://x.com/desconocido/status/2104422107165679985,@desconocido,,False,"@CarlosFGalan Que buena labor señor maestro de obra cuando salga de la alcaldía ya sabe a qué dedicarse porque lo único buen y para evaluar obras cero seguridad y bueno pero el Metrocable de San Cristóbal chevre y los barrios llenos de viciosos ladrones, así es lo importante @ABDELAESPRIELLA","@CarlosFGalan Que buena labor señor maestro de obra cuando salga de la alcaldía ya sabe a qué dedicarse porque lo único buen y para evaluar obras cero seguridad y bueno pero el Metrocable de San Cristóbal chevre y los barrios llenos de viciosos ladrones, así es lo importante @ABDELAESPRIELLA",292,"['@CarlosFGalan', '@ABDELAESPRIELLA']",@CarlosFGalan,2026-09-28T04:05:03+00:00,2026,2026-09,Monday,4,es,1,0,1,53,False,True,0.8,[],"['san cristóbal', 'carlosfgalan']",hilo:2104380665982574893,Scrapfly ThreadDetail,2026-09-29T15:55:01-05:00,pysentimiento/robertuito-sentiment-analysis,NEG,NEGATIVO,0.7807,0.7807,0.1606,0.0586,2026-09-29T16:02:20-05:00
comment_00192,comentario,2104052399929262488,2103964124187410855,2103964124187410855,https://x.com/desconocido/status/2104052399929262488,@desconocido,,False,"@Danielbricen Estoy de acuerdo Daniel, no tiene sentido que esta ciudad siga sacando mas impuestos pegados al predial, cuando sale uno de la casa unas calles llenas de basura, huecos, mala infraestrctura. Esta ciudad no retribuye en calidad de vida","@Danielbricen Estoy de acuerdo Daniel, no tiene sentido que esta ciudad siga sacando mas impuestos pegados al predial, cuando sale uno de la casa unas calles llenas de basura, huecos, mala infraestrctura. Esta ciudad no retribuye en calidad de vida",248,['@Danielbricen'],@Danielbricen,2026-09-27T03:35:58+00:00,2026,2026-09,Sunday,3,es,1,0,0,517,False,True,0.6,['huecos'],[],hilo:2103964124187410855,Scrapfly ThreadDetail,2026-09-29T15:55:01-05:00,pysentimiento/robertuito-sentiment-analysis,NEG,NEGATIVO,0.9824,0.9824,0.0139,0.0037,2026-09-29T16:02:20-05:00
comment_00197,comentario,2104199897322770597,2103964124187410855,2103964124187410855,https://x.com/desconocido/status/2104199897322770597,@desconocido,,False,"@Danielbricen Así como vamos, la Alcaldía de Bogotá, la van a tomar los PROGRESS ante la inoperancia de @CarlosFGalan y su alcalde a la sombra @EnriquePenalosa.","@Danielbricen Así como vamos, la Alcaldía de Bogotá, la van a tomar los PROGRESS ante la inoperancia de @CarlosFGalan y su alcalde a la sombra @EnriquePenalosa.",160,"['@Danielbricen', '@CarlosFGalan', '@EnriquePenalosa']",@Danielbricen,2026-09-27T13:22:04+00:00,2026,2026-09,Sunday,13,es,0,0,0,93,False,True,0.8,[],"['bogotá', 'carlosfgalan']",hilo:2103964124187410855,Scrapfly ThreadDetail,2026-09-29T15:55:01-05:00,pysentimiento/robertuito-sentiment-analysis,NEG,NEGATIVO,0.9421,0.9421,0.0527,0.0052,2026-09-29T16:02:20-05:00
comment_00198,comentario,2104645232214114506,2103964124187410855,2103964124187410855,https://x.com/desconocido/status/2104645232214114506,@desconocido,,True,"@Danielbricen @CarlosFGalan esta esta preparando la billetera por la alcaldía de @Bogota. 

Ayuda @ABDELAESPRIELLA 🙏..!!!",@Danielbricen @CarlosFGalan esta esta preparando la billetera por la alcaldía de @Bogota. Ayuda @ABDELAESPRIELLA 🙏..!!!,119,"['@Danielbricen', '@CarlosFGalan', '@Bogota', '@ABDELAESPRIELLA']",@Danielbricen,2026-09-28T18:51:40+00:00,2026,2026-09,Monday,18,es,0,0,0,9,False,True,0.8,[],"['bogota', 'carlosfgalan']",hilo:2103964124187410855,Scrapfly ThreadDetail,2026-09-29T15:55:01-05:00,pysentimiento/robertuito-sentiment-analysis,NEU,NEUTRO,0.8315,0.1078,0.8315,0.0608,2026-09-29T16:02:20-05:00
comment_00206,comentario,2104271168614146294,2103964124187410855,2103964124187410855,https://x.com/desconocido/status/2104271168614146294,@desconocido,,False,"@Danielbricen Lo que yo puedo entender es que si el alcalde sigue con esas medidas, va a alimentar la rebelión en la ciudadanía y los va a empujar a elegir un alcalde de izquierda, cosa que sería fatal  analice la cuestión @CarlosFGalan.","@Danielbricen Lo que yo puedo entender es que si el alcalde sigue con esas medidas, va a alimentar la rebelión en la ciudadanía y los va a empujar a elegir un alcalde de izquierda, cosa que sería fatal analice la cuestión @CarlosFGalan.",236,"['@Danielbricen', '@CarlosFGalan']",@Danielbricen,2026-09-27T18:05:16+00:00,2026,2026-09,Sunday,18,es,0,0,0,13,False,True,0.4,[],['carlosfgalan'],hilo:2103964124187410855,Scrapfly ThreadDetail,2026-09-29T15:55:01-05:00,pysentimiento/robertuito-sentiment-analysis,NEG,NEGATIVO,0.928,0.928,0.0673,0.0047,2026-09-29T16:02:20-05:00
comment_00209,comentario,2103986155352150217,2103964124187410855,2103964124187410855,https://x.com/desconocido/status/2103986155352150217,@desconocido,,True,"@Danielbricen Con todo lo que estimo a @EnriquePenalosa hoy le doy la razón a @Danielbricen 

La fácil es clavar más a la gente con impuestos. Pero en la alcaldía de @CarlosFGalan siguen sin hacer obras nuevas y mucho menos entregar las antiguas.",@Danielbricen Con todo lo que estimo a @EnriquePenalosa hoy le doy la razón a @Danielbricen La fácil es clavar más a la gente con impuestos. Pero en la alcaldía de @CarlosFGalan siguen sin hacer obras nuevas y mucho menos entregar las antiguas.,244,"['@Danielbricen', '@EnriquePenalosa', '@Danielbricen', '@CarlosFGalan']",@Danielbricen,2026-09-26T23:12:44+00:00,2026,2026-09,Saturday,23,es,1,0,0,126,False,True,0.4,[],['carlosfgalan'],hilo:2103964124187410855,Scrapfly ThreadDetail,2026-09-29T15:55:01-05:00,pysentimiento/robertuito-sentiment-analysis,NEG,NEGATIVO,0.9064,0.9064,0.08,0.0136,2026-09-29T16:02:20-05:00
comment_00223,comentario,2104309443810705612,2104290170912608395,2104290170912608395,https://x.com/desconocido/status/2104309443810705612,@desconocido,,False,@EnriquePenalosa @Danielbricen $ 40 billones y no le alcanza a @CarlosFGalan !!!  El las elecciones hay que votar en conciencia!!! Será que ya tiene planos de la línea 4 del @MetroBogota ???;;;;,@EnriquePenalosa @Danielbricen $ 40 billones y no le alcanza a @CarlosFGalan !!! El las elecciones hay que votar en conciencia!!! Será que ya tiene planos de la línea 4 del @MetroBogota ???;;;;,193,"['@EnriquePenalosa', '@Danielbricen', '@CarlosFGalan', '@MetroBogota']",@EnriquePenalosa,2026-09-27T20:37:22+00:00,2026,2026-09,Sunday,20,es,0,0,0,24,False,True,0.4,[],['carlosfgalan'],hilo:2104290170912608395,Scrapfly ThreadDetail,2026-09-29T15:55:01-05:00,pysentimiento/robertuito-sentiment-analysis,NEG,NEGATIVO,0.6457,0.6457,0.3327,0.0216,2026-09-29T16:02:20-05:00
comment_00224,comentario,2104306644616388678,2104290170912608395,2104290170912608395,https://x.com/desconocido/status/2104306644616388678,@desconocido,,False,@EnriquePenalosa @Danielbricen Entonces @CarlosFGalan le entrego la secretaria de Gobierno A Peñalosa?,@EnriquePenalosa @Danielbricen Entonces @CarlosFGalan le entrego la secretaria de Gobierno A Peñalosa?,102,"['@EnriquePenalosa', '@Danielbricen', '@CarlosFGalan']",@EnriquePenalosa,2026-09-27T20:26:14+00:00,2026,2026-09,Sunday,20,es,2,1,0,45,False,True,0.4,[],['carlosfgalan'],hilo:2104290170912608395,Scrapfly ThreadDetail,2026-09-29T15:55:01-05:00,pysentimiento/robertuito-sentiment-analysis,NEU,NEUTRO,0.5625,0.4013,0.5625,0.0362,2026-09-29T16:02:20-05:00
